
==== START schedule:sched_stage4_1_ep15_20_20260428_193729 | 立即執行 Stage 4.1 將所有 AI 圖片轉成動畫 | 2026-04-28 19:37:29 ====: immediate launcher pid=35064

==== RUN schedule:sched_stage4_1_ep15_20_20260428_193729 | stage 4.1 | 2026-04-28 19:37:30 ====: episodes=[15, 16, 17, 18, 19, 20] scheduled_at=2026-04-28 19:37
[power] Preventing system sleep: Scheduled stage 4.1 (sched_stage4_1_ep15_20_20260428_193729)
[schedule] starting queued stage run
[schedule] start episode 15 (1/6) stage 4.1
[schedule] launch batch animation command=['C:\\Users\\User\\AppData\\Local\\Programs\\Python\\Python311\\python.exe', '-u', 'C:\\Project\\CAP_2000_Vocab_Project\\scripts\\generate_all_scene_animations.py', '--ep', '15']
===== BATCH ANIMATION START =====
episode=15
episode_folder=C:\Project\CAP_2000_Vocab_Project\workspaces\vocab\Ep15_0241_0250
storyboard_csv=C:\Project\CAP_2000_Vocab_Project\workspaces\vocab\Ep15_0241_0250\03_storyboards\storyboard.csv
ai_scene_count=5

===== BATCH SCENE 1/5 | scene_id=1 =====
STEP A generate animation prompt scene_id=1
Generating safe animation prompt for Scene 1...
prompt_source=model
saved_to=C:\Project\CAP_2000_Vocab_Project\workspaces\vocab\Ep15_0241_0250\03_storyboards\storyboard.csv
A gentle camera slowly zooms in on the vibrant educational podcast studio. John and Mary, with their distinct hairstyles and outfits, maintain friendly smiles, occasionally turning their heads slightly to acknowledge each other. Mary performs a subtle, welcoming hand gesture as John offers a slight nod. Background studio elements exhibit a soft, ambient glow and very subtle, continuous motion, ensuring a calm and inviting atmosphere for the program's opening. The scene maintains its 16:9 aspect ratio and educational wide shot composition.
PROMPT RESULT scene_id=1 status=ok
STEP B generate animation video scene_id=1
STEP 1/4 validate inputs
scene_id=1
image_path=C:\Project\CAP_2000_Vocab_Project\workspaces\vocab\Ep15_0241_0250\04_images\ai_generated\img_0.0.png
output_path=C:\Project\CAP_2000_Vocab_Project\workspaces\vocab\Ep15_0241_0250\04_images\animations\scene_1__v01.mp4
duration_seconds=8
video_model=veo-2.0-generate-001
poll_seconds=10
person_generation=allow_adult
image_mime_type=image/png
image_size_bytes=2198141
prompt_length=544
prompt_preview=A gentle camera slowly zooms in on the vibrant educational podcast studio. John and Mary, with their distinct hairstyles and outfits, maintain friendly smiles, occasionally turning their heads slightly to acknowledge each other. Mary performs a subtle, welcoming hand gesture as John offers a slight nod. Background studio elements exhibit a soft, ambient glow and very subtle, continuous motion, ensuring a calm and inviting atmosphere for the program's opening. The scene maintains its 16:9 aspect 
video_config={
  "http_options": null,
  "number_of_videos": 1,
  "output_gcs_uri": null,
  "fps": null,
  "duration_seconds": 8,
  "seed": null,
  "aspect_ratio": "16:9",
  "resolution": null,
  "person_generation": "allow_adult",
  "pubsub_topic": null,
  "negative_prompt": null,
  "enhance_prompt": null,
  "generate_audio": null,
  "last_frame": null,
  "reference_images": null,
  "mask": null,
  "compression_quality": null,
  "labels": null
}
STEP 2/4 submit image-to-video request
operation_submitted_done=None

===== DEBUG OPERATION [after_submit] =====
operation_type=<class 'google.genai.types.GenerateVideosOperation'>
operation_done=None
operation_name=models/veo-2.0-generate-001/operations/3ei8icqyulxz
operation_id=None
operation_error=None
operation_metadata=null
operation_result_type=<class 'NoneType'>
operation_response_type=<class 'NoneType'>
operation_repr=GenerateVideosOperation(
  name='models/veo-2.0-generate-001/operations/3ei8icqyulxz'
)
STEP 3/4 polling operation poll_count=1 wait_seconds=10
operation_status_done=None
operation_status_error=None
STEP 3/4 polling operation poll_count=2 wait_seconds=10
operation_status_done=None
operation_status_error=None
STEP 3/4 polling operation poll_count=3 wait_seconds=10
operation_status_done=True
operation_status_error=None

===== DEBUG OPERATION [after_polling_done] =====
operation_type=<class 'google.genai.types.GenerateVideosOperation'>
operation_done=True
operation_name=models/veo-2.0-generate-001/operations/3ei8icqyulxz
operation_id=None
operation_error=None
operation_metadata=null
operation_result_type=<class 'google.genai.types.GenerateVideosResponse'>
operation_response_type=<class 'google.genai.types.GenerateVideosResponse'>
operation_repr=GenerateVideosOperation(
  done=True,
  name='models/veo-2.0-generate-001/operations/3ei8icqyulxz',
  response=GenerateVideosResponse(
    generated_videos=[
      GeneratedVideo(
        video=Video(
          uri='https://generativelanguage.googleapis.com/v1beta/files/2z5n36r72xn8:download?alt=media'
        )
      ),
    ]
  ),
  result=GenerateVideosResponse(
    generated_videos=[
      GeneratedVideo(
        video=Video(
          uri='https://generativelanguage.googleapis.com/v1beta/files/2z5n36r72xn8:download?alt=media'
        )
      ),
    ]
  )
)

===== DEBUG RESULT [after_polling_done] =====
result_is_none=False
result_type=<class 'google.genai.types.GenerateVideosResponse'>
result_repr=GenerateVideosResponse(
  generated_videos=[
    GeneratedVideo(
      video=Video(
        uri='https://generativelanguage.googleapis.com/v1beta/files/2z5n36r72xn8:download?alt=media'
      )
    ),
  ]
)
result_json={
  "generated_videos": [
    {
      "video": {
        "uri": "https://generativelanguage.googleapis.com/v1beta/files/2z5n36r72xn8:download?alt=media",
        "video_bytes": null,
        "mime_type": null
      }
    }
  ],
  "rai_media_filtered_count": null,
  "rai_media_filtered_reasons": null
}
result_attrs=['construct', 'copy', 'dict', 'from_orm', 'generated_videos', 'json', 'model_computed_fields', 'model_config', 'model_construct', 'model_copy', 'model_dump', 'model_dump_json', 'model_extra', 'model_fields', 'model_fields_set', 'model_json_schema', 'model_parametrized_name', 'model_post_init', 'model_rebuild', 'model_validate', 'model_validate_json', 'model_validate_strings', 'parse_file', 'parse_obj', 'parse_raw', 'rai_media_filtered_count', 'rai_media_filtered_reasons', 'schema', 'schema_json', 'to_json_dict', 'update_forward_refs', 'validate']
generated_videos_exists=True
generated_videos_len=1
generated_video_0_type=<class 'google.genai.types.GeneratedVideo'>
generated_video_0_repr=GeneratedVideo(
  video=Video(
    uri='https://generativelanguage.googleapis.com/v1beta/files/2z5n36r72xn8:download?alt=media'
  )
)
generated_video_0_json={
  "video": {
    "uri": "https://generativelanguage.googleapis.com/v1beta/files/2z5n36r72xn8:download?alt=media",
    "video_bytes": null,
    "mime_type": null
  }
}
generated_video_0_video=Video(uri=https://generativelanguage.googleapis.com/v1beta/files/2z5n36r72xn8:download?alt=media, video_bytes=None, mime_type=None)
generated_video_0_uri=None
generated_video_0_name=None
STEP 4/4 download generated video

===== DEBUG DOWNLOAD TARGET =====
generated_video_type=<class 'google.genai.types.GeneratedVideo'>
generated_video_repr=GeneratedVideo(
  video=Video(
    uri='https://generativelanguage.googleapis.com/v1beta/files/2z5n36r72xn8:download?alt=media'
  )
)
generated_video_json={
  "video": {
    "uri": "https://generativelanguage.googleapis.com/v1beta/files/2z5n36r72xn8:download?alt=media",
    "video_bytes": null,
    "mime_type": null
  }
}
download_target_type=<class 'google.genai.types.Video'>
download_target_repr=Video(uri=https://generativelanguage.googleapis.com/v1beta/files/2z5n36r72xn8:download?alt=media, video_bytes=None, mime_type=None)
download_target_json={
  "uri": "https://generativelanguage.googleapis.com/v1beta/files/2z5n36r72xn8:download?alt=media",
  "video_bytes": null,
  "mime_type": null
}
raw_output_path=C:\Project\CAP_2000_Vocab_Project\workspaces\vocab\Ep15_0241_0250\04_images\animations\scene_1__v01__raw.mp4
raw_video_size_bytes=1832452
STEP 4.5/4 strip audio track from generated video
DONE animation generated
saved_to=C:\Project\CAP_2000_Vocab_Project\workspaces\vocab\Ep15_0241_0250\04_images\animations\scene_1__v01.mp4
DEFAULT RESULT scene_id=1 status=updated path=C:\Project\CAP_2000_Vocab_Project\workspaces\vocab\Ep15_0241_0250\04_images\animations\scene_1__v01.mp4
SCENE RESULT scene_id=1 status=ok path=C:\Project\CAP_2000_Vocab_Project\workspaces\vocab\Ep15_0241_0250\04_images\animations\scene_1__v01.mp4

===== BATCH SCENE 2/5 | scene_id=3 =====
STEP A generate animation prompt scene_id=3
Generating safe animation prompt for Scene 3...
prompt_source=model
saved_to=C:\Project\CAP_2000_Vocab_Project\workspaces\vocab\Ep15_0241_0250\03_storyboards\storyboard.csv
A cheerful yellow school bus carrying happy cartoon students gently approaches the grand, welcoming school building under a bright morning sky. The bus smoothly comes to a soft stop. Students calmly and amiably disembark, beginning a gentle, unhurried walk towards the inviting school entrance. A subtle, slow camera pan follows their peaceful progression, creating a serene and continuous transition into campus life.
PROMPT RESULT scene_id=3 status=ok
STEP B generate animation video scene_id=3
STEP 1/4 validate inputs
scene_id=3
image_path=C:\Project\CAP_2000_Vocab_Project\workspaces\vocab\Ep15_0241_0250\04_images\ai_generated\img_62.52.png
output_path=C:\Project\CAP_2000_Vocab_Project\workspaces\vocab\Ep15_0241_0250\04_images\animations\scene_3__v01.mp4
duration_seconds=8
video_model=veo-2.0-generate-001
poll_seconds=10
person_generation=allow_adult
image_mime_type=image/png
image_size_bytes=2651984
prompt_length=418
prompt_preview=A cheerful yellow school bus carrying happy cartoon students gently approaches the grand, welcoming school building under a bright morning sky. The bus smoothly comes to a soft stop. Students calmly and amiably disembark, beginning a gentle, unhurried walk towards the inviting school entrance. A subtle, slow camera pan follows their peaceful progression, creating a serene and continuous transition into campus life.
video_config={
  "http_options": null,
  "number_of_videos": 1,
  "output_gcs_uri": null,
  "fps": null,
  "duration_seconds": 8,
  "seed": null,
  "aspect_ratio": "16:9",
  "resolution": null,
  "person_generation": "allow_adult",
  "pubsub_topic": null,
  "negative_prompt": null,
  "enhance_prompt": null,
  "generate_audio": null,
  "last_frame": null,
  "reference_images": null,
  "mask": null,
  "compression_quality": null,
  "labels": null
}
STEP 2/4 submit image-to-video request
operation_submitted_done=None

===== DEBUG OPERATION [after_submit] =====
operation_type=<class 'google.genai.types.GenerateVideosOperation'>
operation_done=None
operation_name=models/veo-2.0-generate-001/operations/sm1s4d63wah8
operation_id=None
operation_error=None
operation_metadata=null
operation_result_type=<class 'NoneType'>
operation_response_type=<class 'NoneType'>
operation_repr=GenerateVideosOperation(
  name='models/veo-2.0-generate-001/operations/sm1s4d63wah8'
)
STEP 3/4 polling operation poll_count=1 wait_seconds=10
operation_status_done=None
operation_status_error=None
STEP 3/4 polling operation poll_count=2 wait_seconds=10
operation_status_done=None
operation_status_error=None
STEP 3/4 polling operation poll_count=3 wait_seconds=10
operation_status_done=True
operation_status_error=None

===== DEBUG OPERATION [after_polling_done] =====
operation_type=<class 'google.genai.types.GenerateVideosOperation'>
operation_done=True
operation_name=models/veo-2.0-generate-001/operations/sm1s4d63wah8
operation_id=None
operation_error=None
operation_metadata=null
operation_result_type=<class 'google.genai.types.GenerateVideosResponse'>
operation_response_type=<class 'google.genai.types.GenerateVideosResponse'>
operation_repr=GenerateVideosOperation(
  done=True,
  name='models/veo-2.0-generate-001/operations/sm1s4d63wah8',
  response=GenerateVideosResponse(
    rai_media_filtered_count=1,
    rai_media_filtered_reasons=[
      "1 videos were filtered out because they violated Gemini API's usage guidelines. You will not be charged for blocked videos. Try rephrasing the prompt. If you think this was an error, send feedback.",
    ]
  ),
  result=GenerateVideosResponse(
    rai_media_filtered_count=1,
    rai_media_filtered_reasons=[
      "1 videos were filtered out because they violated Gemini API's usage guidelines. You will not be charged for blocked videos. Try rephrasing the prompt. If you think this was an error, send feedback.",
    ]
  )
)

===== DEBUG RESULT [after_polling_done] =====
result_is_none=False
result_type=<class 'google.genai.types.GenerateVideosResponse'>
result_repr=GenerateVideosResponse(
  rai_media_filtered_count=1,
  rai_media_filtered_reasons=[
    "1 videos were filtered out because they violated Gemini API's usage guidelines. You will not be charged for blocked videos. Try rephrasing the prompt. If you think this was an error, send feedback.",
  ]
)
result_json={
  "generated_videos": null,
  "rai_media_filtered_count": 1,
  "rai_media_filtered_reasons": [
    "1 videos were filtered out because they violated Gemini API's usage guidelines. You will not be charged for blocked videos. Try rephrasing the prompt. If you think this was an error, send feedback."
  ]
}
result_attrs=['construct', 'copy', 'dict', 'from_orm', 'generated_videos', 'json', 'model_computed_fields', 'model_config', 'model_construct', 'model_copy', 'model_dump', 'model_dump_json', 'model_extra', 'model_fields', 'model_fields_set', 'model_json_schema', 'model_parametrized_name', 'model_post_init', 'model_rebuild', 'model_validate', 'model_validate_json', 'model_validate_strings', 'parse_file', 'parse_obj', 'parse_raw', 'rai_media_filtered_count', 'rai_media_filtered_reasons', 'schema', 'schema_json', 'to_json_dict', 'update_forward_refs', 'validate']
generated_videos_exists=False
WARN safe_prompt_retry scene_id=3 reason=policy_filtered
retry_animation_prompt=A calm educational animation of [0:01:02.520000-->0:01:05.560000] JMڭ̲{bfWFoZȺ, | [0:01:05.960000-->0:01:09.400000] ѴN۳o먮@_iնͬC | [0:01:09.820000-->0:01:10.160000] S, | [0:01:10.500000-->0:01:13.600000] Ӭݬݤѷ|J쪺QӮ֤߳rC | [0:01:13.780000-->0:01:15.960000] ]ڭ̤Uժf., with subtle breathing, gentle head turns, small hand gestures, soft infographic motion, and slow camera drift. Keep the original subjects, layout, props, and colors unchanged. Maintain friendly expressions, soft studio lighting, light background parallax, and smooth Pixar-like continuity throughout.
STEP 2/4 submit image-to-video request
operation_submitted_done=None

===== DEBUG OPERATION [after_submit] =====
operation_type=<class 'google.genai.types.GenerateVideosOperation'>
operation_done=None
operation_name=models/veo-2.0-generate-001/operations/w8e2jih77rgc
operation_id=None
operation_error=None
operation_metadata=null
operation_result_type=<class 'NoneType'>
operation_response_type=<class 'NoneType'>
operation_repr=GenerateVideosOperation(
  name='models/veo-2.0-generate-001/operations/w8e2jih77rgc'
)
STEP 3/4 polling operation poll_count=1 wait_seconds=10
operation_status_done=None
operation_status_error=None
STEP 3/4 polling operation poll_count=2 wait_seconds=10
operation_status_done=None
operation_status_error=None
STEP 3/4 polling operation poll_count=3 wait_seconds=10
operation_status_done=None
operation_status_error=None
STEP 3/4 polling operation poll_count=4 wait_seconds=10
operation_status_done=True
operation_status_error=None

===== DEBUG OPERATION [after_polling_done] =====
operation_type=<class 'google.genai.types.GenerateVideosOperation'>
operation_done=True
operation_name=models/veo-2.0-generate-001/operations/w8e2jih77rgc
operation_id=None
operation_error=None
operation_metadata=null
operation_result_type=<class 'google.genai.types.GenerateVideosResponse'>
operation_response_type=<class 'google.genai.types.GenerateVideosResponse'>
operation_repr=GenerateVideosOperation(
  done=True,
  name='models/veo-2.0-generate-001/operations/w8e2jih77rgc',
  response=GenerateVideosResponse(
    rai_media_filtered_count=1,
    rai_media_filtered_reasons=[
      "1 videos were filtered out because they violated Gemini API's usage guidelines. You will not be charged for blocked videos. Try rephrasing the prompt. If you think this was an error, send feedback.",
    ]
  ),
  result=GenerateVideosResponse(
    rai_media_filtered_count=1,
    rai_media_filtered_reasons=[
      "1 videos were filtered out because they violated Gemini API's usage guidelines. You will not be charged for blocked videos. Try rephrasing the prompt. If you think this was an error, send feedback.",
    ]
  )
)

===== DEBUG RESULT [after_polling_done] =====
result_is_none=False
result_type=<class 'google.genai.types.GenerateVideosResponse'>
result_repr=GenerateVideosResponse(
  rai_media_filtered_count=1,
  rai_media_filtered_reasons=[
    "1 videos were filtered out because they violated Gemini API's usage guidelines. You will not be charged for blocked videos. Try rephrasing the prompt. If you think this was an error, send feedback.",
  ]
)
result_json={
  "generated_videos": null,
  "rai_media_filtered_count": 1,
  "rai_media_filtered_reasons": [
    "1 videos were filtered out because they violated Gemini API's usage guidelines. You will not be charged for blocked videos. Try rephrasing the prompt. If you think this was an error, send feedback."
  ]
}
result_attrs=['construct', 'copy', 'dict', 'from_orm', 'generated_videos', 'json', 'model_computed_fields', 'model_config', 'model_construct', 'model_copy', 'model_dump', 'model_dump_json', 'model_extra', 'model_fields', 'model_fields_set', 'model_json_schema', 'model_parametrized_name', 'model_post_init', 'model_rebuild', 'model_validate', 'model_validate_json', 'model_validate_strings', 'parse_file', 'parse_obj', 'parse_raw', 'rai_media_filtered_count', 'rai_media_filtered_reasons', 'schema', 'schema_json', 'to_json_dict', 'update_forward_refs', 'validate']
generated_videos_exists=False
SCENE RESULT scene_id=3 status=error error=ʵeͦ@~wAXvQAȺݤef/ϥάFLoA]S^iUvC
ĳBz覡G
1. sg animation promptAקKMIBˡBĬΨLiĲoFyz
2. CHjסA令󤤩ʡBоǦBũMʧ@
3. Yo scene @QסAOdRAϤAϥΰʵe
filtered_count=1
filtered_reasons=
1 videos were filtered out because they violated Gemini API's usage guidelines. You will not be charged for blocked videos. Try rephrasing the prompt. If you think this was an error, send feedback.
Traceback (most recent call last):
  File "C:\Project\CAP_2000_Vocab_Project\scripts\generate_all_scene_animations.py", line 170, in run_batch_animation_for_episode
    output_path = generate_scene_animation(ep_num, scene_id)
                  ^^^^^^^^^^^^^^^^^^^^^^^^^^^^^^^^^^^^^^^^^^
  File "C:\Project\CAP_2000_Vocab_Project\scripts\generate_scene_animation.py", line 503, in generate_scene_animation
    raise SceneAnimationError(format_result_policy_filtered(result))
generate_scene_animation.SceneAnimationError: ʵeͦ@~wAXvQAȺݤef/ϥάFLoA]S^iUvC
ĳBz覡G
1. sg animation promptAקKMIBˡBĬΨLiĲoFyz
2. CHjסA令󤤩ʡBоǦBũMʧ@
3. Yo scene @QסAOdRAϤAϥΰʵe
filtered_count=1
filtered_reasons=
1 videos were filtered out because they violated Gemini API's usage guidelines. You will not be charged for blocked videos. Try rephrasing the prompt. If you think this was an error, send feedback.

===== BATCH SCENE 3/5 | scene_id=5 =====
STEP A generate animation prompt scene_id=5
Generating safe animation prompt for Scene 5...
prompt_source=model
saved_to=C:\Project\CAP_2000_Vocab_Project\workspaces\vocab\Ep15_0241_0250\03_storyboards\storyboard.csv
Cute 3D cartoon style, Pixar-like characters John and Mary gently walk forward through the bustling school hallway, a subtle camera push following their calm progression. They look towards the inviting cafeteria entrance at the hall's end. Other students move softly in the background, maintaining a serene educational ambiance. John subtly shifts his gaze with pleasant anticipation, while Mary offers a gentle, reassuring smile, continuing their unhurried journey.
PROMPT RESULT scene_id=5 status=ok
STEP B generate animation video scene_id=5
STEP 1/4 validate inputs
scene_id=5
image_path=C:\Project\CAP_2000_Vocab_Project\workspaces\vocab\Ep15_0241_0250\04_images\ai_generated\img_100.92.png
output_path=C:\Project\CAP_2000_Vocab_Project\workspaces\vocab\Ep15_0241_0250\04_images\animations\scene_5__v01.mp4
duration_seconds=7
video_model=veo-2.0-generate-001
poll_seconds=10
person_generation=allow_adult
image_mime_type=image/png
image_size_bytes=2306882
prompt_length=466
prompt_preview=Cute 3D cartoon style, Pixar-like characters John and Mary gently walk forward through the bustling school hallway, a subtle camera push following their calm progression. They look towards the inviting cafeteria entrance at the hall's end. Other students move softly in the background, maintaining a serene educational ambiance. John subtly shifts his gaze with pleasant anticipation, while Mary offers a gentle, reassuring smile, continuing their unhurried journey.
video_config={
  "http_options": null,
  "number_of_videos": 1,
  "output_gcs_uri": null,
  "fps": null,
  "duration_seconds": 7,
  "seed": null,
  "aspect_ratio": "16:9",
  "resolution": null,
  "person_generation": "allow_adult",
  "pubsub_topic": null,
  "negative_prompt": null,
  "enhance_prompt": null,
  "generate_audio": null,
  "last_frame": null,
  "reference_images": null,
  "mask": null,
  "compression_quality": null,
  "labels": null
}
STEP 2/4 submit image-to-video request
operation_submitted_done=None

===== DEBUG OPERATION [after_submit] =====
operation_type=<class 'google.genai.types.GenerateVideosOperation'>
operation_done=None
operation_name=models/veo-2.0-generate-001/operations/93soca5np1x4
operation_id=None
operation_error=None
operation_metadata=null
operation_result_type=<class 'NoneType'>
operation_response_type=<class 'NoneType'>
operation_repr=GenerateVideosOperation(
  name='models/veo-2.0-generate-001/operations/93soca5np1x4'
)
STEP 3/4 polling operation poll_count=1 wait_seconds=10
operation_status_done=True
operation_status_error={'code': 3, 'message': "The prompt could not be submitted. This prompt contains sensitive words that violate Google's Responsible AI practices. Try rephrasing your prompt, or contact your Google representative to request allowlisting."}

===== DEBUG OPERATION [after_polling_done] =====
operation_type=<class 'google.genai.types.GenerateVideosOperation'>
operation_done=True
operation_name=models/veo-2.0-generate-001/operations/93soca5np1x4
operation_id=None
operation_error={'code': 3, 'message': "The prompt could not be submitted. This prompt contains sensitive words that violate Google's Responsible AI practices. Try rephrasing your prompt, or contact your Google representative to request allowlisting."}
operation_metadata=null
operation_result_type=<class 'NoneType'>
operation_response_type=<class 'NoneType'>
operation_repr=GenerateVideosOperation(
  done=True,
  error={
    'code': 3,
    'message': "The prompt could not be submitted. This prompt contains sensitive words that violate Google's Responsible AI practices. Try rephrasing your prompt, or contact your Google representative to request allowlisting."
  },
  name='models/veo-2.0-generate-001/operations/93soca5np1x4'
)

===== DEBUG RESULT [after_polling_done] =====
result_is_none=True
result_type=<class 'NoneType'>
WARN safe_prompt_retry scene_id=5 reason=operation_error
retry_animation_prompt=A calm educational animation of [0:01:40.920000-->0:01:43.100000] b䵥P, | [0:01:43.200000-->0:01:45.220000] {lMBPBPsF, | [0:01:45.520000-->0:01:46.580000] ӬOnhYC | [0:01:47.200000-->0:01:48.300000] ӬݲĤGӥylC, with subtle breathing, gentle head turns, small hand gestures, soft infographic motion, and slow camera drift. Keep the original subjects, layout, props, and colors unchanged. Maintain friendly expressions, soft studio lighting, light background parallax, and smooth Pixar-like continuity throughout.
STEP 2/4 submit image-to-video request
operation_submitted_done=None

===== DEBUG OPERATION [after_submit] =====
operation_type=<class 'google.genai.types.GenerateVideosOperation'>
operation_done=None
operation_name=models/veo-2.0-generate-001/operations/ys7223oe9ove
operation_id=None
operation_error=None
operation_metadata=null
operation_result_type=<class 'NoneType'>
operation_response_type=<class 'NoneType'>
operation_repr=GenerateVideosOperation(
  name='models/veo-2.0-generate-001/operations/ys7223oe9ove'
)
STEP 3/4 polling operation poll_count=1 wait_seconds=10
operation_status_done=True
operation_status_error={'code': 3, 'message': "The prompt could not be submitted. This prompt contains sensitive words that violate Google's Responsible AI practices. Try rephrasing your prompt, or contact your Google representative to request allowlisting."}

===== DEBUG OPERATION [after_polling_done] =====
operation_type=<class 'google.genai.types.GenerateVideosOperation'>
operation_done=True
operation_name=models/veo-2.0-generate-001/operations/ys7223oe9ove
operation_id=None
operation_error={'code': 3, 'message': "The prompt could not be submitted. This prompt contains sensitive words that violate Google's Responsible AI practices. Try rephrasing your prompt, or contact your Google representative to request allowlisting."}
operation_metadata=null
operation_result_type=<class 'NoneType'>
operation_response_type=<class 'NoneType'>
operation_repr=GenerateVideosOperation(
  done=True,
  error={
    'code': 3,
    'message': "The prompt could not be submitted. This prompt contains sensitive words that violate Google's Responsible AI practices. Try rephrasing your prompt, or contact your Google representative to request allowlisting."
  },
  name='models/veo-2.0-generate-001/operations/ys7223oe9ove'
)

===== DEBUG RESULT [after_polling_done] =====
result_is_none=True
result_type=<class 'NoneType'>
SCENE RESULT scene_id=5 status=error error=ʵeͦ@~wAAȺݦ^~C
operation_error={'code': 3, 'message': "The prompt could not be submitted. This prompt contains sensitive words that violate Google's Responsible AI practices. Try rephrasing your prompt, or contact your Google representative to request allowlisting."}
metadata=null
Traceback (most recent call last):
  File "C:\Project\CAP_2000_Vocab_Project\scripts\generate_all_scene_animations.py", line 170, in run_batch_animation_for_episode
    output_path = generate_scene_animation(ep_num, scene_id)
                  ^^^^^^^^^^^^^^^^^^^^^^^^^^^^^^^^^^^^^^^^^^
  File "C:\Project\CAP_2000_Vocab_Project\scripts\generate_scene_animation.py", line 482, in generate_scene_animation
    raise SceneAnimationError(format_operation_failure(operation, operation_error))
generate_scene_animation.SceneAnimationError: ʵeͦ@~wAAȺݦ^~C
operation_error={'code': 3, 'message': "The prompt could not be submitted. This prompt contains sensitive words that violate Google's Responsible AI practices. Try rephrasing your prompt, or contact your Google representative to request allowlisting."}
metadata=null

===== BATCH SCENE 4/5 | scene_id=15 =====
STEP A generate animation prompt scene_id=15
Generating safe animation prompt for Scene 15...
prompt_source=model
saved_to=C:\Project\CAP_2000_Vocab_Project\workspaces\vocab\Ep15_0241_0250\03_storyboards\storyboard.csv
A gentle educational atmosphere unfolds as John and Mary subtly shift their weight, exchanging soft, encouraging smiles. Mary gestures calmly towards the large interactive whiteboard, where the colorful grid of vocabulary words glows faintly, ready for interactive review. John nods thoughtfully in agreement. The camera subtly pushes in on the whiteboard, slowly emphasizing the content and maintaining a peaceful, inviting educational flow for the next segment.
PROMPT RESULT scene_id=15 status=ok
STEP B generate animation video scene_id=15
STEP 1/4 validate inputs
scene_id=15
image_path=C:\Project\CAP_2000_Vocab_Project\workspaces\vocab\Ep15_0241_0250\04_images\ai_generated\img_417.26.png
output_path=C:\Project\CAP_2000_Vocab_Project\workspaces\vocab\Ep15_0241_0250\04_images\animations\scene_15__v01.mp4
duration_seconds=8
video_model=veo-2.0-generate-001
poll_seconds=10
person_generation=allow_adult
image_mime_type=image/png
image_size_bytes=1917169
prompt_length=463
prompt_preview=A gentle educational atmosphere unfolds as John and Mary subtly shift their weight, exchanging soft, encouraging smiles. Mary gestures calmly towards the large interactive whiteboard, where the colorful grid of vocabulary words glows faintly, ready for interactive review. John nods thoughtfully in agreement. The camera subtly pushes in on the whiteboard, slowly emphasizing the content and maintaining a peaceful, inviting educational flow for the next segment.
video_config={
  "http_options": null,
  "number_of_videos": 1,
  "output_gcs_uri": null,
  "fps": null,
  "duration_seconds": 8,
  "seed": null,
  "aspect_ratio": "16:9",
  "resolution": null,
  "person_generation": "allow_adult",
  "pubsub_topic": null,
  "negative_prompt": null,
  "enhance_prompt": null,
  "generate_audio": null,
  "last_frame": null,
  "reference_images": null,
  "mask": null,
  "compression_quality": null,
  "labels": null
}
STEP 2/4 submit image-to-video request
operation_submitted_done=None

===== DEBUG OPERATION [after_submit] =====
operation_type=<class 'google.genai.types.GenerateVideosOperation'>
operation_done=None
operation_name=models/veo-2.0-generate-001/operations/ykoybu3ebht6
operation_id=None
operation_error=None
operation_metadata=null
operation_result_type=<class 'NoneType'>
operation_response_type=<class 'NoneType'>
operation_repr=GenerateVideosOperation(
  name='models/veo-2.0-generate-001/operations/ykoybu3ebht6'
)
STEP 3/4 polling operation poll_count=1 wait_seconds=10
operation_status_done=True
operation_status_error={'code': 3, 'message': 'The input image contains content that has been blocked by your current safety settings for person/face generation. If you think this was an error, send feedback.'}

===== DEBUG OPERATION [after_polling_done] =====
operation_type=<class 'google.genai.types.GenerateVideosOperation'>
operation_done=True
operation_name=models/veo-2.0-generate-001/operations/ykoybu3ebht6
operation_id=None
operation_error={'code': 3, 'message': 'The input image contains content that has been blocked by your current safety settings for person/face generation. If you think this was an error, send feedback.'}
operation_metadata=null
operation_result_type=<class 'NoneType'>
operation_response_type=<class 'NoneType'>
operation_repr=GenerateVideosOperation(
  done=True,
  error={
    'code': 3,
    'message': 'The input image contains content that has been blocked by your current safety settings for person/face generation. If you think this was an error, send feedback.'
  },
  name='models/veo-2.0-generate-001/operations/ykoybu3ebht6'
)

===== DEBUG RESULT [after_polling_done] =====
result_is_none=True
result_type=<class 'NoneType'>
SCENE RESULT scene_id=15 status=error error=ʵeͦQAȺݦw]wפUGJϤ]tHyeAثeo image-to-video ]w\͡C
ĳBz覡G
1. ΤtMHyϤ
2. Χ󴫳oi scene 
3. o scene OdRAϤAϥΰʵe
error_code=3
error_message=The input image contains content that has been blocked by your current safety settings for person/face generation. If you think this was an error, send feedback.
Traceback (most recent call last):
  File "C:\Project\CAP_2000_Vocab_Project\scripts\generate_all_scene_animations.py", line 170, in run_batch_animation_for_episode
    output_path = generate_scene_animation(ep_num, scene_id)
                  ^^^^^^^^^^^^^^^^^^^^^^^^^^^^^^^^^^^^^^^^^^
  File "C:\Project\CAP_2000_Vocab_Project\scripts\generate_scene_animation.py", line 482, in generate_scene_animation
    raise SceneAnimationError(format_operation_failure(operation, operation_error))
generate_scene_animation.SceneAnimationError: ʵeͦQAȺݦw]wפUGJϤ]tHyeAثeo image-to-video ]w\͡C
ĳBz覡G
1. ΤtMHyϤ
2. Χ󴫳oi scene 
3. o scene OdRAϤAϥΰʵe
error_code=3
error_message=The input image contains content that has been blocked by your current safety settings for person/face generation. If you think this was an error, send feedback.

===== BATCH SCENE 5/5 | scene_id=17 =====
STEP A generate animation prompt scene_id=17
Generating safe animation prompt for Scene 17...
prompt_source=model
saved_to=C:\Project\CAP_2000_Vocab_Project\workspaces\vocab\Ep15_0241_0250\03_storyboards\storyboard.csv
A gentle wide shot captures John and Mary offering soft, friendly waves to the audience from their bright podcast studio. A subtle, slow camera pull-back gradually widens the view. The 'Like & Subscribe' graphic on the screen behind them subtly brightens and dims in a gentle rhythm. Both hosts maintain calm, pleasant expressions, occasionally nodding gently. The studio lighting remains warm and consistent, enhancing a friendly, concluding atmosphere as they encourage audience interaction.
PROMPT RESULT scene_id=17 status=ok
STEP B generate animation video scene_id=17
STEP 1/4 validate inputs
scene_id=17
image_path=C:\Project\CAP_2000_Vocab_Project\workspaces\vocab\Ep15_0241_0250\04_images\ai_generated\img_464.06.png
output_path=C:\Project\CAP_2000_Vocab_Project\workspaces\vocab\Ep15_0241_0250\04_images\animations\scene_17__v01.mp4
duration_seconds=8
video_model=veo-2.0-generate-001
poll_seconds=10
person_generation=allow_adult
image_mime_type=image/png
image_size_bytes=2309806
prompt_length=493
prompt_preview=A gentle wide shot captures John and Mary offering soft, friendly waves to the audience from their bright podcast studio. A subtle, slow camera pull-back gradually widens the view. The 'Like & Subscribe' graphic on the screen behind them subtly brightens and dims in a gentle rhythm. Both hosts maintain calm, pleasant expressions, occasionally nodding gently. The studio lighting remains warm and consistent, enhancing a friendly, concluding atmosphere as they encourage audience interaction.
video_config={
  "http_options": null,
  "number_of_videos": 1,
  "output_gcs_uri": null,
  "fps": null,
  "duration_seconds": 8,
  "seed": null,
  "aspect_ratio": "16:9",
  "resolution": null,
  "person_generation": "allow_adult",
  "pubsub_topic": null,
  "negative_prompt": null,
  "enhance_prompt": null,
  "generate_audio": null,
  "last_frame": null,
  "reference_images": null,
  "mask": null,
  "compression_quality": null,
  "labels": null
}
STEP 2/4 submit image-to-video request
operation_submitted_done=None

===== DEBUG OPERATION [after_submit] =====
operation_type=<class 'google.genai.types.GenerateVideosOperation'>
operation_done=None
operation_name=models/veo-2.0-generate-001/operations/8sphz8zjoiz6
operation_id=None
operation_error=None
operation_metadata=null
operation_result_type=<class 'NoneType'>
operation_response_type=<class 'NoneType'>
operation_repr=GenerateVideosOperation(
  name='models/veo-2.0-generate-001/operations/8sphz8zjoiz6'
)
STEP 3/4 polling operation poll_count=1 wait_seconds=10
operation_status_done=None
operation_status_error=None
STEP 3/4 polling operation poll_count=2 wait_seconds=10
operation_status_done=None
operation_status_error=None
STEP 3/4 polling operation poll_count=3 wait_seconds=10
operation_status_done=True
operation_status_error=None

===== DEBUG OPERATION [after_polling_done] =====
operation_type=<class 'google.genai.types.GenerateVideosOperation'>
operation_done=True
operation_name=models/veo-2.0-generate-001/operations/8sphz8zjoiz6
operation_id=None
operation_error=None
operation_metadata=null
operation_result_type=<class 'google.genai.types.GenerateVideosResponse'>
operation_response_type=<class 'google.genai.types.GenerateVideosResponse'>
operation_repr=GenerateVideosOperation(
  done=True,
  name='models/veo-2.0-generate-001/operations/8sphz8zjoiz6',
  response=GenerateVideosResponse(
    generated_videos=[
      GeneratedVideo(
        video=Video(
          uri='https://generativelanguage.googleapis.com/v1beta/files/7iwgr2jy6ogh:download?alt=media'
        )
      ),
    ]
  ),
  result=GenerateVideosResponse(
    generated_videos=[
      GeneratedVideo(
        video=Video(
          uri='https://generativelanguage.googleapis.com/v1beta/files/7iwgr2jy6ogh:download?alt=media'
        )
      ),
    ]
  )
)

===== DEBUG RESULT [after_polling_done] =====
result_is_none=False
result_type=<class 'google.genai.types.GenerateVideosResponse'>
result_repr=GenerateVideosResponse(
  generated_videos=[
    GeneratedVideo(
      video=Video(
        uri='https://generativelanguage.googleapis.com/v1beta/files/7iwgr2jy6ogh:download?alt=media'
      )
    ),
  ]
)
result_json={
  "generated_videos": [
    {
      "video": {
        "uri": "https://generativelanguage.googleapis.com/v1beta/files/7iwgr2jy6ogh:download?alt=media",
        "video_bytes": null,
        "mime_type": null
      }
    }
  ],
  "rai_media_filtered_count": null,
  "rai_media_filtered_reasons": null
}
result_attrs=['construct', 'copy', 'dict', 'from_orm', 'generated_videos', 'json', 'model_computed_fields', 'model_config', 'model_construct', 'model_copy', 'model_dump', 'model_dump_json', 'model_extra', 'model_fields', 'model_fields_set', 'model_json_schema', 'model_parametrized_name', 'model_post_init', 'model_rebuild', 'model_validate', 'model_validate_json', 'model_validate_strings', 'parse_file', 'parse_obj', 'parse_raw', 'rai_media_filtered_count', 'rai_media_filtered_reasons', 'schema', 'schema_json', 'to_json_dict', 'update_forward_refs', 'validate']
generated_videos_exists=True
generated_videos_len=1
generated_video_0_type=<class 'google.genai.types.GeneratedVideo'>
generated_video_0_repr=GeneratedVideo(
  video=Video(
    uri='https://generativelanguage.googleapis.com/v1beta/files/7iwgr2jy6ogh:download?alt=media'
  )
)
generated_video_0_json={
  "video": {
    "uri": "https://generativelanguage.googleapis.com/v1beta/files/7iwgr2jy6ogh:download?alt=media",
    "video_bytes": null,
    "mime_type": null
  }
}
generated_video_0_video=Video(uri=https://generativelanguage.googleapis.com/v1beta/files/7iwgr2jy6ogh:download?alt=media, video_bytes=None, mime_type=None)
generated_video_0_uri=None
generated_video_0_name=None
STEP 4/4 download generated video

===== DEBUG DOWNLOAD TARGET =====
generated_video_type=<class 'google.genai.types.GeneratedVideo'>
generated_video_repr=GeneratedVideo(
  video=Video(
    uri='https://generativelanguage.googleapis.com/v1beta/files/7iwgr2jy6ogh:download?alt=media'
  )
)
generated_video_json={
  "video": {
    "uri": "https://generativelanguage.googleapis.com/v1beta/files/7iwgr2jy6ogh:download?alt=media",
    "video_bytes": null,
    "mime_type": null
  }
}
download_target_type=<class 'google.genai.types.Video'>
download_target_repr=Video(uri=https://generativelanguage.googleapis.com/v1beta/files/7iwgr2jy6ogh:download?alt=media, video_bytes=None, mime_type=None)
download_target_json={
  "uri": "https://generativelanguage.googleapis.com/v1beta/files/7iwgr2jy6ogh:download?alt=media",
  "video_bytes": null,
  "mime_type": null
}
raw_output_path=C:\Project\CAP_2000_Vocab_Project\workspaces\vocab\Ep15_0241_0250\04_images\animations\scene_17__v01__raw.mp4
raw_video_size_bytes=1824430
STEP 4.5/4 strip audio track from generated video
DONE animation generated
saved_to=C:\Project\CAP_2000_Vocab_Project\workspaces\vocab\Ep15_0241_0250\04_images\animations\scene_17__v01.mp4
DEFAULT RESULT scene_id=17 status=updated path=C:\Project\CAP_2000_Vocab_Project\workspaces\vocab\Ep15_0241_0250\04_images\animations\scene_17__v01.mp4
SCENE RESULT scene_id=17 status=ok path=C:\Project\CAP_2000_Vocab_Project\workspaces\vocab\Ep15_0241_0250\04_images\animations\scene_17__v01.mp4

===== BATCH SUMMARY =====
total=5
prompt_success=5
animation_success=2
default_updated=2
skipped=0
failed=3
prompt_success_scene_ids=1,3,5,15,17
animation_success_scene_ids=1,17
default_updated_scene_ids=1,17
failed_scene scene_id=3 message=ʵeͦ@~wAXvQAȺݤef/ϥάFLoA]S^iUvC
ĳBz覡G
1. sg animation promptAקKMIBˡBĬΨLiĲoFyz
2. CHjסA令󤤩ʡBоǦBũMʧ@
3. Yo scene @QסAOdRAϤAϥΰʵe
filtered_count=1
filtered_reasons=
1 videos were filtered out because they violated Gemini API's usage guidelines. You will not be charged for blocked videos. Try rephrasing the prompt. If you think this was an error, send feedback.
failed_scene scene_id=5 message=ʵeͦ@~wAAȺݦ^~C
operation_error={'code': 3, 'message': "The prompt could not be submitted. This prompt contains sensitive words that violate Google's Responsible AI practices. Try rephrasing your prompt, or contact your Google representative to request allowlisting."}
metadata=null
failed_scene scene_id=15 message=ʵeͦQAȺݦw]wפUGJϤ]tHyeAثeo image-to-video ]w\͡C
ĳBz覡G
1. ΤtMHyϤ
2. Χ󴫳oi scene 
3. o scene OdRAϤAϥΰʵe
error_code=3
error_message=The input image contains content that has been blocked by your current safety settings for person/face generation. If you think this was an error, send feedback.
Batch completed with failures. Prompt generation and animation generation continued for later scenes.
===== BATCH ANIMATION END =====
[schedule] batch animation exit_code=1
[schedule] episode 15 failed stage 4.1 (error)
[schedule] start episode 16 (2/6) stage 4.1
[schedule] launch batch animation command=['C:\\Users\\User\\AppData\\Local\\Programs\\Python\\Python311\\python.exe', '-u', 'C:\\Project\\CAP_2000_Vocab_Project\\scripts\\generate_all_scene_animations.py', '--ep', '16']
===== BATCH ANIMATION START =====
episode=16
episode_folder=C:\Project\CAP_2000_Vocab_Project\workspaces\vocab\Ep16_0251_0260
storyboard_csv=C:\Project\CAP_2000_Vocab_Project\workspaces\vocab\Ep16_0251_0260\03_storyboards\storyboard.csv
ai_scene_count=4

===== BATCH SCENE 1/4 | scene_id=1 =====
STEP A generate animation prompt scene_id=1
Generating safe animation prompt for Scene 1...
prompt_source=model
saved_to=C:\Project\CAP_2000_Vocab_Project\workspaces\vocab\Ep16_0251_0260\03_storyboards\storyboard.csv
A vibrant studio scene features John with his brown hair and Mary with her blonde pigtails, positioned calmly behind a desk. They offer gentle, friendly waves and subtle nods towards the audience. The camera slowly drifts slightly right, maintaining the wide shot. Soft light from educational graphics in the background subtly animates, creating a continuous, calm, and inviting atmosphere for learning.
PROMPT RESULT scene_id=1 status=ok
STEP B generate animation video scene_id=1
STEP 1/4 validate inputs
scene_id=1
image_path=C:\Project\CAP_2000_Vocab_Project\workspaces\vocab\Ep16_0251_0260\04_images\ai_generated\img_0.0.png
output_path=C:\Project\CAP_2000_Vocab_Project\workspaces\vocab\Ep16_0251_0260\04_images\animations\scene_1__v01.mp4
duration_seconds=8
video_model=veo-2.0-generate-001
poll_seconds=10
person_generation=allow_adult
image_mime_type=image/png
image_size_bytes=2161805
prompt_length=403
prompt_preview=A vibrant studio scene features John with his brown hair and Mary with her blonde pigtails, positioned calmly behind a desk. They offer gentle, friendly waves and subtle nods towards the audience. The camera slowly drifts slightly right, maintaining the wide shot. Soft light from educational graphics in the background subtly animates, creating a continuous, calm, and inviting atmosphere for learning.
video_config={
  "http_options": null,
  "number_of_videos": 1,
  "output_gcs_uri": null,
  "fps": null,
  "duration_seconds": 8,
  "seed": null,
  "aspect_ratio": "16:9",
  "resolution": null,
  "person_generation": "allow_adult",
  "pubsub_topic": null,
  "negative_prompt": null,
  "enhance_prompt": null,
  "generate_audio": null,
  "last_frame": null,
  "reference_images": null,
  "mask": null,
  "compression_quality": null,
  "labels": null
}
STEP 2/4 submit image-to-video request
operation_submitted_done=None

===== DEBUG OPERATION [after_submit] =====
operation_type=<class 'google.genai.types.GenerateVideosOperation'>
operation_done=None
operation_name=models/veo-2.0-generate-001/operations/ts6ygcs3ixhr
operation_id=None
operation_error=None
operation_metadata=null
operation_result_type=<class 'NoneType'>
operation_response_type=<class 'NoneType'>
operation_repr=GenerateVideosOperation(
  name='models/veo-2.0-generate-001/operations/ts6ygcs3ixhr'
)
STEP 3/4 polling operation poll_count=1 wait_seconds=10
operation_status_done=True
operation_status_error={'code': 3, 'message': "The prompt could not be submitted. This prompt contains sensitive words that violate Google's Responsible AI practices. Try rephrasing your prompt, or contact your Google representative to request allowlisting."}

===== DEBUG OPERATION [after_polling_done] =====
operation_type=<class 'google.genai.types.GenerateVideosOperation'>
operation_done=True
operation_name=models/veo-2.0-generate-001/operations/ts6ygcs3ixhr
operation_id=None
operation_error={'code': 3, 'message': "The prompt could not be submitted. This prompt contains sensitive words that violate Google's Responsible AI practices. Try rephrasing your prompt, or contact your Google representative to request allowlisting."}
operation_metadata=null
operation_result_type=<class 'NoneType'>
operation_response_type=<class 'NoneType'>
operation_repr=GenerateVideosOperation(
  done=True,
  error={
    'code': 3,
    'message': "The prompt could not be submitted. This prompt contains sensitive words that violate Google's Responsible AI practices. Try rephrasing your prompt, or contact your Google representative to request allowlisting."
  },
  name='models/veo-2.0-generate-001/operations/ts6ygcs3ixhr'
)

===== DEBUG RESULT [after_polling_done] =====
result_is_none=True
result_type=<class 'NoneType'>
WARN safe_prompt_retry scene_id=1 reason=operation_error
retry_animation_prompt=A calm educational animation of [0:00:00-->0:00:00.280000] o, | [0:00:00.600000-->0:00:00.840000] jan, | [0:00:01.280000-->0:00:01.780000] ڬOJohnC | [0:00:02.500000-->0:00:02.540000] jan, | [0:00:02.780000-->0:00:03.580000] ڬOMaryC., with subtle breathing, gentle head turns, small hand gestures, soft infographic motion, and slow camera drift. Keep the original subjects, layout, props, and colors unchanged. Maintain friendly expressions, soft studio lighting, light background parallax, and smooth Pixar-like continuity throughout.
STEP 2/4 submit image-to-video request
operation_submitted_done=None

===== DEBUG OPERATION [after_submit] =====
operation_type=<class 'google.genai.types.GenerateVideosOperation'>
operation_done=None
operation_name=models/veo-2.0-generate-001/operations/c2jae2jnkorq
operation_id=None
operation_error=None
operation_metadata=null
operation_result_type=<class 'NoneType'>
operation_response_type=<class 'NoneType'>
operation_repr=GenerateVideosOperation(
  name='models/veo-2.0-generate-001/operations/c2jae2jnkorq'
)
STEP 3/4 polling operation poll_count=1 wait_seconds=10
operation_status_done=True
operation_status_error={'code': 3, 'message': 'The input image contains content that has been blocked by your current safety settings for person/face generation. If you think this was an error, send feedback.'}

===== DEBUG OPERATION [after_polling_done] =====
operation_type=<class 'google.genai.types.GenerateVideosOperation'>
operation_done=True
operation_name=models/veo-2.0-generate-001/operations/c2jae2jnkorq
operation_id=None
operation_error={'code': 3, 'message': 'The input image contains content that has been blocked by your current safety settings for person/face generation. If you think this was an error, send feedback.'}
operation_metadata=null
operation_result_type=<class 'NoneType'>
operation_response_type=<class 'NoneType'>
operation_repr=GenerateVideosOperation(
  done=True,
  error={
    'code': 3,
    'message': 'The input image contains content that has been blocked by your current safety settings for person/face generation. If you think this was an error, send feedback.'
  },
  name='models/veo-2.0-generate-001/operations/c2jae2jnkorq'
)

===== DEBUG RESULT [after_polling_done] =====
result_is_none=True
result_type=<class 'NoneType'>
SCENE RESULT scene_id=1 status=error error=ʵeͦQAȺݦw]wפUGJϤ]tHyeAثeo image-to-video ]w\͡C
ĳBz覡G
1. ΤtMHyϤ
2. Χ󴫳oi scene 
3. o scene OdRAϤAϥΰʵe
error_code=3
error_message=The input image contains content that has been blocked by your current safety settings for person/face generation. If you think this was an error, send feedback.
Traceback (most recent call last):
  File "C:\Project\CAP_2000_Vocab_Project\scripts\generate_all_scene_animations.py", line 170, in run_batch_animation_for_episode
    output_path = generate_scene_animation(ep_num, scene_id)
                  ^^^^^^^^^^^^^^^^^^^^^^^^^^^^^^^^^^^^^^^^^^
  File "C:\Project\CAP_2000_Vocab_Project\scripts\generate_scene_animation.py", line 482, in generate_scene_animation
    raise SceneAnimationError(format_operation_failure(operation, operation_error))
generate_scene_animation.SceneAnimationError: ʵeͦQAȺݦw]wפUGJϤ]tHyeAثeo image-to-video ]w\͡C
ĳBz覡G
1. ΤtMHyϤ
2. Χ󴫳oi scene 
3. o scene OdRAϤAϥΰʵe
error_code=3
error_message=The input image contains content that has been blocked by your current safety settings for person/face generation. If you think this was an error, send feedback.

===== BATCH SCENE 2/4 | scene_id=3 =====
STEP A generate animation prompt scene_id=3
Generating safe animation prompt for Scene 3...
prompt_source=model
saved_to=C:\Project\CAP_2000_Vocab_Project\workspaces\vocab\Ep16_0251_0260\03_storyboards\storyboard.csv
The camera gently glides forward as John and Mary share calm, friendly smiles, their subtle movements indicating eager readiness. John gives a slight, anticipatory nod, while Mary makes a small, inviting gesture with her hand. The episode title on the large screen behind them subtly brightens with a soft animation, preparing the visual space for the upcoming lesson. The overall atmosphere is one of serene continuity and gentle invitation, suitable for a silent background transition.
PROMPT RESULT scene_id=3 status=ok
STEP B generate animation video scene_id=3
STEP 1/4 validate inputs
scene_id=3
image_path=C:\Project\CAP_2000_Vocab_Project\workspaces\vocab\Ep16_0251_0260\04_images\ai_generated\img_52.68.png
output_path=C:\Project\CAP_2000_Vocab_Project\workspaces\vocab\Ep16_0251_0260\04_images\animations\scene_3__v01.mp4
duration_seconds=8
video_model=veo-2.0-generate-001
poll_seconds=10
person_generation=allow_adult
image_mime_type=image/png
image_size_bytes=2180546
prompt_length=487
prompt_preview=The camera gently glides forward as John and Mary share calm, friendly smiles, their subtle movements indicating eager readiness. John gives a slight, anticipatory nod, while Mary makes a small, inviting gesture with her hand. The episode title on the large screen behind them subtly brightens with a soft animation, preparing the visual space for the upcoming lesson. The overall atmosphere is one of serene continuity and gentle invitation, suitable for a silent background transition.
video_config={
  "http_options": null,
  "number_of_videos": 1,
  "output_gcs_uri": null,
  "fps": null,
  "duration_seconds": 8,
  "seed": null,
  "aspect_ratio": "16:9",
  "resolution": null,
  "person_generation": "allow_adult",
  "pubsub_topic": null,
  "negative_prompt": null,
  "enhance_prompt": null,
  "generate_audio": null,
  "last_frame": null,
  "reference_images": null,
  "mask": null,
  "compression_quality": null,
  "labels": null
}
STEP 2/4 submit image-to-video request
operation_submitted_done=None

===== DEBUG OPERATION [after_submit] =====
operation_type=<class 'google.genai.types.GenerateVideosOperation'>
operation_done=None
operation_name=models/veo-2.0-generate-001/operations/p3sf2o5iasuv
operation_id=None
operation_error=None
operation_metadata=null
operation_result_type=<class 'NoneType'>
operation_response_type=<class 'NoneType'>
operation_repr=GenerateVideosOperation(
  name='models/veo-2.0-generate-001/operations/p3sf2o5iasuv'
)
STEP 3/4 polling operation poll_count=1 wait_seconds=10
operation_status_done=None
operation_status_error=None
STEP 3/4 polling operation poll_count=2 wait_seconds=10
operation_status_done=None
operation_status_error=None
STEP 3/4 polling operation poll_count=3 wait_seconds=10
operation_status_done=True
operation_status_error=None

===== DEBUG OPERATION [after_polling_done] =====
operation_type=<class 'google.genai.types.GenerateVideosOperation'>
operation_done=True
operation_name=models/veo-2.0-generate-001/operations/p3sf2o5iasuv
operation_id=None
operation_error=None
operation_metadata=null
operation_result_type=<class 'google.genai.types.GenerateVideosResponse'>
operation_response_type=<class 'google.genai.types.GenerateVideosResponse'>
operation_repr=GenerateVideosOperation(
  done=True,
  name='models/veo-2.0-generate-001/operations/p3sf2o5iasuv',
  response=GenerateVideosResponse(
    rai_media_filtered_count=1,
    rai_media_filtered_reasons=[
      "1 videos were filtered out because they violated Gemini API's usage guidelines. You will not be charged for blocked videos. Try rephrasing the prompt. If you think this was an error, send feedback.",
    ]
  ),
  result=GenerateVideosResponse(
    rai_media_filtered_count=1,
    rai_media_filtered_reasons=[
      "1 videos were filtered out because they violated Gemini API's usage guidelines. You will not be charged for blocked videos. Try rephrasing the prompt. If you think this was an error, send feedback.",
    ]
  )
)

===== DEBUG RESULT [after_polling_done] =====
result_is_none=False
result_type=<class 'google.genai.types.GenerateVideosResponse'>
result_repr=GenerateVideosResponse(
  rai_media_filtered_count=1,
  rai_media_filtered_reasons=[
    "1 videos were filtered out because they violated Gemini API's usage guidelines. You will not be charged for blocked videos. Try rephrasing the prompt. If you think this was an error, send feedback.",
  ]
)
result_json={
  "generated_videos": null,
  "rai_media_filtered_count": 1,
  "rai_media_filtered_reasons": [
    "1 videos were filtered out because they violated Gemini API's usage guidelines. You will not be charged for blocked videos. Try rephrasing the prompt. If you think this was an error, send feedback."
  ]
}
result_attrs=['construct', 'copy', 'dict', 'from_orm', 'generated_videos', 'json', 'model_computed_fields', 'model_config', 'model_construct', 'model_copy', 'model_dump', 'model_dump_json', 'model_extra', 'model_fields', 'model_fields_set', 'model_json_schema', 'model_parametrized_name', 'model_post_init', 'model_rebuild', 'model_validate', 'model_validate_json', 'model_validate_strings', 'parse_file', 'parse_obj', 'parse_raw', 'rai_media_filtered_count', 'rai_media_filtered_reasons', 'schema', 'schema_json', 'to_json_dict', 'update_forward_refs', 'validate']
generated_videos_exists=False
WARN safe_prompt_retry scene_id=3 reason=policy_filtered
retry_animation_prompt=A calm educational animation of [0:00:52.680000-->0:00:52.940000] n, | [0:00:53.060000-->0:00:55.840000] ڭֶ̻iJѪQӮ֤߳r, | [0:00:56.020000-->0:00:57.480000] PǦզݰ_oC | [0:00:57.760000-->0:00:58.460000] ǳƦnF? | [0:00:58.460000-->0:00:59.720000] Ĥ@ӳr., with subtle breathing, gentle head turns, small hand gestures, soft infographic motion, and slow camera drift. Keep the original subjects, layout, props, and colors unchanged. Maintain friendly expressions, soft studio lighting, light background parallax, and smooth Pixar-like continuity throughout.
STEP 2/4 submit image-to-video request
operation_submitted_done=None

===== DEBUG OPERATION [after_submit] =====
operation_type=<class 'google.genai.types.GenerateVideosOperation'>
operation_done=None
operation_name=models/veo-2.0-generate-001/operations/digmxy0wqiw9
operation_id=None
operation_error=None
operation_metadata=null
operation_result_type=<class 'NoneType'>
operation_response_type=<class 'NoneType'>
operation_repr=GenerateVideosOperation(
  name='models/veo-2.0-generate-001/operations/digmxy0wqiw9'
)
STEP 3/4 polling operation poll_count=1 wait_seconds=10
operation_status_done=None
operation_status_error=None
STEP 3/4 polling operation poll_count=2 wait_seconds=10
operation_status_done=None
operation_status_error=None
STEP 3/4 polling operation poll_count=3 wait_seconds=10
operation_status_done=True
operation_status_error=None

===== DEBUG OPERATION [after_polling_done] =====
operation_type=<class 'google.genai.types.GenerateVideosOperation'>
operation_done=True
operation_name=models/veo-2.0-generate-001/operations/digmxy0wqiw9
operation_id=None
operation_error=None
operation_metadata=null
operation_result_type=<class 'google.genai.types.GenerateVideosResponse'>
operation_response_type=<class 'google.genai.types.GenerateVideosResponse'>
operation_repr=GenerateVideosOperation(
  done=True,
  name='models/veo-2.0-generate-001/operations/digmxy0wqiw9',
  response=GenerateVideosResponse(
    rai_media_filtered_count=1,
    rai_media_filtered_reasons=[
      "1 videos were filtered out because they violated Gemini API's usage guidelines. You will not be charged for blocked videos. Try rephrasing the prompt. If you think this was an error, send feedback.",
    ]
  ),
  result=GenerateVideosResponse(
    rai_media_filtered_count=1,
    rai_media_filtered_reasons=[
      "1 videos were filtered out because they violated Gemini API's usage guidelines. You will not be charged for blocked videos. Try rephrasing the prompt. If you think this was an error, send feedback.",
    ]
  )
)

===== DEBUG RESULT [after_polling_done] =====
result_is_none=False
result_type=<class 'google.genai.types.GenerateVideosResponse'>
result_repr=GenerateVideosResponse(
  rai_media_filtered_count=1,
  rai_media_filtered_reasons=[
    "1 videos were filtered out because they violated Gemini API's usage guidelines. You will not be charged for blocked videos. Try rephrasing the prompt. If you think this was an error, send feedback.",
  ]
)
result_json={
  "generated_videos": null,
  "rai_media_filtered_count": 1,
  "rai_media_filtered_reasons": [
    "1 videos were filtered out because they violated Gemini API's usage guidelines. You will not be charged for blocked videos. Try rephrasing the prompt. If you think this was an error, send feedback."
  ]
}
result_attrs=['construct', 'copy', 'dict', 'from_orm', 'generated_videos', 'json', 'model_computed_fields', 'model_config', 'model_construct', 'model_copy', 'model_dump', 'model_dump_json', 'model_extra', 'model_fields', 'model_fields_set', 'model_json_schema', 'model_parametrized_name', 'model_post_init', 'model_rebuild', 'model_validate', 'model_validate_json', 'model_validate_strings', 'parse_file', 'parse_obj', 'parse_raw', 'rai_media_filtered_count', 'rai_media_filtered_reasons', 'schema', 'schema_json', 'to_json_dict', 'update_forward_refs', 'validate']
generated_videos_exists=False
SCENE RESULT scene_id=3 status=error error=ʵeͦ@~wAXvQAȺݤef/ϥάFLoA]S^iUvC
ĳBz覡G
1. sg animation promptAקKMIBˡBĬΨLiĲoFyz
2. CHjסA令󤤩ʡBоǦBũMʧ@
3. Yo scene @QסAOdRAϤAϥΰʵe
filtered_count=1
filtered_reasons=
1 videos were filtered out because they violated Gemini API's usage guidelines. You will not be charged for blocked videos. Try rephrasing the prompt. If you think this was an error, send feedback.
Traceback (most recent call last):
  File "C:\Project\CAP_2000_Vocab_Project\scripts\generate_all_scene_animations.py", line 170, in run_batch_animation_for_episode
    output_path = generate_scene_animation(ep_num, scene_id)
                  ^^^^^^^^^^^^^^^^^^^^^^^^^^^^^^^^^^^^^^^^^^
  File "C:\Project\CAP_2000_Vocab_Project\scripts\generate_scene_animation.py", line 503, in generate_scene_animation
    raise SceneAnimationError(format_result_policy_filtered(result))
generate_scene_animation.SceneAnimationError: ʵeͦ@~wAXvQAȺݤef/ϥάFLoA]S^iUvC
ĳBz覡G
1. sg animation promptAקKMIBˡBĬΨLiĲoFyz
2. CHjסA令󤤩ʡBоǦBũMʧ@
3. Yo scene @QסAOdRAϤAϥΰʵe
filtered_count=1
filtered_reasons=
1 videos were filtered out because they violated Gemini API's usage guidelines. You will not be charged for blocked videos. Try rephrasing the prompt. If you think this was an error, send feedback.

===== BATCH SCENE 3/4 | scene_id=14 =====
STEP A generate animation prompt scene_id=14
Generating safe animation prompt for Scene 14...
prompt_source=model
saved_to=C:\Project\CAP_2000_Vocab_Project\workspaces\vocab\Ep16_0251_0260\03_storyboards\storyboard.csv
A gentle camera push-in slowly brings focus to the hosts. Mary's hand subtly gestures towards the 'Quiz Time!' screen, which emits a soft, encouraging glow. John's thumbs-up is held steadily, reflecting a quiet affirmation. Both characters maintain calm, friendly smiles, their subtle movements conveying a smooth, positive transition to the quiz segment. The studio lighting remains soft, creating a continuous, peaceful educational atmosphere for the upcoming brain-teaser.
PROMPT RESULT scene_id=14 status=ok
STEP B generate animation video scene_id=14
STEP 1/4 validate inputs
scene_id=14
image_path=C:\Project\CAP_2000_Vocab_Project\workspaces\vocab\Ep16_0251_0260\04_images\ai_generated\img_418.26.png
output_path=C:\Project\CAP_2000_Vocab_Project\workspaces\vocab\Ep16_0251_0260\04_images\animations\scene_14__v01.mp4
duration_seconds=8
video_model=veo-2.0-generate-001
poll_seconds=10
person_generation=allow_adult
image_mime_type=image/png
image_size_bytes=1751059
prompt_length=475
prompt_preview=A gentle camera push-in slowly brings focus to the hosts. Mary's hand subtly gestures towards the 'Quiz Time!' screen, which emits a soft, encouraging glow. John's thumbs-up is held steadily, reflecting a quiet affirmation. Both characters maintain calm, friendly smiles, their subtle movements conveying a smooth, positive transition to the quiz segment. The studio lighting remains soft, creating a continuous, peaceful educational atmosphere for the upcoming brain-teaser.
video_config={
  "http_options": null,
  "number_of_videos": 1,
  "output_gcs_uri": null,
  "fps": null,
  "duration_seconds": 8,
  "seed": null,
  "aspect_ratio": "16:9",
  "resolution": null,
  "person_generation": "allow_adult",
  "pubsub_topic": null,
  "negative_prompt": null,
  "enhance_prompt": null,
  "generate_audio": null,
  "last_frame": null,
  "reference_images": null,
  "mask": null,
  "compression_quality": null,
  "labels": null
}
STEP 2/4 submit image-to-video request
operation_submitted_done=None

===== DEBUG OPERATION [after_submit] =====
operation_type=<class 'google.genai.types.GenerateVideosOperation'>
operation_done=None
operation_name=models/veo-2.0-generate-001/operations/flcwvkvz05my
operation_id=None
operation_error=None
operation_metadata=null
operation_result_type=<class 'NoneType'>
operation_response_type=<class 'NoneType'>
operation_repr=GenerateVideosOperation(
  name='models/veo-2.0-generate-001/operations/flcwvkvz05my'
)
STEP 3/4 polling operation poll_count=1 wait_seconds=10
operation_status_done=None
operation_status_error=None
STEP 3/4 polling operation poll_count=2 wait_seconds=10
operation_status_done=None
operation_status_error=None
STEP 3/4 polling operation poll_count=3 wait_seconds=10
operation_status_done=True
operation_status_error=None

===== DEBUG OPERATION [after_polling_done] =====
operation_type=<class 'google.genai.types.GenerateVideosOperation'>
operation_done=True
operation_name=models/veo-2.0-generate-001/operations/flcwvkvz05my
operation_id=None
operation_error=None
operation_metadata=null
operation_result_type=<class 'google.genai.types.GenerateVideosResponse'>
operation_response_type=<class 'google.genai.types.GenerateVideosResponse'>
operation_repr=GenerateVideosOperation(
  done=True,
  name='models/veo-2.0-generate-001/operations/flcwvkvz05my',
  response=GenerateVideosResponse(
    generated_videos=[
      GeneratedVideo(
        video=Video(
          uri='https://generativelanguage.googleapis.com/v1beta/files/863svxixtkdt:download?alt=media'
        )
      ),
    ]
  ),
  result=GenerateVideosResponse(
    generated_videos=[
      GeneratedVideo(
        video=Video(
          uri='https://generativelanguage.googleapis.com/v1beta/files/863svxixtkdt:download?alt=media'
        )
      ),
    ]
  )
)

===== DEBUG RESULT [after_polling_done] =====
result_is_none=False
result_type=<class 'google.genai.types.GenerateVideosResponse'>
result_repr=GenerateVideosResponse(
  generated_videos=[
    GeneratedVideo(
      video=Video(
        uri='https://generativelanguage.googleapis.com/v1beta/files/863svxixtkdt:download?alt=media'
      )
    ),
  ]
)
result_json={
  "generated_videos": [
    {
      "video": {
        "uri": "https://generativelanguage.googleapis.com/v1beta/files/863svxixtkdt:download?alt=media",
        "video_bytes": null,
        "mime_type": null
      }
    }
  ],
  "rai_media_filtered_count": null,
  "rai_media_filtered_reasons": null
}
result_attrs=['construct', 'copy', 'dict', 'from_orm', 'generated_videos', 'json', 'model_computed_fields', 'model_config', 'model_construct', 'model_copy', 'model_dump', 'model_dump_json', 'model_extra', 'model_fields', 'model_fields_set', 'model_json_schema', 'model_parametrized_name', 'model_post_init', 'model_rebuild', 'model_validate', 'model_validate_json', 'model_validate_strings', 'parse_file', 'parse_obj', 'parse_raw', 'rai_media_filtered_count', 'rai_media_filtered_reasons', 'schema', 'schema_json', 'to_json_dict', 'update_forward_refs', 'validate']
generated_videos_exists=True
generated_videos_len=1
generated_video_0_type=<class 'google.genai.types.GeneratedVideo'>
generated_video_0_repr=GeneratedVideo(
  video=Video(
    uri='https://generativelanguage.googleapis.com/v1beta/files/863svxixtkdt:download?alt=media'
  )
)
generated_video_0_json={
  "video": {
    "uri": "https://generativelanguage.googleapis.com/v1beta/files/863svxixtkdt:download?alt=media",
    "video_bytes": null,
    "mime_type": null
  }
}
generated_video_0_video=Video(uri=https://generativelanguage.googleapis.com/v1beta/files/863svxixtkdt:download?alt=media, video_bytes=None, mime_type=None)
generated_video_0_uri=None
generated_video_0_name=None
STEP 4/4 download generated video

===== DEBUG DOWNLOAD TARGET =====
generated_video_type=<class 'google.genai.types.GeneratedVideo'>
generated_video_repr=GeneratedVideo(
  video=Video(
    uri='https://generativelanguage.googleapis.com/v1beta/files/863svxixtkdt:download?alt=media'
  )
)
generated_video_json={
  "video": {
    "uri": "https://generativelanguage.googleapis.com/v1beta/files/863svxixtkdt:download?alt=media",
    "video_bytes": null,
    "mime_type": null
  }
}
download_target_type=<class 'google.genai.types.Video'>
download_target_repr=Video(uri=https://generativelanguage.googleapis.com/v1beta/files/863svxixtkdt:download?alt=media, video_bytes=None, mime_type=None)
download_target_json={
  "uri": "https://generativelanguage.googleapis.com/v1beta/files/863svxixtkdt:download?alt=media",
  "video_bytes": null,
  "mime_type": null
}
raw_output_path=C:\Project\CAP_2000_Vocab_Project\workspaces\vocab\Ep16_0251_0260\04_images\animations\scene_14__v01__raw.mp4
raw_video_size_bytes=1173626
STEP 4.5/4 strip audio track from generated video
DONE animation generated
saved_to=C:\Project\CAP_2000_Vocab_Project\workspaces\vocab\Ep16_0251_0260\04_images\animations\scene_14__v01.mp4
DEFAULT RESULT scene_id=14 status=updated path=C:\Project\CAP_2000_Vocab_Project\workspaces\vocab\Ep16_0251_0260\04_images\animations\scene_14__v01.mp4
SCENE RESULT scene_id=14 status=ok path=C:\Project\CAP_2000_Vocab_Project\workspaces\vocab\Ep16_0251_0260\04_images\animations\scene_14__v01.mp4

===== BATCH SCENE 4/4 | scene_id=16 =====
STEP A generate animation prompt scene_id=16
Generating safe animation prompt for Scene 16...
prompt_source=model
saved_to=C:\Project\CAP_2000_Vocab_Project\workspaces\vocab\Ep16_0251_0260\03_storyboards\storyboard.csv
A very slow, subtle camera drift gently pans across the vibrant studio, maintaining the established wide shot. John and Mary offer soft, friendly waves as the "Like, Subscribe, and Comment" graphic smoothly animates onto the screen behind them. Their calm gestures and the gentle infographic movement convey a warm, educational farewell, suitable for a silent background.
PROMPT RESULT scene_id=16 status=ok
STEP B generate animation video scene_id=16
STEP 1/4 validate inputs
scene_id=16
image_path=C:\Project\CAP_2000_Vocab_Project\workspaces\vocab\Ep16_0251_0260\04_images\ai_generated\img_466.74.png
output_path=C:\Project\CAP_2000_Vocab_Project\workspaces\vocab\Ep16_0251_0260\04_images\animations\scene_16__v01.mp4
duration_seconds=8
video_model=veo-2.0-generate-001
poll_seconds=10
person_generation=allow_adult
image_mime_type=image/png
image_size_bytes=1977776
prompt_length=371
prompt_preview=A very slow, subtle camera drift gently pans across the vibrant studio, maintaining the established wide shot. John and Mary offer soft, friendly waves as the "Like, Subscribe, and Comment" graphic smoothly animates onto the screen behind them. Their calm gestures and the gentle infographic movement convey a warm, educational farewell, suitable for a silent background.
video_config={
  "http_options": null,
  "number_of_videos": 1,
  "output_gcs_uri": null,
  "fps": null,
  "duration_seconds": 8,
  "seed": null,
  "aspect_ratio": "16:9",
  "resolution": null,
  "person_generation": "allow_adult",
  "pubsub_topic": null,
  "negative_prompt": null,
  "enhance_prompt": null,
  "generate_audio": null,
  "last_frame": null,
  "reference_images": null,
  "mask": null,
  "compression_quality": null,
  "labels": null
}
STEP 2/4 submit image-to-video request
operation_submitted_done=None

===== DEBUG OPERATION [after_submit] =====
operation_type=<class 'google.genai.types.GenerateVideosOperation'>
operation_done=None
operation_name=models/veo-2.0-generate-001/operations/csz1k0dzzjy5
operation_id=None
operation_error=None
operation_metadata=null
operation_result_type=<class 'NoneType'>
operation_response_type=<class 'NoneType'>
operation_repr=GenerateVideosOperation(
  name='models/veo-2.0-generate-001/operations/csz1k0dzzjy5'
)
STEP 3/4 polling operation poll_count=1 wait_seconds=10
operation_status_done=None
operation_status_error=None
STEP 3/4 polling operation poll_count=2 wait_seconds=10
operation_status_done=None
operation_status_error=None
STEP 3/4 polling operation poll_count=3 wait_seconds=10
operation_status_done=True
operation_status_error=None

===== DEBUG OPERATION [after_polling_done] =====
operation_type=<class 'google.genai.types.GenerateVideosOperation'>
operation_done=True
operation_name=models/veo-2.0-generate-001/operations/csz1k0dzzjy5
operation_id=None
operation_error=None
operation_metadata=null
operation_result_type=<class 'google.genai.types.GenerateVideosResponse'>
operation_response_type=<class 'google.genai.types.GenerateVideosResponse'>
operation_repr=GenerateVideosOperation(
  done=True,
  name='models/veo-2.0-generate-001/operations/csz1k0dzzjy5',
  response=GenerateVideosResponse(
    generated_videos=[
      GeneratedVideo(
        video=Video(
          uri='https://generativelanguage.googleapis.com/v1beta/files/a4ztinrd1ho9:download?alt=media'
        )
      ),
    ]
  ),
  result=GenerateVideosResponse(
    generated_videos=[
      GeneratedVideo(
        video=Video(
          uri='https://generativelanguage.googleapis.com/v1beta/files/a4ztinrd1ho9:download?alt=media'
        )
      ),
    ]
  )
)

===== DEBUG RESULT [after_polling_done] =====
result_is_none=False
result_type=<class 'google.genai.types.GenerateVideosResponse'>
result_repr=GenerateVideosResponse(
  generated_videos=[
    GeneratedVideo(
      video=Video(
        uri='https://generativelanguage.googleapis.com/v1beta/files/a4ztinrd1ho9:download?alt=media'
      )
    ),
  ]
)
result_json={
  "generated_videos": [
    {
      "video": {
        "uri": "https://generativelanguage.googleapis.com/v1beta/files/a4ztinrd1ho9:download?alt=media",
        "video_bytes": null,
        "mime_type": null
      }
    }
  ],
  "rai_media_filtered_count": null,
  "rai_media_filtered_reasons": null
}
result_attrs=['construct', 'copy', 'dict', 'from_orm', 'generated_videos', 'json', 'model_computed_fields', 'model_config', 'model_construct', 'model_copy', 'model_dump', 'model_dump_json', 'model_extra', 'model_fields', 'model_fields_set', 'model_json_schema', 'model_parametrized_name', 'model_post_init', 'model_rebuild', 'model_validate', 'model_validate_json', 'model_validate_strings', 'parse_file', 'parse_obj', 'parse_raw', 'rai_media_filtered_count', 'rai_media_filtered_reasons', 'schema', 'schema_json', 'to_json_dict', 'update_forward_refs', 'validate']
generated_videos_exists=True
generated_videos_len=1
generated_video_0_type=<class 'google.genai.types.GeneratedVideo'>
generated_video_0_repr=GeneratedVideo(
  video=Video(
    uri='https://generativelanguage.googleapis.com/v1beta/files/a4ztinrd1ho9:download?alt=media'
  )
)
generated_video_0_json={
  "video": {
    "uri": "https://generativelanguage.googleapis.com/v1beta/files/a4ztinrd1ho9:download?alt=media",
    "video_bytes": null,
    "mime_type": null
  }
}
generated_video_0_video=Video(uri=https://generativelanguage.googleapis.com/v1beta/files/a4ztinrd1ho9:download?alt=media, video_bytes=None, mime_type=None)
generated_video_0_uri=None
generated_video_0_name=None
STEP 4/4 download generated video

===== DEBUG DOWNLOAD TARGET =====
generated_video_type=<class 'google.genai.types.GeneratedVideo'>
generated_video_repr=GeneratedVideo(
  video=Video(
    uri='https://generativelanguage.googleapis.com/v1beta/files/a4ztinrd1ho9:download?alt=media'
  )
)
generated_video_json={
  "video": {
    "uri": "https://generativelanguage.googleapis.com/v1beta/files/a4ztinrd1ho9:download?alt=media",
    "video_bytes": null,
    "mime_type": null
  }
}
download_target_type=<class 'google.genai.types.Video'>
download_target_repr=Video(uri=https://generativelanguage.googleapis.com/v1beta/files/a4ztinrd1ho9:download?alt=media, video_bytes=None, mime_type=None)
download_target_json={
  "uri": "https://generativelanguage.googleapis.com/v1beta/files/a4ztinrd1ho9:download?alt=media",
  "video_bytes": null,
  "mime_type": null
}
raw_output_path=C:\Project\CAP_2000_Vocab_Project\workspaces\vocab\Ep16_0251_0260\04_images\animations\scene_16__v01__raw.mp4
raw_video_size_bytes=1486463
STEP 4.5/4 strip audio track from generated video
DONE animation generated
saved_to=C:\Project\CAP_2000_Vocab_Project\workspaces\vocab\Ep16_0251_0260\04_images\animations\scene_16__v01.mp4
DEFAULT RESULT scene_id=16 status=updated path=C:\Project\CAP_2000_Vocab_Project\workspaces\vocab\Ep16_0251_0260\04_images\animations\scene_16__v01.mp4
SCENE RESULT scene_id=16 status=ok path=C:\Project\CAP_2000_Vocab_Project\workspaces\vocab\Ep16_0251_0260\04_images\animations\scene_16__v01.mp4

===== BATCH SUMMARY =====
total=4
prompt_success=4
animation_success=2
default_updated=2
skipped=0
failed=2
prompt_success_scene_ids=1,3,14,16
animation_success_scene_ids=14,16
default_updated_scene_ids=14,16
failed_scene scene_id=1 message=ʵeͦQAȺݦw]wפUGJϤ]tHyeAثeo image-to-video ]w\͡C
ĳBz覡G
1. ΤtMHyϤ
2. Χ󴫳oi scene 
3. o scene OdRAϤAϥΰʵe
error_code=3
error_message=The input image contains content that has been blocked by your current safety settings for person/face generation. If you think this was an error, send feedback.
failed_scene scene_id=3 message=ʵeͦ@~wAXvQAȺݤef/ϥάFLoA]S^iUvC
ĳBz覡G
1. sg animation promptAקKMIBˡBĬΨLiĲoFyz
2. CHjסA令󤤩ʡBоǦBũMʧ@
3. Yo scene @QסAOdRAϤAϥΰʵe
filtered_count=1
filtered_reasons=
1 videos were filtered out because they violated Gemini API's usage guidelines. You will not be charged for blocked videos. Try rephrasing the prompt. If you think this was an error, send feedback.
Batch completed with failures. Prompt generation and animation generation continued for later scenes.
===== BATCH ANIMATION END =====
[schedule] batch animation exit_code=1
[schedule] episode 16 failed stage 4.1 (error)
[schedule] start episode 17 (3/6) stage 4.1
[schedule] launch batch animation command=['C:\\Users\\User\\AppData\\Local\\Programs\\Python\\Python311\\python.exe', '-u', 'C:\\Project\\CAP_2000_Vocab_Project\\scripts\\generate_all_scene_animations.py', '--ep', '17']
===== BATCH ANIMATION START =====
episode=17
episode_folder=C:\Project\CAP_2000_Vocab_Project\workspaces\vocab\Ep17_0261_0270
storyboard_csv=C:\Project\CAP_2000_Vocab_Project\workspaces\vocab\Ep17_0261_0270\03_storyboards\storyboard.csv
ai_scene_count=20

===== BATCH SCENE 1/20 | scene_id=1 =====
STEP A generate animation prompt scene_id=1
Generating safe animation prompt for Scene 1...
prompt_source=model
saved_to=C:\Project\CAP_2000_Vocab_Project\workspaces\vocab\Ep17_0261_0270\03_storyboards\storyboard.csv
A subtle, slow camera drift across the vibrant podcast studio. John and Mary, positioned calmly, offer gentle, welcoming hand gestures and soft smiles to their unseen audience. Their calm expressions and slight head nods convey a friendly educational tone. Soft, consistent studio lighting maintains a warm, inviting atmosphere, ensuring seamless continuity for the program's introduction.
PROMPT RESULT scene_id=1 status=ok
STEP B generate animation video scene_id=1
STEP 1/4 validate inputs
scene_id=1
image_path=C:\Project\CAP_2000_Vocab_Project\workspaces\vocab\Ep17_0261_0270\04_images\ai_generated\img_0.0.png
output_path=C:\Project\CAP_2000_Vocab_Project\workspaces\vocab\Ep17_0261_0270\04_images\animations\scene_1__v01.mp4
duration_seconds=8
video_model=veo-2.0-generate-001
poll_seconds=10
person_generation=allow_adult
image_mime_type=image/png
image_size_bytes=2134896
prompt_length=389
prompt_preview=A subtle, slow camera drift across the vibrant podcast studio. John and Mary, positioned calmly, offer gentle, welcoming hand gestures and soft smiles to their unseen audience. Their calm expressions and slight head nods convey a friendly educational tone. Soft, consistent studio lighting maintains a warm, inviting atmosphere, ensuring seamless continuity for the program's introduction.
video_config={
  "http_options": null,
  "number_of_videos": 1,
  "output_gcs_uri": null,
  "fps": null,
  "duration_seconds": 8,
  "seed": null,
  "aspect_ratio": "16:9",
  "resolution": null,
  "person_generation": "allow_adult",
  "pubsub_topic": null,
  "negative_prompt": null,
  "enhance_prompt": null,
  "generate_audio": null,
  "last_frame": null,
  "reference_images": null,
  "mask": null,
  "compression_quality": null,
  "labels": null
}
STEP 2/4 submit image-to-video request
operation_submitted_done=None

===== DEBUG OPERATION [after_submit] =====
operation_type=<class 'google.genai.types.GenerateVideosOperation'>
operation_done=None
operation_name=models/veo-2.0-generate-001/operations/cnxswwb43usp
operation_id=None
operation_error=None
operation_metadata=null
operation_result_type=<class 'NoneType'>
operation_response_type=<class 'NoneType'>
operation_repr=GenerateVideosOperation(
  name='models/veo-2.0-generate-001/operations/cnxswwb43usp'
)
STEP 3/4 polling operation poll_count=1 wait_seconds=10
operation_status_done=None
operation_status_error=None
STEP 3/4 polling operation poll_count=2 wait_seconds=10
operation_status_done=None
operation_status_error=None
STEP 3/4 polling operation poll_count=3 wait_seconds=10
operation_status_done=True
operation_status_error=None

===== DEBUG OPERATION [after_polling_done] =====
operation_type=<class 'google.genai.types.GenerateVideosOperation'>
operation_done=True
operation_name=models/veo-2.0-generate-001/operations/cnxswwb43usp
operation_id=None
operation_error=None
operation_metadata=null
operation_result_type=<class 'google.genai.types.GenerateVideosResponse'>
operation_response_type=<class 'google.genai.types.GenerateVideosResponse'>
operation_repr=GenerateVideosOperation(
  done=True,
  name='models/veo-2.0-generate-001/operations/cnxswwb43usp',
  response=GenerateVideosResponse(
    generated_videos=[
      GeneratedVideo(
        video=Video(
          uri='https://generativelanguage.googleapis.com/v1beta/files/vtc2xjrnhx6c:download?alt=media'
        )
      ),
    ]
  ),
  result=GenerateVideosResponse(
    generated_videos=[
      GeneratedVideo(
        video=Video(
          uri='https://generativelanguage.googleapis.com/v1beta/files/vtc2xjrnhx6c:download?alt=media'
        )
      ),
    ]
  )
)

===== DEBUG RESULT [after_polling_done] =====
result_is_none=False
result_type=<class 'google.genai.types.GenerateVideosResponse'>
result_repr=GenerateVideosResponse(
  generated_videos=[
    GeneratedVideo(
      video=Video(
        uri='https://generativelanguage.googleapis.com/v1beta/files/vtc2xjrnhx6c:download?alt=media'
      )
    ),
  ]
)
result_json={
  "generated_videos": [
    {
      "video": {
        "uri": "https://generativelanguage.googleapis.com/v1beta/files/vtc2xjrnhx6c:download?alt=media",
        "video_bytes": null,
        "mime_type": null
      }
    }
  ],
  "rai_media_filtered_count": null,
  "rai_media_filtered_reasons": null
}
result_attrs=['construct', 'copy', 'dict', 'from_orm', 'generated_videos', 'json', 'model_computed_fields', 'model_config', 'model_construct', 'model_copy', 'model_dump', 'model_dump_json', 'model_extra', 'model_fields', 'model_fields_set', 'model_json_schema', 'model_parametrized_name', 'model_post_init', 'model_rebuild', 'model_validate', 'model_validate_json', 'model_validate_strings', 'parse_file', 'parse_obj', 'parse_raw', 'rai_media_filtered_count', 'rai_media_filtered_reasons', 'schema', 'schema_json', 'to_json_dict', 'update_forward_refs', 'validate']
generated_videos_exists=True
generated_videos_len=1
generated_video_0_type=<class 'google.genai.types.GeneratedVideo'>
generated_video_0_repr=GeneratedVideo(
  video=Video(
    uri='https://generativelanguage.googleapis.com/v1beta/files/vtc2xjrnhx6c:download?alt=media'
  )
)
generated_video_0_json={
  "video": {
    "uri": "https://generativelanguage.googleapis.com/v1beta/files/vtc2xjrnhx6c:download?alt=media",
    "video_bytes": null,
    "mime_type": null
  }
}
generated_video_0_video=Video(uri=https://generativelanguage.googleapis.com/v1beta/files/vtc2xjrnhx6c:download?alt=media, video_bytes=None, mime_type=None)
generated_video_0_uri=None
generated_video_0_name=None
STEP 4/4 download generated video

===== DEBUG DOWNLOAD TARGET =====
generated_video_type=<class 'google.genai.types.GeneratedVideo'>
generated_video_repr=GeneratedVideo(
  video=Video(
    uri='https://generativelanguage.googleapis.com/v1beta/files/vtc2xjrnhx6c:download?alt=media'
  )
)
generated_video_json={
  "video": {
    "uri": "https://generativelanguage.googleapis.com/v1beta/files/vtc2xjrnhx6c:download?alt=media",
    "video_bytes": null,
    "mime_type": null
  }
}
download_target_type=<class 'google.genai.types.Video'>
download_target_repr=Video(uri=https://generativelanguage.googleapis.com/v1beta/files/vtc2xjrnhx6c:download?alt=media, video_bytes=None, mime_type=None)
download_target_json={
  "uri": "https://generativelanguage.googleapis.com/v1beta/files/vtc2xjrnhx6c:download?alt=media",
  "video_bytes": null,
  "mime_type": null
}
raw_output_path=C:\Project\CAP_2000_Vocab_Project\workspaces\vocab\Ep17_0261_0270\04_images\animations\scene_1__v01__raw.mp4
raw_video_size_bytes=1486310
STEP 4.5/4 strip audio track from generated video
DONE animation generated
saved_to=C:\Project\CAP_2000_Vocab_Project\workspaces\vocab\Ep17_0261_0270\04_images\animations\scene_1__v01.mp4
DEFAULT RESULT scene_id=1 status=updated path=C:\Project\CAP_2000_Vocab_Project\workspaces\vocab\Ep17_0261_0270\04_images\animations\scene_1__v01.mp4
SCENE RESULT scene_id=1 status=ok path=C:\Project\CAP_2000_Vocab_Project\workspaces\vocab\Ep17_0261_0270\04_images\animations\scene_1__v01.mp4

===== BATCH SCENE 2/20 | scene_id=2 =====
STEP A generate animation prompt scene_id=2
Generating safe animation prompt for Scene 2...
prompt_source=model
saved_to=C:\Project\CAP_2000_Vocab_Project\workspaces\vocab\Ep17_0261_0270\03_storyboards\storyboard.csv
Mary's hand gently points towards the large, slightly transparent question mark icon, which subtly rotates and shimmers with a soft glow. John watches it with thoughtful anticipation, offering a small, calm nod. The camera maintains a wide shot, drifting imperceptibly forward, enhancing the focused educational moment. A friendly, gentle atmosphere permeates the scene, ready for a calm reveal.
PROMPT RESULT scene_id=2 status=ok
STEP B generate animation video scene_id=2
STEP 1/4 validate inputs
scene_id=2
image_path=C:\Project\CAP_2000_Vocab_Project\workspaces\vocab\Ep17_0261_0270\04_images\ai_generated\img_9.82.png
output_path=C:\Project\CAP_2000_Vocab_Project\workspaces\vocab\Ep17_0261_0270\04_images\animations\scene_2__v01.mp4
duration_seconds=8
video_model=veo-2.0-generate-001
poll_seconds=10
person_generation=allow_adult
image_mime_type=image/png
image_size_bytes=2184146
prompt_length=395
prompt_preview=Mary's hand gently points towards the large, slightly transparent question mark icon, which subtly rotates and shimmers with a soft glow. John watches it with thoughtful anticipation, offering a small, calm nod. The camera maintains a wide shot, drifting imperceptibly forward, enhancing the focused educational moment. A friendly, gentle atmosphere permeates the scene, ready for a calm reveal.
video_config={
  "http_options": null,
  "number_of_videos": 1,
  "output_gcs_uri": null,
  "fps": null,
  "duration_seconds": 8,
  "seed": null,
  "aspect_ratio": "16:9",
  "resolution": null,
  "person_generation": "allow_adult",
  "pubsub_topic": null,
  "negative_prompt": null,
  "enhance_prompt": null,
  "generate_audio": null,
  "last_frame": null,
  "reference_images": null,
  "mask": null,
  "compression_quality": null,
  "labels": null
}
STEP 2/4 submit image-to-video request
operation_submitted_done=None

===== DEBUG OPERATION [after_submit] =====
operation_type=<class 'google.genai.types.GenerateVideosOperation'>
operation_done=None
operation_name=models/veo-2.0-generate-001/operations/jv4eumr4iwb0
operation_id=None
operation_error=None
operation_metadata=null
operation_result_type=<class 'NoneType'>
operation_response_type=<class 'NoneType'>
operation_repr=GenerateVideosOperation(
  name='models/veo-2.0-generate-001/operations/jv4eumr4iwb0'
)
STEP 3/4 polling operation poll_count=1 wait_seconds=10
operation_status_done=True
operation_status_error={'code': 3, 'message': 'The input image contains content that has been blocked by your current safety settings for person/face generation. If you think this was an error, send feedback.'}

===== DEBUG OPERATION [after_polling_done] =====
operation_type=<class 'google.genai.types.GenerateVideosOperation'>
operation_done=True
operation_name=models/veo-2.0-generate-001/operations/jv4eumr4iwb0
operation_id=None
operation_error={'code': 3, 'message': 'The input image contains content that has been blocked by your current safety settings for person/face generation. If you think this was an error, send feedback.'}
operation_metadata=null
operation_result_type=<class 'NoneType'>
operation_response_type=<class 'NoneType'>
operation_repr=GenerateVideosOperation(
  done=True,
  error={
    'code': 3,
    'message': 'The input image contains content that has been blocked by your current safety settings for person/face generation. If you think this was an error, send feedback.'
  },
  name='models/veo-2.0-generate-001/operations/jv4eumr4iwb0'
)

===== DEBUG RESULT [after_polling_done] =====
result_is_none=True
result_type=<class 'NoneType'>
SCENE RESULT scene_id=2 status=error error=ʵeͦQAȺݦw]wפUGJϤ]tHyeAثeo image-to-video ]w\͡C
ĳBz覡G
1. ΤtMHyϤ
2. Χ󴫳oi scene 
3. o scene OdRAϤAϥΰʵe
error_code=3
error_message=The input image contains content that has been blocked by your current safety settings for person/face generation. If you think this was an error, send feedback.
Traceback (most recent call last):
  File "C:\Project\CAP_2000_Vocab_Project\scripts\generate_all_scene_animations.py", line 170, in run_batch_animation_for_episode
    output_path = generate_scene_animation(ep_num, scene_id)
                  ^^^^^^^^^^^^^^^^^^^^^^^^^^^^^^^^^^^^^^^^^^
  File "C:\Project\CAP_2000_Vocab_Project\scripts\generate_scene_animation.py", line 482, in generate_scene_animation
    raise SceneAnimationError(format_operation_failure(operation, operation_error))
generate_scene_animation.SceneAnimationError: ʵeͦQAȺݦw]wפUGJϤ]tHyeAثeo image-to-video ]w\͡C
ĳBz覡G
1. ΤtMHyϤ
2. Χ󴫳oi scene 
3. o scene OdRAϤAϥΰʵe
error_code=3
error_message=The input image contains content that has been blocked by your current safety settings for person/face generation. If you think this was an error, send feedback.

===== BATCH SCENE 3/20 | scene_id=4 =====
STEP A generate animation prompt scene_id=4
Generating safe animation prompt for Scene 4...
prompt_source=model
saved_to=C:\Project\CAP_2000_Vocab_Project\workspaces\vocab\Ep17_0261_0270\03_storyboards\storyboard.csv
A wide shot captures Mary and John in a bright, calm educational setting. Mary stands near a futuristic holographic screen where the word 'Care' gently pulses, its related words like 'careful' and 'careless' subtly branch and glow along a family tree. Mary makes calm, informative gestures towards the evolving display. John observes with a slight, interested head tilt, occasionally offering a gentle nod. The camera maintains a steady, slow drift, ensuring smooth, continuous animation suitable for a quiet background.
PROMPT RESULT scene_id=4 status=ok
STEP B generate animation video scene_id=4
STEP 1/4 validate inputs
scene_id=4
image_path=C:\Project\CAP_2000_Vocab_Project\workspaces\vocab\Ep17_0261_0270\04_images\ai_generated\img_98.5.png
output_path=C:\Project\CAP_2000_Vocab_Project\workspaces\vocab\Ep17_0261_0270\04_images\animations\scene_4__v01.mp4
duration_seconds=8
video_model=veo-2.0-generate-001
poll_seconds=10
person_generation=allow_adult
image_mime_type=image/png
image_size_bytes=1910455
prompt_length=520
prompt_preview=A wide shot captures Mary and John in a bright, calm educational setting. Mary stands near a futuristic holographic screen where the word 'Care' gently pulses, its related words like 'careful' and 'careless' subtly branch and glow along a family tree. Mary makes calm, informative gestures towards the evolving display. John observes with a slight, interested head tilt, occasionally offering a gentle nod. The camera maintains a steady, slow drift, ensuring smooth, continuous animation suitable for
video_config={
  "http_options": null,
  "number_of_videos": 1,
  "output_gcs_uri": null,
  "fps": null,
  "duration_seconds": 8,
  "seed": null,
  "aspect_ratio": "16:9",
  "resolution": null,
  "person_generation": "allow_adult",
  "pubsub_topic": null,
  "negative_prompt": null,
  "enhance_prompt": null,
  "generate_audio": null,
  "last_frame": null,
  "reference_images": null,
  "mask": null,
  "compression_quality": null,
  "labels": null
}
STEP 2/4 submit image-to-video request
operation_submitted_done=None

===== DEBUG OPERATION [after_submit] =====
operation_type=<class 'google.genai.types.GenerateVideosOperation'>
operation_done=None
operation_name=models/veo-2.0-generate-001/operations/6prt9ee41152
operation_id=None
operation_error=None
operation_metadata=null
operation_result_type=<class 'NoneType'>
operation_response_type=<class 'NoneType'>
operation_repr=GenerateVideosOperation(
  name='models/veo-2.0-generate-001/operations/6prt9ee41152'
)
STEP 3/4 polling operation poll_count=1 wait_seconds=10
operation_status_done=None
operation_status_error=None
STEP 3/4 polling operation poll_count=2 wait_seconds=10
operation_status_done=None
operation_status_error=None
STEP 3/4 polling operation poll_count=3 wait_seconds=10
operation_status_done=True
operation_status_error=None

===== DEBUG OPERATION [after_polling_done] =====
operation_type=<class 'google.genai.types.GenerateVideosOperation'>
operation_done=True
operation_name=models/veo-2.0-generate-001/operations/6prt9ee41152
operation_id=None
operation_error=None
operation_metadata=null
operation_result_type=<class 'google.genai.types.GenerateVideosResponse'>
operation_response_type=<class 'google.genai.types.GenerateVideosResponse'>
operation_repr=GenerateVideosOperation(
  done=True,
  name='models/veo-2.0-generate-001/operations/6prt9ee41152',
  response=GenerateVideosResponse(
    generated_videos=[
      GeneratedVideo(
        video=Video(
          uri='https://generativelanguage.googleapis.com/v1beta/files/y0blr8ulcm8q:download?alt=media'
        )
      ),
    ]
  ),
  result=GenerateVideosResponse(
    generated_videos=[
      GeneratedVideo(
        video=Video(
          uri='https://generativelanguage.googleapis.com/v1beta/files/y0blr8ulcm8q:download?alt=media'
        )
      ),
    ]
  )
)

===== DEBUG RESULT [after_polling_done] =====
result_is_none=False
result_type=<class 'google.genai.types.GenerateVideosResponse'>
result_repr=GenerateVideosResponse(
  generated_videos=[
    GeneratedVideo(
      video=Video(
        uri='https://generativelanguage.googleapis.com/v1beta/files/y0blr8ulcm8q:download?alt=media'
      )
    ),
  ]
)
result_json={
  "generated_videos": [
    {
      "video": {
        "uri": "https://generativelanguage.googleapis.com/v1beta/files/y0blr8ulcm8q:download?alt=media",
        "video_bytes": null,
        "mime_type": null
      }
    }
  ],
  "rai_media_filtered_count": null,
  "rai_media_filtered_reasons": null
}
result_attrs=['construct', 'copy', 'dict', 'from_orm', 'generated_videos', 'json', 'model_computed_fields', 'model_config', 'model_construct', 'model_copy', 'model_dump', 'model_dump_json', 'model_extra', 'model_fields', 'model_fields_set', 'model_json_schema', 'model_parametrized_name', 'model_post_init', 'model_rebuild', 'model_validate', 'model_validate_json', 'model_validate_strings', 'parse_file', 'parse_obj', 'parse_raw', 'rai_media_filtered_count', 'rai_media_filtered_reasons', 'schema', 'schema_json', 'to_json_dict', 'update_forward_refs', 'validate']
generated_videos_exists=True
generated_videos_len=1
generated_video_0_type=<class 'google.genai.types.GeneratedVideo'>
generated_video_0_repr=GeneratedVideo(
  video=Video(
    uri='https://generativelanguage.googleapis.com/v1beta/files/y0blr8ulcm8q:download?alt=media'
  )
)
generated_video_0_json={
  "video": {
    "uri": "https://generativelanguage.googleapis.com/v1beta/files/y0blr8ulcm8q:download?alt=media",
    "video_bytes": null,
    "mime_type": null
  }
}
generated_video_0_video=Video(uri=https://generativelanguage.googleapis.com/v1beta/files/y0blr8ulcm8q:download?alt=media, video_bytes=None, mime_type=None)
generated_video_0_uri=None
generated_video_0_name=None
STEP 4/4 download generated video

===== DEBUG DOWNLOAD TARGET =====
generated_video_type=<class 'google.genai.types.GeneratedVideo'>
generated_video_repr=GeneratedVideo(
  video=Video(
    uri='https://generativelanguage.googleapis.com/v1beta/files/y0blr8ulcm8q:download?alt=media'
  )
)
generated_video_json={
  "video": {
    "uri": "https://generativelanguage.googleapis.com/v1beta/files/y0blr8ulcm8q:download?alt=media",
    "video_bytes": null,
    "mime_type": null
  }
}
download_target_type=<class 'google.genai.types.Video'>
download_target_repr=Video(uri=https://generativelanguage.googleapis.com/v1beta/files/y0blr8ulcm8q:download?alt=media, video_bytes=None, mime_type=None)
download_target_json={
  "uri": "https://generativelanguage.googleapis.com/v1beta/files/y0blr8ulcm8q:download?alt=media",
  "video_bytes": null,
  "mime_type": null
}
raw_output_path=C:\Project\CAP_2000_Vocab_Project\workspaces\vocab\Ep17_0261_0270\04_images\animations\scene_4__v01__raw.mp4
raw_video_size_bytes=1132588
STEP 4.5/4 strip audio track from generated video
DONE animation generated
saved_to=C:\Project\CAP_2000_Vocab_Project\workspaces\vocab\Ep17_0261_0270\04_images\animations\scene_4__v01.mp4
DEFAULT RESULT scene_id=4 status=updated path=C:\Project\CAP_2000_Vocab_Project\workspaces\vocab\Ep17_0261_0270\04_images\animations\scene_4__v01.mp4
SCENE RESULT scene_id=4 status=ok path=C:\Project\CAP_2000_Vocab_Project\workspaces\vocab\Ep17_0261_0270\04_images\animations\scene_4__v01.mp4

===== BATCH SCENE 4/20 | scene_id=6 =====
STEP A generate animation prompt scene_id=6
Generating safe animation prompt for Scene 6...
prompt_source=model
saved_to=C:\Project\CAP_2000_Vocab_Project\workspaces\vocab\Ep17_0261_0270\03_storyboards\storyboard.csv
A gentle educational animation unfolds where the word 'care', shaped like a colorful Lego block, slowly drifts towards a separate block displaying '-less'. They softly align as if preparing to connect, demonstrating suffix addition. John and Mary, positioned at the frame's edges, subtly lean in with calm, curious expressions, observing the word-building process. The camera maintains a steady wide shot, with a barely perceptible slow zoom capturing the harmonious interaction of the word blocks, emphasizing the concept of constructing new words. The overall atmosphere is bright and inviting.
PROMPT RESULT scene_id=6 status=ok
STEP B generate animation video scene_id=6
STEP 1/4 validate inputs
scene_id=6
image_path=C:\Project\CAP_2000_Vocab_Project\workspaces\vocab\Ep17_0261_0270\04_images\ai_generated\img_128.78.png
output_path=C:\Project\CAP_2000_Vocab_Project\workspaces\vocab\Ep17_0261_0270\04_images\animations\scene_6__v01.mp4
duration_seconds=8
video_model=veo-2.0-generate-001
poll_seconds=10
person_generation=allow_adult
image_mime_type=image/png
image_size_bytes=2183380
prompt_length=596
prompt_preview=A gentle educational animation unfolds where the word 'care', shaped like a colorful Lego block, slowly drifts towards a separate block displaying '-less'. They softly align as if preparing to connect, demonstrating suffix addition. John and Mary, positioned at the frame's edges, subtly lean in with calm, curious expressions, observing the word-building process. The camera maintains a steady wide shot, with a barely perceptible slow zoom capturing the harmonious interaction of the word blocks, e
video_config={
  "http_options": null,
  "number_of_videos": 1,
  "output_gcs_uri": null,
  "fps": null,
  "duration_seconds": 8,
  "seed": null,
  "aspect_ratio": "16:9",
  "resolution": null,
  "person_generation": "allow_adult",
  "pubsub_topic": null,
  "negative_prompt": null,
  "enhance_prompt": null,
  "generate_audio": null,
  "last_frame": null,
  "reference_images": null,
  "mask": null,
  "compression_quality": null,
  "labels": null
}
STEP 2/4 submit image-to-video request
operation_submitted_done=None

===== DEBUG OPERATION [after_submit] =====
operation_type=<class 'google.genai.types.GenerateVideosOperation'>
operation_done=None
operation_name=models/veo-2.0-generate-001/operations/p9we25tsmnqx
operation_id=None
operation_error=None
operation_metadata=null
operation_result_type=<class 'NoneType'>
operation_response_type=<class 'NoneType'>
operation_repr=GenerateVideosOperation(
  name='models/veo-2.0-generate-001/operations/p9we25tsmnqx'
)
STEP 3/4 polling operation poll_count=1 wait_seconds=10
operation_status_done=None
operation_status_error=None
STEP 3/4 polling operation poll_count=2 wait_seconds=10
operation_status_done=None
operation_status_error=None
STEP 3/4 polling operation poll_count=3 wait_seconds=10
operation_status_done=True
operation_status_error=None

===== DEBUG OPERATION [after_polling_done] =====
operation_type=<class 'google.genai.types.GenerateVideosOperation'>
operation_done=True
operation_name=models/veo-2.0-generate-001/operations/p9we25tsmnqx
operation_id=None
operation_error=None
operation_metadata=null
operation_result_type=<class 'google.genai.types.GenerateVideosResponse'>
operation_response_type=<class 'google.genai.types.GenerateVideosResponse'>
operation_repr=GenerateVideosOperation(
  done=True,
  name='models/veo-2.0-generate-001/operations/p9we25tsmnqx',
  response=GenerateVideosResponse(
    generated_videos=[
      GeneratedVideo(
        video=Video(
          uri='https://generativelanguage.googleapis.com/v1beta/files/wna38k8wasew:download?alt=media'
        )
      ),
    ]
  ),
  result=GenerateVideosResponse(
    generated_videos=[
      GeneratedVideo(
        video=Video(
          uri='https://generativelanguage.googleapis.com/v1beta/files/wna38k8wasew:download?alt=media'
        )
      ),
    ]
  )
)

===== DEBUG RESULT [after_polling_done] =====
result_is_none=False
result_type=<class 'google.genai.types.GenerateVideosResponse'>
result_repr=GenerateVideosResponse(
  generated_videos=[
    GeneratedVideo(
      video=Video(
        uri='https://generativelanguage.googleapis.com/v1beta/files/wna38k8wasew:download?alt=media'
      )
    ),
  ]
)
result_json={
  "generated_videos": [
    {
      "video": {
        "uri": "https://generativelanguage.googleapis.com/v1beta/files/wna38k8wasew:download?alt=media",
        "video_bytes": null,
        "mime_type": null
      }
    }
  ],
  "rai_media_filtered_count": null,
  "rai_media_filtered_reasons": null
}
result_attrs=['construct', 'copy', 'dict', 'from_orm', 'generated_videos', 'json', 'model_computed_fields', 'model_config', 'model_construct', 'model_copy', 'model_dump', 'model_dump_json', 'model_extra', 'model_fields', 'model_fields_set', 'model_json_schema', 'model_parametrized_name', 'model_post_init', 'model_rebuild', 'model_validate', 'model_validate_json', 'model_validate_strings', 'parse_file', 'parse_obj', 'parse_raw', 'rai_media_filtered_count', 'rai_media_filtered_reasons', 'schema', 'schema_json', 'to_json_dict', 'update_forward_refs', 'validate']
generated_videos_exists=True
generated_videos_len=1
generated_video_0_type=<class 'google.genai.types.GeneratedVideo'>
generated_video_0_repr=GeneratedVideo(
  video=Video(
    uri='https://generativelanguage.googleapis.com/v1beta/files/wna38k8wasew:download?alt=media'
  )
)
generated_video_0_json={
  "video": {
    "uri": "https://generativelanguage.googleapis.com/v1beta/files/wna38k8wasew:download?alt=media",
    "video_bytes": null,
    "mime_type": null
  }
}
generated_video_0_video=Video(uri=https://generativelanguage.googleapis.com/v1beta/files/wna38k8wasew:download?alt=media, video_bytes=None, mime_type=None)
generated_video_0_uri=None
generated_video_0_name=None
STEP 4/4 download generated video

===== DEBUG DOWNLOAD TARGET =====
generated_video_type=<class 'google.genai.types.GeneratedVideo'>
generated_video_repr=GeneratedVideo(
  video=Video(
    uri='https://generativelanguage.googleapis.com/v1beta/files/wna38k8wasew:download?alt=media'
  )
)
generated_video_json={
  "video": {
    "uri": "https://generativelanguage.googleapis.com/v1beta/files/wna38k8wasew:download?alt=media",
    "video_bytes": null,
    "mime_type": null
  }
}
download_target_type=<class 'google.genai.types.Video'>
download_target_repr=Video(uri=https://generativelanguage.googleapis.com/v1beta/files/wna38k8wasew:download?alt=media, video_bytes=None, mime_type=None)
download_target_json={
  "uri": "https://generativelanguage.googleapis.com/v1beta/files/wna38k8wasew:download?alt=media",
  "video_bytes": null,
  "mime_type": null
}
raw_output_path=C:\Project\CAP_2000_Vocab_Project\workspaces\vocab\Ep17_0261_0270\04_images\animations\scene_6__v01__raw.mp4
raw_video_size_bytes=1982039
STEP 4.5/4 strip audio track from generated video
DONE animation generated
saved_to=C:\Project\CAP_2000_Vocab_Project\workspaces\vocab\Ep17_0261_0270\04_images\animations\scene_6__v01.mp4
DEFAULT RESULT scene_id=6 status=updated path=C:\Project\CAP_2000_Vocab_Project\workspaces\vocab\Ep17_0261_0270\04_images\animations\scene_6__v01.mp4
SCENE RESULT scene_id=6 status=ok path=C:\Project\CAP_2000_Vocab_Project\workspaces\vocab\Ep17_0261_0270\04_images\animations\scene_6__v01.mp4

===== BATCH SCENE 5/20 | scene_id=8 =====
STEP A generate animation prompt scene_id=8
Generating safe animation prompt for Scene 8...
prompt_source=model
saved_to=C:\Project\CAP_2000_Vocab_Project\workspaces\vocab\Ep17_0261_0270\03_storyboards\storyboard.csv
A gentle scene unfolds with the word 'care' softly animating. A new Lego block bearing '-ful' glides smoothly into view from the side, preparing for a seamless connection. John subtly gestures towards the educational display with a friendly, inquisitive pointer finger. Mary observes calmly beside him. The camera performs a very subtle, slow push-in, gently drawing focus to the upcoming, smooth union of the word elements. Soft studio lighting maintains a serene and inviting educational atmosphere.
PROMPT RESULT scene_id=8 status=ok
STEP B generate animation video scene_id=8
STEP 1/4 validate inputs
scene_id=8
image_path=C:\Project\CAP_2000_Vocab_Project\workspaces\vocab\Ep17_0261_0270\04_images\ai_generated\img_172.46.png
output_path=C:\Project\CAP_2000_Vocab_Project\workspaces\vocab\Ep17_0261_0270\04_images\animations\scene_8__v01.mp4
duration_seconds=8
video_model=veo-2.0-generate-001
poll_seconds=10
person_generation=allow_adult
image_mime_type=image/png
image_size_bytes=1577796
prompt_length=501
prompt_preview=A gentle scene unfolds with the word 'care' softly animating. A new Lego block bearing '-ful' glides smoothly into view from the side, preparing for a seamless connection. John subtly gestures towards the educational display with a friendly, inquisitive pointer finger. Mary observes calmly beside him. The camera performs a very subtle, slow push-in, gently drawing focus to the upcoming, smooth union of the word elements. Soft studio lighting maintains a serene and inviting educational atmosphere
video_config={
  "http_options": null,
  "number_of_videos": 1,
  "output_gcs_uri": null,
  "fps": null,
  "duration_seconds": 8,
  "seed": null,
  "aspect_ratio": "16:9",
  "resolution": null,
  "person_generation": "allow_adult",
  "pubsub_topic": null,
  "negative_prompt": null,
  "enhance_prompt": null,
  "generate_audio": null,
  "last_frame": null,
  "reference_images": null,
  "mask": null,
  "compression_quality": null,
  "labels": null
}
STEP 2/4 submit image-to-video request
operation_submitted_done=None

===== DEBUG OPERATION [after_submit] =====
operation_type=<class 'google.genai.types.GenerateVideosOperation'>
operation_done=None
operation_name=models/veo-2.0-generate-001/operations/pam6ps2kk12s
operation_id=None
operation_error=None
operation_metadata=null
operation_result_type=<class 'NoneType'>
operation_response_type=<class 'NoneType'>
operation_repr=GenerateVideosOperation(
  name='models/veo-2.0-generate-001/operations/pam6ps2kk12s'
)
STEP 3/4 polling operation poll_count=1 wait_seconds=10
operation_status_done=None
operation_status_error=None
STEP 3/4 polling operation poll_count=2 wait_seconds=10
operation_status_done=None
operation_status_error=None
STEP 3/4 polling operation poll_count=3 wait_seconds=10
operation_status_done=True
operation_status_error=None

===== DEBUG OPERATION [after_polling_done] =====
operation_type=<class 'google.genai.types.GenerateVideosOperation'>
operation_done=True
operation_name=models/veo-2.0-generate-001/operations/pam6ps2kk12s
operation_id=None
operation_error=None
operation_metadata=null
operation_result_type=<class 'google.genai.types.GenerateVideosResponse'>
operation_response_type=<class 'google.genai.types.GenerateVideosResponse'>
operation_repr=GenerateVideosOperation(
  done=True,
  name='models/veo-2.0-generate-001/operations/pam6ps2kk12s',
  response=GenerateVideosResponse(
    rai_media_filtered_count=1,
    rai_media_filtered_reasons=[
      "1 videos were filtered out because they violated Gemini API's usage guidelines. You will not be charged for blocked videos. Try rephrasing the prompt. If you think this was an error, send feedback.",
    ]
  ),
  result=GenerateVideosResponse(
    rai_media_filtered_count=1,
    rai_media_filtered_reasons=[
      "1 videos were filtered out because they violated Gemini API's usage guidelines. You will not be charged for blocked videos. Try rephrasing the prompt. If you think this was an error, send feedback.",
    ]
  )
)

===== DEBUG RESULT [after_polling_done] =====
result_is_none=False
result_type=<class 'google.genai.types.GenerateVideosResponse'>
result_repr=GenerateVideosResponse(
  rai_media_filtered_count=1,
  rai_media_filtered_reasons=[
    "1 videos were filtered out because they violated Gemini API's usage guidelines. You will not be charged for blocked videos. Try rephrasing the prompt. If you think this was an error, send feedback.",
  ]
)
result_json={
  "generated_videos": null,
  "rai_media_filtered_count": 1,
  "rai_media_filtered_reasons": [
    "1 videos were filtered out because they violated Gemini API's usage guidelines. You will not be charged for blocked videos. Try rephrasing the prompt. If you think this was an error, send feedback."
  ]
}
result_attrs=['construct', 'copy', 'dict', 'from_orm', 'generated_videos', 'json', 'model_computed_fields', 'model_config', 'model_construct', 'model_copy', 'model_dump', 'model_dump_json', 'model_extra', 'model_fields', 'model_fields_set', 'model_json_schema', 'model_parametrized_name', 'model_post_init', 'model_rebuild', 'model_validate', 'model_validate_json', 'model_validate_strings', 'parse_file', 'parse_obj', 'parse_raw', 'rai_media_filtered_count', 'rai_media_filtered_reasons', 'schema', 'schema_json', 'to_json_dict', 'update_forward_refs', 'validate']
generated_videos_exists=False
WARN safe_prompt_retry scene_id=8 reason=policy_filtered
retry_animation_prompt=A calm educational animation of [0:02:52.760000-->0:02:55.300000] JMNSr, | [0:02:55.440000-->0:02:58] M]NRroC | [0:02:58.200000-->0:02:58.700000] R, | [0:02:59.040000-->0:03:01.780000] ҥHpGڤѦҸˬdFWhMB | [0:03:01.860000-->0:03:03] WťJ., with subtle breathing, gentle head turns, small hand gestures, soft infographic motion, and slow camera drift. Keep the original subjects, layout, props, and colors unchanged. Maintain friendly expressions, soft studio lighting, light background parallax, and smooth Pixar-like continuity throughout.
STEP 2/4 submit image-to-video request
operation_submitted_done=None

===== DEBUG OPERATION [after_submit] =====
operation_type=<class 'google.genai.types.GenerateVideosOperation'>
operation_done=None
operation_name=models/veo-2.0-generate-001/operations/jqdnf04c46fr
operation_id=None
operation_error=None
operation_metadata=null
operation_result_type=<class 'NoneType'>
operation_response_type=<class 'NoneType'>
operation_repr=GenerateVideosOperation(
  name='models/veo-2.0-generate-001/operations/jqdnf04c46fr'
)
STEP 3/4 polling operation poll_count=1 wait_seconds=10
operation_status_done=None
operation_status_error=None
STEP 3/4 polling operation poll_count=2 wait_seconds=10
operation_status_done=None
operation_status_error=None
STEP 3/4 polling operation poll_count=3 wait_seconds=10
operation_status_done=True
operation_status_error=None

===== DEBUG OPERATION [after_polling_done] =====
operation_type=<class 'google.genai.types.GenerateVideosOperation'>
operation_done=True
operation_name=models/veo-2.0-generate-001/operations/jqdnf04c46fr
operation_id=None
operation_error=None
operation_metadata=null
operation_result_type=<class 'google.genai.types.GenerateVideosResponse'>
operation_response_type=<class 'google.genai.types.GenerateVideosResponse'>
operation_repr=GenerateVideosOperation(
  done=True,
  name='models/veo-2.0-generate-001/operations/jqdnf04c46fr',
  response=GenerateVideosResponse(
    rai_media_filtered_count=1,
    rai_media_filtered_reasons=[
      "1 videos were filtered out because they violated Gemini API's usage guidelines. You will not be charged for blocked videos. Try rephrasing the prompt. If you think this was an error, send feedback.",
    ]
  ),
  result=GenerateVideosResponse(
    rai_media_filtered_count=1,
    rai_media_filtered_reasons=[
      "1 videos were filtered out because they violated Gemini API's usage guidelines. You will not be charged for blocked videos. Try rephrasing the prompt. If you think this was an error, send feedback.",
    ]
  )
)

===== DEBUG RESULT [after_polling_done] =====
result_is_none=False
result_type=<class 'google.genai.types.GenerateVideosResponse'>
result_repr=GenerateVideosResponse(
  rai_media_filtered_count=1,
  rai_media_filtered_reasons=[
    "1 videos were filtered out because they violated Gemini API's usage guidelines. You will not be charged for blocked videos. Try rephrasing the prompt. If you think this was an error, send feedback.",
  ]
)
result_json={
  "generated_videos": null,
  "rai_media_filtered_count": 1,
  "rai_media_filtered_reasons": [
    "1 videos were filtered out because they violated Gemini API's usage guidelines. You will not be charged for blocked videos. Try rephrasing the prompt. If you think this was an error, send feedback."
  ]
}
result_attrs=['construct', 'copy', 'dict', 'from_orm', 'generated_videos', 'json', 'model_computed_fields', 'model_config', 'model_construct', 'model_copy', 'model_dump', 'model_dump_json', 'model_extra', 'model_fields', 'model_fields_set', 'model_json_schema', 'model_parametrized_name', 'model_post_init', 'model_rebuild', 'model_validate', 'model_validate_json', 'model_validate_strings', 'parse_file', 'parse_obj', 'parse_raw', 'rai_media_filtered_count', 'rai_media_filtered_reasons', 'schema', 'schema_json', 'to_json_dict', 'update_forward_refs', 'validate']
generated_videos_exists=False
SCENE RESULT scene_id=8 status=error error=ʵeͦ@~wAXvQAȺݤef/ϥάFLoA]S^iUvC
ĳBz覡G
1. sg animation promptAקKMIBˡBĬΨLiĲoFyz
2. CHjסA令󤤩ʡBоǦBũMʧ@
3. Yo scene @QסAOdRAϤAϥΰʵe
filtered_count=1
filtered_reasons=
1 videos were filtered out because they violated Gemini API's usage guidelines. You will not be charged for blocked videos. Try rephrasing the prompt. If you think this was an error, send feedback.
Traceback (most recent call last):
  File "C:\Project\CAP_2000_Vocab_Project\scripts\generate_all_scene_animations.py", line 170, in run_batch_animation_for_episode
    output_path = generate_scene_animation(ep_num, scene_id)
                  ^^^^^^^^^^^^^^^^^^^^^^^^^^^^^^^^^^^^^^^^^^
  File "C:\Project\CAP_2000_Vocab_Project\scripts\generate_scene_animation.py", line 503, in generate_scene_animation
    raise SceneAnimationError(format_result_policy_filtered(result))
generate_scene_animation.SceneAnimationError: ʵeͦ@~wAXvQAȺݤef/ϥάFLoA]S^iUvC
ĳBz覡G
1. sg animation promptAקKMIBˡBĬΨLiĲoFyz
2. CHjסA令󤤩ʡBоǦBũMʧ@
3. Yo scene @QסAOdRAϤAϥΰʵe
filtered_count=1
filtered_reasons=
1 videos were filtered out because they violated Gemini API's usage guidelines. You will not be charged for blocked videos. Try rephrasing the prompt. If you think this was an error, send feedback.

===== BATCH SCENE 6/20 | scene_id=10 =====
STEP A generate animation prompt scene_id=10
Generating safe animation prompt for Scene 10...
prompt_source=model
saved_to=C:\Project\CAP_2000_Vocab_Project\workspaces\vocab\Ep17_0261_0270\03_storyboards\storyboard.csv
A cute 3D cartoon character ambles along, distracted, as they absentmindedly brush past a low-hanging tree branch, causing a few leaves to softly rustle. Their forgotten lunchbox rests peacefully on a table in the foreground. The camera executes a gentle, slow pan, following the character's mild movement through the vibrant, soft-lit scene, maintaining a tranquil educational atmosphere with seamless continuity.
PROMPT RESULT scene_id=10 status=ok
STEP B generate animation video scene_id=10
STEP 1/4 validate inputs
scene_id=10
image_path=C:\Project\CAP_2000_Vocab_Project\workspaces\vocab\Ep17_0261_0270\04_images\ai_generated\img_209.06.png
output_path=C:\Project\CAP_2000_Vocab_Project\workspaces\vocab\Ep17_0261_0270\04_images\animations\scene_10__v01.mp4
duration_seconds=8
video_model=veo-2.0-generate-001
poll_seconds=10
person_generation=allow_adult
image_mime_type=image/png
image_size_bytes=1967531
prompt_length=414
prompt_preview=A cute 3D cartoon character ambles along, distracted, as they absentmindedly brush past a low-hanging tree branch, causing a few leaves to softly rustle. Their forgotten lunchbox rests peacefully on a table in the foreground. The camera executes a gentle, slow pan, following the character's mild movement through the vibrant, soft-lit scene, maintaining a tranquil educational atmosphere with seamless continuity.
video_config={
  "http_options": null,
  "number_of_videos": 1,
  "output_gcs_uri": null,
  "fps": null,
  "duration_seconds": 8,
  "seed": null,
  "aspect_ratio": "16:9",
  "resolution": null,
  "person_generation": "allow_adult",
  "pubsub_topic": null,
  "negative_prompt": null,
  "enhance_prompt": null,
  "generate_audio": null,
  "last_frame": null,
  "reference_images": null,
  "mask": null,
  "compression_quality": null,
  "labels": null
}
STEP 2/4 submit image-to-video request
operation_submitted_done=None

===== DEBUG OPERATION [after_submit] =====
operation_type=<class 'google.genai.types.GenerateVideosOperation'>
operation_done=None
operation_name=models/veo-2.0-generate-001/operations/iaiaex02szyh
operation_id=None
operation_error=None
operation_metadata=null
operation_result_type=<class 'NoneType'>
operation_response_type=<class 'NoneType'>
operation_repr=GenerateVideosOperation(
  name='models/veo-2.0-generate-001/operations/iaiaex02szyh'
)
STEP 3/4 polling operation poll_count=1 wait_seconds=10
operation_status_done=None
operation_status_error=None
STEP 3/4 polling operation poll_count=2 wait_seconds=10
operation_status_done=None
operation_status_error=None
STEP 3/4 polling operation poll_count=3 wait_seconds=10
operation_status_done=True
operation_status_error=None

===== DEBUG OPERATION [after_polling_done] =====
operation_type=<class 'google.genai.types.GenerateVideosOperation'>
operation_done=True
operation_name=models/veo-2.0-generate-001/operations/iaiaex02szyh
operation_id=None
operation_error=None
operation_metadata=null
operation_result_type=<class 'google.genai.types.GenerateVideosResponse'>
operation_response_type=<class 'google.genai.types.GenerateVideosResponse'>
operation_repr=GenerateVideosOperation(
  done=True,
  name='models/veo-2.0-generate-001/operations/iaiaex02szyh',
  response=GenerateVideosResponse(
    generated_videos=[
      GeneratedVideo(
        video=Video(
          uri='https://generativelanguage.googleapis.com/v1beta/files/9b9icjcnacg2:download?alt=media'
        )
      ),
    ]
  ),
  result=GenerateVideosResponse(
    generated_videos=[
      GeneratedVideo(
        video=Video(
          uri='https://generativelanguage.googleapis.com/v1beta/files/9b9icjcnacg2:download?alt=media'
        )
      ),
    ]
  )
)

===== DEBUG RESULT [after_polling_done] =====
result_is_none=False
result_type=<class 'google.genai.types.GenerateVideosResponse'>
result_repr=GenerateVideosResponse(
  generated_videos=[
    GeneratedVideo(
      video=Video(
        uri='https://generativelanguage.googleapis.com/v1beta/files/9b9icjcnacg2:download?alt=media'
      )
    ),
  ]
)
result_json={
  "generated_videos": [
    {
      "video": {
        "uri": "https://generativelanguage.googleapis.com/v1beta/files/9b9icjcnacg2:download?alt=media",
        "video_bytes": null,
        "mime_type": null
      }
    }
  ],
  "rai_media_filtered_count": null,
  "rai_media_filtered_reasons": null
}
result_attrs=['construct', 'copy', 'dict', 'from_orm', 'generated_videos', 'json', 'model_computed_fields', 'model_config', 'model_construct', 'model_copy', 'model_dump', 'model_dump_json', 'model_extra', 'model_fields', 'model_fields_set', 'model_json_schema', 'model_parametrized_name', 'model_post_init', 'model_rebuild', 'model_validate', 'model_validate_json', 'model_validate_strings', 'parse_file', 'parse_obj', 'parse_raw', 'rai_media_filtered_count', 'rai_media_filtered_reasons', 'schema', 'schema_json', 'to_json_dict', 'update_forward_refs', 'validate']
generated_videos_exists=True
generated_videos_len=1
generated_video_0_type=<class 'google.genai.types.GeneratedVideo'>
generated_video_0_repr=GeneratedVideo(
  video=Video(
    uri='https://generativelanguage.googleapis.com/v1beta/files/9b9icjcnacg2:download?alt=media'
  )
)
generated_video_0_json={
  "video": {
    "uri": "https://generativelanguage.googleapis.com/v1beta/files/9b9icjcnacg2:download?alt=media",
    "video_bytes": null,
    "mime_type": null
  }
}
generated_video_0_video=Video(uri=https://generativelanguage.googleapis.com/v1beta/files/9b9icjcnacg2:download?alt=media, video_bytes=None, mime_type=None)
generated_video_0_uri=None
generated_video_0_name=None
STEP 4/4 download generated video

===== DEBUG DOWNLOAD TARGET =====
generated_video_type=<class 'google.genai.types.GeneratedVideo'>
generated_video_repr=GeneratedVideo(
  video=Video(
    uri='https://generativelanguage.googleapis.com/v1beta/files/9b9icjcnacg2:download?alt=media'
  )
)
generated_video_json={
  "video": {
    "uri": "https://generativelanguage.googleapis.com/v1beta/files/9b9icjcnacg2:download?alt=media",
    "video_bytes": null,
    "mime_type": null
  }
}
download_target_type=<class 'google.genai.types.Video'>
download_target_repr=Video(uri=https://generativelanguage.googleapis.com/v1beta/files/9b9icjcnacg2:download?alt=media, video_bytes=None, mime_type=None)
download_target_json={
  "uri": "https://generativelanguage.googleapis.com/v1beta/files/9b9icjcnacg2:download?alt=media",
  "video_bytes": null,
  "mime_type": null
}
raw_output_path=C:\Project\CAP_2000_Vocab_Project\workspaces\vocab\Ep17_0261_0270\04_images\animations\scene_10__v01__raw.mp4
raw_video_size_bytes=2166066
STEP 4.5/4 strip audio track from generated video
DONE animation generated
saved_to=C:\Project\CAP_2000_Vocab_Project\workspaces\vocab\Ep17_0261_0270\04_images\animations\scene_10__v01.mp4
DEFAULT RESULT scene_id=10 status=updated path=C:\Project\CAP_2000_Vocab_Project\workspaces\vocab\Ep17_0261_0270\04_images\animations\scene_10__v01.mp4
SCENE RESULT scene_id=10 status=ok path=C:\Project\CAP_2000_Vocab_Project\workspaces\vocab\Ep17_0261_0270\04_images\animations\scene_10__v01.mp4

===== BATCH SCENE 7/20 | scene_id=12 =====
STEP A generate animation prompt scene_id=12
Generating safe animation prompt for Scene 12...
prompt_source=model
saved_to=C:\Project\CAP_2000_Vocab_Project\workspaces\vocab\Ep17_0261_0270\03_storyboards\storyboard.csv
The cozy living room scene gently animates as the glass on the small table slowly tilts. The water inside subtly shifts, then gracefully detaches, forming soft, clear droplets that descend with calm precision. These delicate droplets gently meet the fluffy rug, illustrating a serene interaction of liquid and texture. A very subtle camera drift enhances the quiet, peaceful atmosphere, maintaining focus on this gentle demonstration within the calm home setting.
PROMPT RESULT scene_id=12 status=ok
STEP B generate animation video scene_id=12
STEP 1/4 validate inputs
scene_id=12
image_path=C:\Project\CAP_2000_Vocab_Project\workspaces\vocab\Ep17_0261_0270\04_images\ai_generated\img_253.82.png
output_path=C:\Project\CAP_2000_Vocab_Project\workspaces\vocab\Ep17_0261_0270\04_images\animations\scene_12__v01.mp4
duration_seconds=5
video_model=veo-2.0-generate-001
poll_seconds=10
person_generation=allow_adult
image_mime_type=image/png
image_size_bytes=2415173
prompt_length=463
prompt_preview=The cozy living room scene gently animates as the glass on the small table slowly tilts. The water inside subtly shifts, then gracefully detaches, forming soft, clear droplets that descend with calm precision. These delicate droplets gently meet the fluffy rug, illustrating a serene interaction of liquid and texture. A very subtle camera drift enhances the quiet, peaceful atmosphere, maintaining focus on this gentle demonstration within the calm home setting.
video_config={
  "http_options": null,
  "number_of_videos": 1,
  "output_gcs_uri": null,
  "fps": null,
  "duration_seconds": 5,
  "seed": null,
  "aspect_ratio": "16:9",
  "resolution": null,
  "person_generation": "allow_adult",
  "pubsub_topic": null,
  "negative_prompt": null,
  "enhance_prompt": null,
  "generate_audio": null,
  "last_frame": null,
  "reference_images": null,
  "mask": null,
  "compression_quality": null,
  "labels": null
}
STEP 2/4 submit image-to-video request
operation_submitted_done=None

===== DEBUG OPERATION [after_submit] =====
operation_type=<class 'google.genai.types.GenerateVideosOperation'>
operation_done=None
operation_name=models/veo-2.0-generate-001/operations/izwgwuro9vv2
operation_id=None
operation_error=None
operation_metadata=null
operation_result_type=<class 'NoneType'>
operation_response_type=<class 'NoneType'>
operation_repr=GenerateVideosOperation(
  name='models/veo-2.0-generate-001/operations/izwgwuro9vv2'
)
STEP 3/4 polling operation poll_count=1 wait_seconds=10
operation_status_done=None
operation_status_error=None
STEP 3/4 polling operation poll_count=2 wait_seconds=10
operation_status_done=None
operation_status_error=None
STEP 3/4 polling operation poll_count=3 wait_seconds=10
operation_status_done=True
operation_status_error=None

===== DEBUG OPERATION [after_polling_done] =====
operation_type=<class 'google.genai.types.GenerateVideosOperation'>
operation_done=True
operation_name=models/veo-2.0-generate-001/operations/izwgwuro9vv2
operation_id=None
operation_error=None
operation_metadata=null
operation_result_type=<class 'google.genai.types.GenerateVideosResponse'>
operation_response_type=<class 'google.genai.types.GenerateVideosResponse'>
operation_repr=GenerateVideosOperation(
  done=True,
  name='models/veo-2.0-generate-001/operations/izwgwuro9vv2',
  response=GenerateVideosResponse(
    generated_videos=[
      GeneratedVideo(
        video=Video(
          uri='https://generativelanguage.googleapis.com/v1beta/files/3cucokdtb2h0:download?alt=media'
        )
      ),
    ]
  ),
  result=GenerateVideosResponse(
    generated_videos=[
      GeneratedVideo(
        video=Video(
          uri='https://generativelanguage.googleapis.com/v1beta/files/3cucokdtb2h0:download?alt=media'
        )
      ),
    ]
  )
)

===== DEBUG RESULT [after_polling_done] =====
result_is_none=False
result_type=<class 'google.genai.types.GenerateVideosResponse'>
result_repr=GenerateVideosResponse(
  generated_videos=[
    GeneratedVideo(
      video=Video(
        uri='https://generativelanguage.googleapis.com/v1beta/files/3cucokdtb2h0:download?alt=media'
      )
    ),
  ]
)
result_json={
  "generated_videos": [
    {
      "video": {
        "uri": "https://generativelanguage.googleapis.com/v1beta/files/3cucokdtb2h0:download?alt=media",
        "video_bytes": null,
        "mime_type": null
      }
    }
  ],
  "rai_media_filtered_count": null,
  "rai_media_filtered_reasons": null
}
result_attrs=['construct', 'copy', 'dict', 'from_orm', 'generated_videos', 'json', 'model_computed_fields', 'model_config', 'model_construct', 'model_copy', 'model_dump', 'model_dump_json', 'model_extra', 'model_fields', 'model_fields_set', 'model_json_schema', 'model_parametrized_name', 'model_post_init', 'model_rebuild', 'model_validate', 'model_validate_json', 'model_validate_strings', 'parse_file', 'parse_obj', 'parse_raw', 'rai_media_filtered_count', 'rai_media_filtered_reasons', 'schema', 'schema_json', 'to_json_dict', 'update_forward_refs', 'validate']
generated_videos_exists=True
generated_videos_len=1
generated_video_0_type=<class 'google.genai.types.GeneratedVideo'>
generated_video_0_repr=GeneratedVideo(
  video=Video(
    uri='https://generativelanguage.googleapis.com/v1beta/files/3cucokdtb2h0:download?alt=media'
  )
)
generated_video_0_json={
  "video": {
    "uri": "https://generativelanguage.googleapis.com/v1beta/files/3cucokdtb2h0:download?alt=media",
    "video_bytes": null,
    "mime_type": null
  }
}
generated_video_0_video=Video(uri=https://generativelanguage.googleapis.com/v1beta/files/3cucokdtb2h0:download?alt=media, video_bytes=None, mime_type=None)
generated_video_0_uri=None
generated_video_0_name=None
STEP 4/4 download generated video

===== DEBUG DOWNLOAD TARGET =====
generated_video_type=<class 'google.genai.types.GeneratedVideo'>
generated_video_repr=GeneratedVideo(
  video=Video(
    uri='https://generativelanguage.googleapis.com/v1beta/files/3cucokdtb2h0:download?alt=media'
  )
)
generated_video_json={
  "video": {
    "uri": "https://generativelanguage.googleapis.com/v1beta/files/3cucokdtb2h0:download?alt=media",
    "video_bytes": null,
    "mime_type": null
  }
}
download_target_type=<class 'google.genai.types.Video'>
download_target_repr=Video(uri=https://generativelanguage.googleapis.com/v1beta/files/3cucokdtb2h0:download?alt=media, video_bytes=None, mime_type=None)
download_target_json={
  "uri": "https://generativelanguage.googleapis.com/v1beta/files/3cucokdtb2h0:download?alt=media",
  "video_bytes": null,
  "mime_type": null
}
raw_output_path=C:\Project\CAP_2000_Vocab_Project\workspaces\vocab\Ep17_0261_0270\04_images\animations\scene_12__v01__raw.mp4
raw_video_size_bytes=1398913
STEP 4.5/4 strip audio track from generated video
DONE animation generated
saved_to=C:\Project\CAP_2000_Vocab_Project\workspaces\vocab\Ep17_0261_0270\04_images\animations\scene_12__v01.mp4
DEFAULT RESULT scene_id=12 status=updated path=C:\Project\CAP_2000_Vocab_Project\workspaces\vocab\Ep17_0261_0270\04_images\animations\scene_12__v01.mp4
SCENE RESULT scene_id=12 status=ok path=C:\Project\CAP_2000_Vocab_Project\workspaces\vocab\Ep17_0261_0270\04_images\animations\scene_12__v01.mp4

===== BATCH SCENE 8/20 | scene_id=15 =====
STEP A generate animation prompt scene_id=15
Generating safe animation prompt for Scene 15...
prompt_source=model
saved_to=C:\Project\CAP_2000_Vocab_Project\workspaces\vocab\Ep17_0261_0270\03_storyboards\storyboard.csv
A gentle breeze subtly shifts the light spilling through the doorway onto the cute 3D cartoon backpack and phone. The camera slowly glides closer, softly emphasizing the items resting calmly by the sunlit exit. A sense of peaceful readiness and anticipation for a new educational journey fills the air, maintaining the cinematic wide shot perspective. The scene encourages thoughtful preparation for leaving, with everything appearing settled and organized for a smooth transition.
PROMPT RESULT scene_id=15 status=ok
STEP B generate animation video scene_id=15
STEP 1/4 validate inputs
scene_id=15
image_path=C:\Project\CAP_2000_Vocab_Project\workspaces\vocab\Ep17_0261_0270\04_images\ai_generated\img_296.86.png
output_path=C:\Project\CAP_2000_Vocab_Project\workspaces\vocab\Ep17_0261_0270\04_images\animations\scene_15__v01.mp4
duration_seconds=8
video_model=veo-2.0-generate-001
poll_seconds=10
person_generation=allow_adult
image_mime_type=image/png
image_size_bytes=1995645
prompt_length=481
prompt_preview=A gentle breeze subtly shifts the light spilling through the doorway onto the cute 3D cartoon backpack and phone. The camera slowly glides closer, softly emphasizing the items resting calmly by the sunlit exit. A sense of peaceful readiness and anticipation for a new educational journey fills the air, maintaining the cinematic wide shot perspective. The scene encourages thoughtful preparation for leaving, with everything appearing settled and organized for a smooth transition.
video_config={
  "http_options": null,
  "number_of_videos": 1,
  "output_gcs_uri": null,
  "fps": null,
  "duration_seconds": 8,
  "seed": null,
  "aspect_ratio": "16:9",
  "resolution": null,
  "person_generation": "allow_adult",
  "pubsub_topic": null,
  "negative_prompt": null,
  "enhance_prompt": null,
  "generate_audio": null,
  "last_frame": null,
  "reference_images": null,
  "mask": null,
  "compression_quality": null,
  "labels": null
}
STEP 2/4 submit image-to-video request
operation_submitted_done=None

===== DEBUG OPERATION [after_submit] =====
operation_type=<class 'google.genai.types.GenerateVideosOperation'>
operation_done=None
operation_name=models/veo-2.0-generate-001/operations/jsdx35qoowuv
operation_id=None
operation_error=None
operation_metadata=null
operation_result_type=<class 'NoneType'>
operation_response_type=<class 'NoneType'>
operation_repr=GenerateVideosOperation(
  name='models/veo-2.0-generate-001/operations/jsdx35qoowuv'
)
STEP 3/4 polling operation poll_count=1 wait_seconds=10
operation_status_done=None
operation_status_error=None
STEP 3/4 polling operation poll_count=2 wait_seconds=10
operation_status_done=None
operation_status_error=None
STEP 3/4 polling operation poll_count=3 wait_seconds=10
operation_status_done=True
operation_status_error=None

===== DEBUG OPERATION [after_polling_done] =====
operation_type=<class 'google.genai.types.GenerateVideosOperation'>
operation_done=True
operation_name=models/veo-2.0-generate-001/operations/jsdx35qoowuv
operation_id=None
operation_error=None
operation_metadata=null
operation_result_type=<class 'google.genai.types.GenerateVideosResponse'>
operation_response_type=<class 'google.genai.types.GenerateVideosResponse'>
operation_repr=GenerateVideosOperation(
  done=True,
  name='models/veo-2.0-generate-001/operations/jsdx35qoowuv',
  response=GenerateVideosResponse(
    generated_videos=[
      GeneratedVideo(
        video=Video(
          uri='https://generativelanguage.googleapis.com/v1beta/files/nwmfuasisc2v:download?alt=media'
        )
      ),
    ]
  ),
  result=GenerateVideosResponse(
    generated_videos=[
      GeneratedVideo(
        video=Video(
          uri='https://generativelanguage.googleapis.com/v1beta/files/nwmfuasisc2v:download?alt=media'
        )
      ),
    ]
  )
)

===== DEBUG RESULT [after_polling_done] =====
result_is_none=False
result_type=<class 'google.genai.types.GenerateVideosResponse'>
result_repr=GenerateVideosResponse(
  generated_videos=[
    GeneratedVideo(
      video=Video(
        uri='https://generativelanguage.googleapis.com/v1beta/files/nwmfuasisc2v:download?alt=media'
      )
    ),
  ]
)
result_json={
  "generated_videos": [
    {
      "video": {
        "uri": "https://generativelanguage.googleapis.com/v1beta/files/nwmfuasisc2v:download?alt=media",
        "video_bytes": null,
        "mime_type": null
      }
    }
  ],
  "rai_media_filtered_count": null,
  "rai_media_filtered_reasons": null
}
result_attrs=['construct', 'copy', 'dict', 'from_orm', 'generated_videos', 'json', 'model_computed_fields', 'model_config', 'model_construct', 'model_copy', 'model_dump', 'model_dump_json', 'model_extra', 'model_fields', 'model_fields_set', 'model_json_schema', 'model_parametrized_name', 'model_post_init', 'model_rebuild', 'model_validate', 'model_validate_json', 'model_validate_strings', 'parse_file', 'parse_obj', 'parse_raw', 'rai_media_filtered_count', 'rai_media_filtered_reasons', 'schema', 'schema_json', 'to_json_dict', 'update_forward_refs', 'validate']
generated_videos_exists=True
generated_videos_len=1
generated_video_0_type=<class 'google.genai.types.GeneratedVideo'>
generated_video_0_repr=GeneratedVideo(
  video=Video(
    uri='https://generativelanguage.googleapis.com/v1beta/files/nwmfuasisc2v:download?alt=media'
  )
)
generated_video_0_json={
  "video": {
    "uri": "https://generativelanguage.googleapis.com/v1beta/files/nwmfuasisc2v:download?alt=media",
    "video_bytes": null,
    "mime_type": null
  }
}
generated_video_0_video=Video(uri=https://generativelanguage.googleapis.com/v1beta/files/nwmfuasisc2v:download?alt=media, video_bytes=None, mime_type=None)
generated_video_0_uri=None
generated_video_0_name=None
STEP 4/4 download generated video

===== DEBUG DOWNLOAD TARGET =====
generated_video_type=<class 'google.genai.types.GeneratedVideo'>
generated_video_repr=GeneratedVideo(
  video=Video(
    uri='https://generativelanguage.googleapis.com/v1beta/files/nwmfuasisc2v:download?alt=media'
  )
)
generated_video_json={
  "video": {
    "uri": "https://generativelanguage.googleapis.com/v1beta/files/nwmfuasisc2v:download?alt=media",
    "video_bytes": null,
    "mime_type": null
  }
}
download_target_type=<class 'google.genai.types.Video'>
download_target_repr=Video(uri=https://generativelanguage.googleapis.com/v1beta/files/nwmfuasisc2v:download?alt=media, video_bytes=None, mime_type=None)
download_target_json={
  "uri": "https://generativelanguage.googleapis.com/v1beta/files/nwmfuasisc2v:download?alt=media",
  "video_bytes": null,
  "mime_type": null
}
raw_output_path=C:\Project\CAP_2000_Vocab_Project\workspaces\vocab\Ep17_0261_0270\04_images\animations\scene_15__v01__raw.mp4
raw_video_size_bytes=1896717
STEP 4.5/4 strip audio track from generated video
DONE animation generated
saved_to=C:\Project\CAP_2000_Vocab_Project\workspaces\vocab\Ep17_0261_0270\04_images\animations\scene_15__v01.mp4
DEFAULT RESULT scene_id=15 status=updated path=C:\Project\CAP_2000_Vocab_Project\workspaces\vocab\Ep17_0261_0270\04_images\animations\scene_15__v01.mp4
SCENE RESULT scene_id=15 status=ok path=C:\Project\CAP_2000_Vocab_Project\workspaces\vocab\Ep17_0261_0270\04_images\animations\scene_15__v01.mp4

===== BATCH SCENE 9/20 | scene_id=17 =====
STEP A generate animation prompt scene_id=17
Generating safe animation prompt for Scene 17...
prompt_source=model
saved_to=C:\Project\CAP_2000_Vocab_Project\workspaces\vocab\Ep17_0261_0270\03_storyboards\storyboard.csv
A gentle motion shows a phone smoothly settling into its protective case. The cased phone then subtly shifts, gracefully lowering into an open backpack. A soft, steady camera pan tracks the phone's journey, emphasizing clear visual flow and careful placement. The scene maintains a calm, organized atmosphere, illustrating the secure arrangement of items for an upcoming activity.
PROMPT RESULT scene_id=17 status=ok
STEP B generate animation video scene_id=17
STEP 1/4 validate inputs
scene_id=17
image_path=C:\Project\CAP_2000_Vocab_Project\workspaces\vocab\Ep17_0261_0270\04_images\ai_generated\img_341.12.png
output_path=C:\Project\CAP_2000_Vocab_Project\workspaces\vocab\Ep17_0261_0270\04_images\animations\scene_17__v01.mp4
duration_seconds=6
video_model=veo-2.0-generate-001
poll_seconds=10
person_generation=allow_adult
image_mime_type=image/png
image_size_bytes=2070007
prompt_length=380
prompt_preview=A gentle motion shows a phone smoothly settling into its protective case. The cased phone then subtly shifts, gracefully lowering into an open backpack. A soft, steady camera pan tracks the phone's journey, emphasizing clear visual flow and careful placement. The scene maintains a calm, organized atmosphere, illustrating the secure arrangement of items for an upcoming activity.
video_config={
  "http_options": null,
  "number_of_videos": 1,
  "output_gcs_uri": null,
  "fps": null,
  "duration_seconds": 6,
  "seed": null,
  "aspect_ratio": "16:9",
  "resolution": null,
  "person_generation": "allow_adult",
  "pubsub_topic": null,
  "negative_prompt": null,
  "enhance_prompt": null,
  "generate_audio": null,
  "last_frame": null,
  "reference_images": null,
  "mask": null,
  "compression_quality": null,
  "labels": null
}
STEP 2/4 submit image-to-video request
operation_submitted_done=None

===== DEBUG OPERATION [after_submit] =====
operation_type=<class 'google.genai.types.GenerateVideosOperation'>
operation_done=None
operation_name=models/veo-2.0-generate-001/operations/h5g2gzsiys8g
operation_id=None
operation_error=None
operation_metadata=null
operation_result_type=<class 'NoneType'>
operation_response_type=<class 'NoneType'>
operation_repr=GenerateVideosOperation(
  name='models/veo-2.0-generate-001/operations/h5g2gzsiys8g'
)
STEP 3/4 polling operation poll_count=1 wait_seconds=10
operation_status_done=None
operation_status_error=None
STEP 3/4 polling operation poll_count=2 wait_seconds=10
operation_status_done=None
operation_status_error=None
STEP 3/4 polling operation poll_count=3 wait_seconds=10
operation_status_done=True
operation_status_error=None

===== DEBUG OPERATION [after_polling_done] =====
operation_type=<class 'google.genai.types.GenerateVideosOperation'>
operation_done=True
operation_name=models/veo-2.0-generate-001/operations/h5g2gzsiys8g
operation_id=None
operation_error=None
operation_metadata=null
operation_result_type=<class 'google.genai.types.GenerateVideosResponse'>
operation_response_type=<class 'google.genai.types.GenerateVideosResponse'>
operation_repr=GenerateVideosOperation(
  done=True,
  name='models/veo-2.0-generate-001/operations/h5g2gzsiys8g',
  response=GenerateVideosResponse(
    generated_videos=[
      GeneratedVideo(
        video=Video(
          uri='https://generativelanguage.googleapis.com/v1beta/files/svyiufu4cgyu:download?alt=media'
        )
      ),
    ]
  ),
  result=GenerateVideosResponse(
    generated_videos=[
      GeneratedVideo(
        video=Video(
          uri='https://generativelanguage.googleapis.com/v1beta/files/svyiufu4cgyu:download?alt=media'
        )
      ),
    ]
  )
)

===== DEBUG RESULT [after_polling_done] =====
result_is_none=False
result_type=<class 'google.genai.types.GenerateVideosResponse'>
result_repr=GenerateVideosResponse(
  generated_videos=[
    GeneratedVideo(
      video=Video(
        uri='https://generativelanguage.googleapis.com/v1beta/files/svyiufu4cgyu:download?alt=media'
      )
    ),
  ]
)
result_json={
  "generated_videos": [
    {
      "video": {
        "uri": "https://generativelanguage.googleapis.com/v1beta/files/svyiufu4cgyu:download?alt=media",
        "video_bytes": null,
        "mime_type": null
      }
    }
  ],
  "rai_media_filtered_count": null,
  "rai_media_filtered_reasons": null
}
result_attrs=['construct', 'copy', 'dict', 'from_orm', 'generated_videos', 'json', 'model_computed_fields', 'model_config', 'model_construct', 'model_copy', 'model_dump', 'model_dump_json', 'model_extra', 'model_fields', 'model_fields_set', 'model_json_schema', 'model_parametrized_name', 'model_post_init', 'model_rebuild', 'model_validate', 'model_validate_json', 'model_validate_strings', 'parse_file', 'parse_obj', 'parse_raw', 'rai_media_filtered_count', 'rai_media_filtered_reasons', 'schema', 'schema_json', 'to_json_dict', 'update_forward_refs', 'validate']
generated_videos_exists=True
generated_videos_len=1
generated_video_0_type=<class 'google.genai.types.GeneratedVideo'>
generated_video_0_repr=GeneratedVideo(
  video=Video(
    uri='https://generativelanguage.googleapis.com/v1beta/files/svyiufu4cgyu:download?alt=media'
  )
)
generated_video_0_json={
  "video": {
    "uri": "https://generativelanguage.googleapis.com/v1beta/files/svyiufu4cgyu:download?alt=media",
    "video_bytes": null,
    "mime_type": null
  }
}
generated_video_0_video=Video(uri=https://generativelanguage.googleapis.com/v1beta/files/svyiufu4cgyu:download?alt=media, video_bytes=None, mime_type=None)
generated_video_0_uri=None
generated_video_0_name=None
STEP 4/4 download generated video

===== DEBUG DOWNLOAD TARGET =====
generated_video_type=<class 'google.genai.types.GeneratedVideo'>
generated_video_repr=GeneratedVideo(
  video=Video(
    uri='https://generativelanguage.googleapis.com/v1beta/files/svyiufu4cgyu:download?alt=media'
  )
)
generated_video_json={
  "video": {
    "uri": "https://generativelanguage.googleapis.com/v1beta/files/svyiufu4cgyu:download?alt=media",
    "video_bytes": null,
    "mime_type": null
  }
}
download_target_type=<class 'google.genai.types.Video'>
download_target_repr=Video(uri=https://generativelanguage.googleapis.com/v1beta/files/svyiufu4cgyu:download?alt=media, video_bytes=None, mime_type=None)
download_target_json={
  "uri": "https://generativelanguage.googleapis.com/v1beta/files/svyiufu4cgyu:download?alt=media",
  "video_bytes": null,
  "mime_type": null
}
raw_output_path=C:\Project\CAP_2000_Vocab_Project\workspaces\vocab\Ep17_0261_0270\04_images\animations\scene_17__v01__raw.mp4
raw_video_size_bytes=1521252
STEP 4.5/4 strip audio track from generated video
DONE animation generated
saved_to=C:\Project\CAP_2000_Vocab_Project\workspaces\vocab\Ep17_0261_0270\04_images\animations\scene_17__v01.mp4
DEFAULT RESULT scene_id=17 status=updated path=C:\Project\CAP_2000_Vocab_Project\workspaces\vocab\Ep17_0261_0270\04_images\animations\scene_17__v01.mp4
SCENE RESULT scene_id=17 status=ok path=C:\Project\CAP_2000_Vocab_Project\workspaces\vocab\Ep17_0261_0270\04_images\animations\scene_17__v01.mp4

===== BATCH SCENE 10/20 | scene_id=19 =====
STEP A generate animation prompt scene_id=19
Generating safe animation prompt for Scene 19...
prompt_source=model
saved_to=C:\Project\CAP_2000_Vocab_Project\workspaces\vocab\Ep17_0261_0270\03_storyboards\storyboard.csv
A split screen gently comes to life with subtle motion. The fluffy carpet icon softly undulates, its texture rippling calmly. The phone case rotates slowly, reflecting a gentle highlight. The person carrying the backpack walks with a steady, relaxed stride, the backpack resting comfortably without strain, illustrating the act of carrying. A very slow, imperceptible camera push-in subtly emphasizes the calm, educational flow as these simple elements thoughtfully connect, creating a serene and illustrative background animation.
PROMPT RESULT scene_id=19 status=ok
STEP B generate animation video scene_id=19
STEP 1/4 validate inputs
scene_id=19
image_path=C:\Project\CAP_2000_Vocab_Project\workspaces\vocab\Ep17_0261_0270\04_images\ai_generated\img_379.38.png
output_path=C:\Project\CAP_2000_Vocab_Project\workspaces\vocab\Ep17_0261_0270\04_images\animations\scene_19__v01.mp4
duration_seconds=4
video_model=veo-2.0-generate-001
poll_seconds=10
person_generation=allow_adult
image_mime_type=image/png
image_size_bytes=1742600
prompt_length=531
prompt_preview=A split screen gently comes to life with subtle motion. The fluffy carpet icon softly undulates, its texture rippling calmly. The phone case rotates slowly, reflecting a gentle highlight. The person carrying the backpack walks with a steady, relaxed stride, the backpack resting comfortably without strain, illustrating the act of carrying. A very slow, imperceptible camera push-in subtly emphasizes the calm, educational flow as these simple elements thoughtfully connect, creating a serene and ill
video_config={
  "http_options": null,
  "number_of_videos": 1,
  "output_gcs_uri": null,
  "fps": null,
  "duration_seconds": 4,
  "seed": null,
  "aspect_ratio": "16:9",
  "resolution": null,
  "person_generation": "allow_adult",
  "pubsub_topic": null,
  "negative_prompt": null,
  "enhance_prompt": null,
  "generate_audio": null,
  "last_frame": null,
  "reference_images": null,
  "mask": null,
  "compression_quality": null,
  "labels": null
}
STEP 2/4 submit image-to-video request
SCENE RESULT scene_id=19 status=error error=ʵeͦШDѡG400 INVALID_ARGUMENT. {'error': {'code': 400, 'message': 'The number value for `durationSeconds` is out of bound. Please provide a value between 5 and 8, inclusive.', 'status': 'INVALID_ARGUMENT'}}
Traceback (most recent call last):
  File "C:\Project\CAP_2000_Vocab_Project\scripts\generate_scene_animation.py", line 420, in generate_scene_animation
    operation = client.models.generate_videos(
                ^^^^^^^^^^^^^^^^^^^^^^^^^^^^^^
  File "C:\Users\User\AppData\Local\Programs\Python\Python311\Lib\site-packages\google\genai\models.py", line 6531, in generate_videos
    return self._generate_videos(
           ^^^^^^^^^^^^^^^^^^^^^^
  File "C:\Users\User\AppData\Local\Programs\Python\Python311\Lib\site-packages\google\genai\models.py", line 5815, in _generate_videos
    response = self._api_client.request(
               ^^^^^^^^^^^^^^^^^^^^^^^^^
  File "C:\Users\User\AppData\Local\Programs\Python\Python311\Lib\site-packages\google\genai\_api_client.py", line 1532, in request
    response = self._request(http_request, http_options, stream=False)
               ^^^^^^^^^^^^^^^^^^^^^^^^^^^^^^^^^^^^^^^^^^^^^^^^^^^^^^^
  File "C:\Users\User\AppData\Local\Programs\Python\Python311\Lib\site-packages\google\genai\_api_client.py", line 1327, in _request
    return self._retry(self._request_once, http_request, stream)  # type: ignore[no-any-return]
           ^^^^^^^^^^^^^^^^^^^^^^^^^^^^^^^^^^^^^^^^^^^^^^^^^^^^^
  File "C:\Users\User\AppData\Local\Programs\Python\Python311\Lib\site-packages\tenacity\__init__.py", line 470, in __call__
    do = self.iter(retry_state=retry_state)
         ^^^^^^^^^^^^^^^^^^^^^^^^^^^^^^^^^^
  File "C:\Users\User\AppData\Local\Programs\Python\Python311\Lib\site-packages\tenacity\__init__.py", line 371, in iter
    result = action(retry_state)
             ^^^^^^^^^^^^^^^^^^^
  File "C:\Users\User\AppData\Local\Programs\Python\Python311\Lib\site-packages\tenacity\__init__.py", line 413, in exc_check
    raise retry_exc.reraise()
          ^^^^^^^^^^^^^^^^^^^
  File "C:\Users\User\AppData\Local\Programs\Python\Python311\Lib\site-packages\tenacity\__init__.py", line 184, in reraise
    raise self.last_attempt.result()
          ^^^^^^^^^^^^^^^^^^^^^^^^^^
  File "C:\Users\User\AppData\Local\Programs\Python\Python311\Lib\concurrent\futures\_base.py", line 449, in result
    return self.__get_result()
           ^^^^^^^^^^^^^^^^^^^
  File "C:\Users\User\AppData\Local\Programs\Python\Python311\Lib\concurrent\futures\_base.py", line 401, in __get_result
    raise self._exception
  File "C:\Users\User\AppData\Local\Programs\Python\Python311\Lib\site-packages\tenacity\__init__.py", line 473, in __call__
    result = fn(*args, **kwargs)
             ^^^^^^^^^^^^^^^^^^^
  File "C:\Users\User\AppData\Local\Programs\Python\Python311\Lib\site-packages\google\genai\_api_client.py", line 1304, in _request_once
    errors.APIError.raise_for_response(response)
  File "C:\Users\User\AppData\Local\Programs\Python\Python311\Lib\site-packages\google\genai\errors.py", line 155, in raise_for_response
    cls.raise_error(response.status_code, response_json, response)
  File "C:\Users\User\AppData\Local\Programs\Python\Python311\Lib\site-packages\google\genai\errors.py", line 184, in raise_error
    raise ClientError(status_code, response_json, response)
google.genai.errors.ClientError: 400 INVALID_ARGUMENT. {'error': {'code': 400, 'message': 'The number value for `durationSeconds` is out of bound. Please provide a value between 5 and 8, inclusive.', 'status': 'INVALID_ARGUMENT'}}

The above exception was the direct cause of the following exception:

Traceback (most recent call last):
  File "C:\Project\CAP_2000_Vocab_Project\scripts\generate_all_scene_animations.py", line 170, in run_batch_animation_for_episode
    output_path = generate_scene_animation(ep_num, scene_id)
                  ^^^^^^^^^^^^^^^^^^^^^^^^^^^^^^^^^^^^^^^^^^
  File "C:\Project\CAP_2000_Vocab_Project\scripts\generate_scene_animation.py", line 439, in generate_scene_animation
    raise SceneAnimationError(f"ʵeͦШDѡG{e}") from e
generate_scene_animation.SceneAnimationError: ʵeͦШDѡG400 INVALID_ARGUMENT. {'error': {'code': 400, 'message': 'The number value for `durationSeconds` is out of bound. Please provide a value between 5 and 8, inclusive.', 'status': 'INVALID_ARGUMENT'}}

===== BATCH SCENE 11/20 | scene_id=23 =====
STEP A generate animation prompt scene_id=23
Generating safe animation prompt for Scene 23...
prompt_source=model
saved_to=C:\Project\CAP_2000_Vocab_Project\workspaces\vocab\Ep17_0261_0270\03_storyboards\storyboard.csv
A gentle, slow zoom subtly focuses on the credit card and cash pile, then pans softly across them to emphasize the payment choice. Soft ambient light ripples across the counter and cash register display, creating a peaceful, informative ambiance. A delicate graphic, like a balanced scale or a gentle arrow, briefly appears above the payment options, illustrating the concept of comparison and decision-making for payment tools. The scene maintains a calm, friendly, educational tone.
PROMPT RESULT scene_id=23 status=ok
STEP B generate animation video scene_id=23
STEP 1/4 validate inputs
scene_id=23
image_path=C:\Project\CAP_2000_Vocab_Project\workspaces\vocab\Ep17_0261_0270\04_images\ai_generated\img_400.64.png
output_path=C:\Project\CAP_2000_Vocab_Project\workspaces\vocab\Ep17_0261_0270\04_images\animations\scene_23__v01.mp4
duration_seconds=6
video_model=veo-2.0-generate-001
poll_seconds=10
person_generation=allow_adult
image_mime_type=image/png
image_size_bytes=2025080
prompt_length=484
prompt_preview=A gentle, slow zoom subtly focuses on the credit card and cash pile, then pans softly across them to emphasize the payment choice. Soft ambient light ripples across the counter and cash register display, creating a peaceful, informative ambiance. A delicate graphic, like a balanced scale or a gentle arrow, briefly appears above the payment options, illustrating the concept of comparison and decision-making for payment tools. The scene maintains a calm, friendly, educational tone.
video_config={
  "http_options": null,
  "number_of_videos": 1,
  "output_gcs_uri": null,
  "fps": null,
  "duration_seconds": 6,
  "seed": null,
  "aspect_ratio": "16:9",
  "resolution": null,
  "person_generation": "allow_adult",
  "pubsub_topic": null,
  "negative_prompt": null,
  "enhance_prompt": null,
  "generate_audio": null,
  "last_frame": null,
  "reference_images": null,
  "mask": null,
  "compression_quality": null,
  "labels": null
}
STEP 2/4 submit image-to-video request
operation_submitted_done=None

===== DEBUG OPERATION [after_submit] =====
operation_type=<class 'google.genai.types.GenerateVideosOperation'>
operation_done=None
operation_name=models/veo-2.0-generate-001/operations/7sco6hb8gr34
operation_id=None
operation_error=None
operation_metadata=null
operation_result_type=<class 'NoneType'>
operation_response_type=<class 'NoneType'>
operation_repr=GenerateVideosOperation(
  name='models/veo-2.0-generate-001/operations/7sco6hb8gr34'
)
STEP 3/4 polling operation poll_count=1 wait_seconds=10
operation_status_done=None
operation_status_error=None
STEP 3/4 polling operation poll_count=2 wait_seconds=10
operation_status_done=None
operation_status_error=None
STEP 3/4 polling operation poll_count=3 wait_seconds=10
operation_status_done=True
operation_status_error=None

===== DEBUG OPERATION [after_polling_done] =====
operation_type=<class 'google.genai.types.GenerateVideosOperation'>
operation_done=True
operation_name=models/veo-2.0-generate-001/operations/7sco6hb8gr34
operation_id=None
operation_error=None
operation_metadata=null
operation_result_type=<class 'google.genai.types.GenerateVideosResponse'>
operation_response_type=<class 'google.genai.types.GenerateVideosResponse'>
operation_repr=GenerateVideosOperation(
  done=True,
  name='models/veo-2.0-generate-001/operations/7sco6hb8gr34',
  response=GenerateVideosResponse(
    generated_videos=[
      GeneratedVideo(
        video=Video(
          uri='https://generativelanguage.googleapis.com/v1beta/files/owjv064iiy0b:download?alt=media'
        )
      ),
    ]
  ),
  result=GenerateVideosResponse(
    generated_videos=[
      GeneratedVideo(
        video=Video(
          uri='https://generativelanguage.googleapis.com/v1beta/files/owjv064iiy0b:download?alt=media'
        )
      ),
    ]
  )
)

===== DEBUG RESULT [after_polling_done] =====
result_is_none=False
result_type=<class 'google.genai.types.GenerateVideosResponse'>
result_repr=GenerateVideosResponse(
  generated_videos=[
    GeneratedVideo(
      video=Video(
        uri='https://generativelanguage.googleapis.com/v1beta/files/owjv064iiy0b:download?alt=media'
      )
    ),
  ]
)
result_json={
  "generated_videos": [
    {
      "video": {
        "uri": "https://generativelanguage.googleapis.com/v1beta/files/owjv064iiy0b:download?alt=media",
        "video_bytes": null,
        "mime_type": null
      }
    }
  ],
  "rai_media_filtered_count": null,
  "rai_media_filtered_reasons": null
}
result_attrs=['construct', 'copy', 'dict', 'from_orm', 'generated_videos', 'json', 'model_computed_fields', 'model_config', 'model_construct', 'model_copy', 'model_dump', 'model_dump_json', 'model_extra', 'model_fields', 'model_fields_set', 'model_json_schema', 'model_parametrized_name', 'model_post_init', 'model_rebuild', 'model_validate', 'model_validate_json', 'model_validate_strings', 'parse_file', 'parse_obj', 'parse_raw', 'rai_media_filtered_count', 'rai_media_filtered_reasons', 'schema', 'schema_json', 'to_json_dict', 'update_forward_refs', 'validate']
generated_videos_exists=True
generated_videos_len=1
generated_video_0_type=<class 'google.genai.types.GeneratedVideo'>
generated_video_0_repr=GeneratedVideo(
  video=Video(
    uri='https://generativelanguage.googleapis.com/v1beta/files/owjv064iiy0b:download?alt=media'
  )
)
generated_video_0_json={
  "video": {
    "uri": "https://generativelanguage.googleapis.com/v1beta/files/owjv064iiy0b:download?alt=media",
    "video_bytes": null,
    "mime_type": null
  }
}
generated_video_0_video=Video(uri=https://generativelanguage.googleapis.com/v1beta/files/owjv064iiy0b:download?alt=media, video_bytes=None, mime_type=None)
generated_video_0_uri=None
generated_video_0_name=None
STEP 4/4 download generated video

===== DEBUG DOWNLOAD TARGET =====
generated_video_type=<class 'google.genai.types.GeneratedVideo'>
generated_video_repr=GeneratedVideo(
  video=Video(
    uri='https://generativelanguage.googleapis.com/v1beta/files/owjv064iiy0b:download?alt=media'
  )
)
generated_video_json={
  "video": {
    "uri": "https://generativelanguage.googleapis.com/v1beta/files/owjv064iiy0b:download?alt=media",
    "video_bytes": null,
    "mime_type": null
  }
}
download_target_type=<class 'google.genai.types.Video'>
download_target_repr=Video(uri=https://generativelanguage.googleapis.com/v1beta/files/owjv064iiy0b:download?alt=media, video_bytes=None, mime_type=None)
download_target_json={
  "uri": "https://generativelanguage.googleapis.com/v1beta/files/owjv064iiy0b:download?alt=media",
  "video_bytes": null,
  "mime_type": null
}
raw_output_path=C:\Project\CAP_2000_Vocab_Project\workspaces\vocab\Ep17_0261_0270\04_images\animations\scene_23__v01__raw.mp4
raw_video_size_bytes=1225594
STEP 4.5/4 strip audio track from generated video
DONE animation generated
saved_to=C:\Project\CAP_2000_Vocab_Project\workspaces\vocab\Ep17_0261_0270\04_images\animations\scene_23__v01.mp4
DEFAULT RESULT scene_id=23 status=updated path=C:\Project\CAP_2000_Vocab_Project\workspaces\vocab\Ep17_0261_0270\04_images\animations\scene_23__v01.mp4
SCENE RESULT scene_id=23 status=ok path=C:\Project\CAP_2000_Vocab_Project\workspaces\vocab\Ep17_0261_0270\04_images\animations\scene_23__v01.mp4

===== BATCH SCENE 12/20 | scene_id=25 =====
STEP A generate animation prompt scene_id=25
Generating safe animation prompt for Scene 25...
prompt_source=model
saved_to=C:\Project\CAP_2000_Vocab_Project\workspaces\vocab\Ep17_0261_0270\03_storyboards\storyboard.csv
A friendly cartoon character calmly presents a credit card for payment. A soft, translucent 'X' infographic gently materializes over the card reader, indicating a hypothetical scenario for learning. The character shows a mild, thoughtful expression, gently tilting their head as if contemplating a next step. A subtle, smooth camera zoom slowly draws attention to the card reader, highlighting the educational focal point. The atmosphere remains consistently calm and bright, ensuring gentle visual continuity.
PROMPT RESULT scene_id=25 status=ok
STEP B generate animation video scene_id=25
STEP 1/4 validate inputs
scene_id=25
image_path=C:\Project\CAP_2000_Vocab_Project\workspaces\vocab\Ep17_0261_0270\04_images\ai_generated\img_425.02.png
output_path=C:\Project\CAP_2000_Vocab_Project\workspaces\vocab\Ep17_0261_0270\04_images\animations\scene_25__v01.mp4
duration_seconds=8
video_model=veo-2.0-generate-001
poll_seconds=10
person_generation=allow_adult
image_mime_type=image/png
image_size_bytes=2362751
prompt_length=510
prompt_preview=A friendly cartoon character calmly presents a credit card for payment. A soft, translucent 'X' infographic gently materializes over the card reader, indicating a hypothetical scenario for learning. The character shows a mild, thoughtful expression, gently tilting their head as if contemplating a next step. A subtle, smooth camera zoom slowly draws attention to the card reader, highlighting the educational focal point. The atmosphere remains consistently calm and bright, ensuring gentle visual c
video_config={
  "http_options": null,
  "number_of_videos": 1,
  "output_gcs_uri": null,
  "fps": null,
  "duration_seconds": 8,
  "seed": null,
  "aspect_ratio": "16:9",
  "resolution": null,
  "person_generation": "allow_adult",
  "pubsub_topic": null,
  "negative_prompt": null,
  "enhance_prompt": null,
  "generate_audio": null,
  "last_frame": null,
  "reference_images": null,
  "mask": null,
  "compression_quality": null,
  "labels": null
}
STEP 2/4 submit image-to-video request
operation_submitted_done=None

===== DEBUG OPERATION [after_submit] =====
operation_type=<class 'google.genai.types.GenerateVideosOperation'>
operation_done=None
operation_name=models/veo-2.0-generate-001/operations/z35jd3y21uaj
operation_id=None
operation_error=None
operation_metadata=null
operation_result_type=<class 'NoneType'>
operation_response_type=<class 'NoneType'>
operation_repr=GenerateVideosOperation(
  name='models/veo-2.0-generate-001/operations/z35jd3y21uaj'
)
STEP 3/4 polling operation poll_count=1 wait_seconds=10
operation_status_done=None
operation_status_error=None
STEP 3/4 polling operation poll_count=2 wait_seconds=10
operation_status_done=None
operation_status_error=None
STEP 3/4 polling operation poll_count=3 wait_seconds=10
operation_status_done=None
operation_status_error=None
STEP 3/4 polling operation poll_count=4 wait_seconds=10
operation_status_done=None
operation_status_error=None
STEP 3/4 polling operation poll_count=5 wait_seconds=10
operation_status_done=None
operation_status_error=None
STEP 3/4 polling operation poll_count=6 wait_seconds=10
operation_status_done=True
operation_status_error=None

===== DEBUG OPERATION [after_polling_done] =====
operation_type=<class 'google.genai.types.GenerateVideosOperation'>
operation_done=True
operation_name=models/veo-2.0-generate-001/operations/z35jd3y21uaj
operation_id=None
operation_error=None
operation_metadata=null
operation_result_type=<class 'google.genai.types.GenerateVideosResponse'>
operation_response_type=<class 'google.genai.types.GenerateVideosResponse'>
operation_repr=GenerateVideosOperation(
  done=True,
  name='models/veo-2.0-generate-001/operations/z35jd3y21uaj',
  response=GenerateVideosResponse(
    generated_videos=[
      GeneratedVideo(
        video=Video(
          uri='https://generativelanguage.googleapis.com/v1beta/files/ndotg49ryer7:download?alt=media'
        )
      ),
    ]
  ),
  result=GenerateVideosResponse(
    generated_videos=[
      GeneratedVideo(
        video=Video(
          uri='https://generativelanguage.googleapis.com/v1beta/files/ndotg49ryer7:download?alt=media'
        )
      ),
    ]
  )
)

===== DEBUG RESULT [after_polling_done] =====
result_is_none=False
result_type=<class 'google.genai.types.GenerateVideosResponse'>
result_repr=GenerateVideosResponse(
  generated_videos=[
    GeneratedVideo(
      video=Video(
        uri='https://generativelanguage.googleapis.com/v1beta/files/ndotg49ryer7:download?alt=media'
      )
    ),
  ]
)
result_json={
  "generated_videos": [
    {
      "video": {
        "uri": "https://generativelanguage.googleapis.com/v1beta/files/ndotg49ryer7:download?alt=media",
        "video_bytes": null,
        "mime_type": null
      }
    }
  ],
  "rai_media_filtered_count": null,
  "rai_media_filtered_reasons": null
}
result_attrs=['construct', 'copy', 'dict', 'from_orm', 'generated_videos', 'json', 'model_computed_fields', 'model_config', 'model_construct', 'model_copy', 'model_dump', 'model_dump_json', 'model_extra', 'model_fields', 'model_fields_set', 'model_json_schema', 'model_parametrized_name', 'model_post_init', 'model_rebuild', 'model_validate', 'model_validate_json', 'model_validate_strings', 'parse_file', 'parse_obj', 'parse_raw', 'rai_media_filtered_count', 'rai_media_filtered_reasons', 'schema', 'schema_json', 'to_json_dict', 'update_forward_refs', 'validate']
generated_videos_exists=True
generated_videos_len=1
generated_video_0_type=<class 'google.genai.types.GeneratedVideo'>
generated_video_0_repr=GeneratedVideo(
  video=Video(
    uri='https://generativelanguage.googleapis.com/v1beta/files/ndotg49ryer7:download?alt=media'
  )
)
generated_video_0_json={
  "video": {
    "uri": "https://generativelanguage.googleapis.com/v1beta/files/ndotg49ryer7:download?alt=media",
    "video_bytes": null,
    "mime_type": null
  }
}
generated_video_0_video=Video(uri=https://generativelanguage.googleapis.com/v1beta/files/ndotg49ryer7:download?alt=media, video_bytes=None, mime_type=None)
generated_video_0_uri=None
generated_video_0_name=None
STEP 4/4 download generated video

===== DEBUG DOWNLOAD TARGET =====
generated_video_type=<class 'google.genai.types.GeneratedVideo'>
generated_video_repr=GeneratedVideo(
  video=Video(
    uri='https://generativelanguage.googleapis.com/v1beta/files/ndotg49ryer7:download?alt=media'
  )
)
generated_video_json={
  "video": {
    "uri": "https://generativelanguage.googleapis.com/v1beta/files/ndotg49ryer7:download?alt=media",
    "video_bytes": null,
    "mime_type": null
  }
}
download_target_type=<class 'google.genai.types.Video'>
download_target_repr=Video(uri=https://generativelanguage.googleapis.com/v1beta/files/ndotg49ryer7:download?alt=media, video_bytes=None, mime_type=None)
download_target_json={
  "uri": "https://generativelanguage.googleapis.com/v1beta/files/ndotg49ryer7:download?alt=media",
  "video_bytes": null,
  "mime_type": null
}
raw_output_path=C:\Project\CAP_2000_Vocab_Project\workspaces\vocab\Ep17_0261_0270\04_images\animations\scene_25__v01__raw.mp4
raw_video_size_bytes=1891515
STEP 4.5/4 strip audio track from generated video
DONE animation generated
saved_to=C:\Project\CAP_2000_Vocab_Project\workspaces\vocab\Ep17_0261_0270\04_images\animations\scene_25__v01.mp4
DEFAULT RESULT scene_id=25 status=updated path=C:\Project\CAP_2000_Vocab_Project\workspaces\vocab\Ep17_0261_0270\04_images\animations\scene_25__v01.mp4
SCENE RESULT scene_id=25 status=ok path=C:\Project\CAP_2000_Vocab_Project\workspaces\vocab\Ep17_0261_0270\04_images\animations\scene_25__v01.mp4

===== BATCH SCENE 13/20 | scene_id=28 =====
STEP A generate animation prompt scene_id=28
Generating safe animation prompt for Scene 28...
prompt_source=model
saved_to=C:\Project\CAP_2000_Vocab_Project\workspaces\vocab\Ep17_0261_0270\03_storyboards\storyboard.csv
The camera gently glides into a warm, cozy living room. John and Mary are comfortably seated on a sofa, their forms gently shifting as they relax. Mary subtly adjusts her glasses while John offers a quiet, contented smile. Soft ambient light subtly pulses, enhancing the tranquil atmosphere of finally being home. Gentle background movement suggests peaceful continuity, making the scene feel completely at ease.
PROMPT RESULT scene_id=28 status=ok
STEP B generate animation video scene_id=28
STEP 1/4 validate inputs
scene_id=28
image_path=C:\Project\CAP_2000_Vocab_Project\workspaces\vocab\Ep17_0261_0270\04_images\ai_generated\img_552.06.png
output_path=C:\Project\CAP_2000_Vocab_Project\workspaces\vocab\Ep17_0261_0270\04_images\animations\scene_28__v01.mp4
duration_seconds=8
video_model=veo-2.0-generate-001
poll_seconds=10
person_generation=allow_adult
image_mime_type=image/png
image_size_bytes=2355994
prompt_length=412
prompt_preview=The camera gently glides into a warm, cozy living room. John and Mary are comfortably seated on a sofa, their forms gently shifting as they relax. Mary subtly adjusts her glasses while John offers a quiet, contented smile. Soft ambient light subtly pulses, enhancing the tranquil atmosphere of finally being home. Gentle background movement suggests peaceful continuity, making the scene feel completely at ease.
video_config={
  "http_options": null,
  "number_of_videos": 1,
  "output_gcs_uri": null,
  "fps": null,
  "duration_seconds": 8,
  "seed": null,
  "aspect_ratio": "16:9",
  "resolution": null,
  "person_generation": "allow_adult",
  "pubsub_topic": null,
  "negative_prompt": null,
  "enhance_prompt": null,
  "generate_audio": null,
  "last_frame": null,
  "reference_images": null,
  "mask": null,
  "compression_quality": null,
  "labels": null
}
STEP 2/4 submit image-to-video request
operation_submitted_done=None

===== DEBUG OPERATION [after_submit] =====
operation_type=<class 'google.genai.types.GenerateVideosOperation'>
operation_done=None
operation_name=models/veo-2.0-generate-001/operations/hfw0z2atzndt
operation_id=None
operation_error=None
operation_metadata=null
operation_result_type=<class 'NoneType'>
operation_response_type=<class 'NoneType'>
operation_repr=GenerateVideosOperation(
  name='models/veo-2.0-generate-001/operations/hfw0z2atzndt'
)
STEP 3/4 polling operation poll_count=1 wait_seconds=10
operation_status_done=None
operation_status_error=None
STEP 3/4 polling operation poll_count=2 wait_seconds=10
operation_status_done=None
operation_status_error=None
STEP 3/4 polling operation poll_count=3 wait_seconds=10
operation_status_done=True
operation_status_error=None

===== DEBUG OPERATION [after_polling_done] =====
operation_type=<class 'google.genai.types.GenerateVideosOperation'>
operation_done=True
operation_name=models/veo-2.0-generate-001/operations/hfw0z2atzndt
operation_id=None
operation_error=None
operation_metadata=null
operation_result_type=<class 'google.genai.types.GenerateVideosResponse'>
operation_response_type=<class 'google.genai.types.GenerateVideosResponse'>
operation_repr=GenerateVideosOperation(
  done=True,
  name='models/veo-2.0-generate-001/operations/hfw0z2atzndt',
  response=GenerateVideosResponse(
    generated_videos=[
      GeneratedVideo(
        video=Video(
          uri='https://generativelanguage.googleapis.com/v1beta/files/pi78hsn180rf:download?alt=media'
        )
      ),
    ]
  ),
  result=GenerateVideosResponse(
    generated_videos=[
      GeneratedVideo(
        video=Video(
          uri='https://generativelanguage.googleapis.com/v1beta/files/pi78hsn180rf:download?alt=media'
        )
      ),
    ]
  )
)

===== DEBUG RESULT [after_polling_done] =====
result_is_none=False
result_type=<class 'google.genai.types.GenerateVideosResponse'>
result_repr=GenerateVideosResponse(
  generated_videos=[
    GeneratedVideo(
      video=Video(
        uri='https://generativelanguage.googleapis.com/v1beta/files/pi78hsn180rf:download?alt=media'
      )
    ),
  ]
)
result_json={
  "generated_videos": [
    {
      "video": {
        "uri": "https://generativelanguage.googleapis.com/v1beta/files/pi78hsn180rf:download?alt=media",
        "video_bytes": null,
        "mime_type": null
      }
    }
  ],
  "rai_media_filtered_count": null,
  "rai_media_filtered_reasons": null
}
result_attrs=['construct', 'copy', 'dict', 'from_orm', 'generated_videos', 'json', 'model_computed_fields', 'model_config', 'model_construct', 'model_copy', 'model_dump', 'model_dump_json', 'model_extra', 'model_fields', 'model_fields_set', 'model_json_schema', 'model_parametrized_name', 'model_post_init', 'model_rebuild', 'model_validate', 'model_validate_json', 'model_validate_strings', 'parse_file', 'parse_obj', 'parse_raw', 'rai_media_filtered_count', 'rai_media_filtered_reasons', 'schema', 'schema_json', 'to_json_dict', 'update_forward_refs', 'validate']
generated_videos_exists=True
generated_videos_len=1
generated_video_0_type=<class 'google.genai.types.GeneratedVideo'>
generated_video_0_repr=GeneratedVideo(
  video=Video(
    uri='https://generativelanguage.googleapis.com/v1beta/files/pi78hsn180rf:download?alt=media'
  )
)
generated_video_0_json={
  "video": {
    "uri": "https://generativelanguage.googleapis.com/v1beta/files/pi78hsn180rf:download?alt=media",
    "video_bytes": null,
    "mime_type": null
  }
}
generated_video_0_video=Video(uri=https://generativelanguage.googleapis.com/v1beta/files/pi78hsn180rf:download?alt=media, video_bytes=None, mime_type=None)
generated_video_0_uri=None
generated_video_0_name=None
STEP 4/4 download generated video

===== DEBUG DOWNLOAD TARGET =====
generated_video_type=<class 'google.genai.types.GeneratedVideo'>
generated_video_repr=GeneratedVideo(
  video=Video(
    uri='https://generativelanguage.googleapis.com/v1beta/files/pi78hsn180rf:download?alt=media'
  )
)
generated_video_json={
  "video": {
    "uri": "https://generativelanguage.googleapis.com/v1beta/files/pi78hsn180rf:download?alt=media",
    "video_bytes": null,
    "mime_type": null
  }
}
download_target_type=<class 'google.genai.types.Video'>
download_target_repr=Video(uri=https://generativelanguage.googleapis.com/v1beta/files/pi78hsn180rf:download?alt=media, video_bytes=None, mime_type=None)
download_target_json={
  "uri": "https://generativelanguage.googleapis.com/v1beta/files/pi78hsn180rf:download?alt=media",
  "video_bytes": null,
  "mime_type": null
}
raw_output_path=C:\Project\CAP_2000_Vocab_Project\workspaces\vocab\Ep17_0261_0270\04_images\animations\scene_28__v01__raw.mp4
raw_video_size_bytes=1913340
STEP 4.5/4 strip audio track from generated video
DONE animation generated
saved_to=C:\Project\CAP_2000_Vocab_Project\workspaces\vocab\Ep17_0261_0270\04_images\animations\scene_28__v01.mp4
DEFAULT RESULT scene_id=28 status=updated path=C:\Project\CAP_2000_Vocab_Project\workspaces\vocab\Ep17_0261_0270\04_images\animations\scene_28__v01.mp4
SCENE RESULT scene_id=28 status=ok path=C:\Project\CAP_2000_Vocab_Project\workspaces\vocab\Ep17_0261_0270\04_images\animations\scene_28__v01.mp4

===== BATCH SCENE 14/20 | scene_id=30 =====
STEP A generate animation prompt scene_id=30
Generating safe animation prompt for Scene 30...
prompt_source=model
saved_to=C:\Project\CAP_2000_Vocab_Project\workspaces\vocab\Ep17_0261_0270\03_storyboards\storyboard.csv
The television screen subtly awakens, its surface filling with soft, colorful static that gently swirls and shifts, creating a tranquil display. A very slight, smooth camera push-in maintains focus on the screen, emphasizing its role as a calm center for learning and relaxation. The static calmly begins to resolve, smoothly preparing the visual field for the upcoming educational program, ensuring seamless continuity.
PROMPT RESULT scene_id=30 status=ok
STEP B generate animation video scene_id=30
STEP 1/4 validate inputs
scene_id=30
image_path=C:\Project\CAP_2000_Vocab_Project\workspaces\vocab\Ep17_0261_0270\04_images\ai_generated\img_563.9.png
output_path=C:\Project\CAP_2000_Vocab_Project\workspaces\vocab\Ep17_0261_0270\04_images\animations\scene_30__v01.mp4
duration_seconds=8
video_model=veo-2.0-generate-001
poll_seconds=10
person_generation=allow_adult
image_mime_type=image/png
image_size_bytes=2461743
prompt_length=420
prompt_preview=The television screen subtly awakens, its surface filling with soft, colorful static that gently swirls and shifts, creating a tranquil display. A very slight, smooth camera push-in maintains focus on the screen, emphasizing its role as a calm center for learning and relaxation. The static calmly begins to resolve, smoothly preparing the visual field for the upcoming educational program, ensuring seamless continuity.
video_config={
  "http_options": null,
  "number_of_videos": 1,
  "output_gcs_uri": null,
  "fps": null,
  "duration_seconds": 8,
  "seed": null,
  "aspect_ratio": "16:9",
  "resolution": null,
  "person_generation": "allow_adult",
  "pubsub_topic": null,
  "negative_prompt": null,
  "enhance_prompt": null,
  "generate_audio": null,
  "last_frame": null,
  "reference_images": null,
  "mask": null,
  "compression_quality": null,
  "labels": null
}
STEP 2/4 submit image-to-video request
operation_submitted_done=None

===== DEBUG OPERATION [after_submit] =====
operation_type=<class 'google.genai.types.GenerateVideosOperation'>
operation_done=None
operation_name=models/veo-2.0-generate-001/operations/hj7eap33bpcx
operation_id=None
operation_error=None
operation_metadata=null
operation_result_type=<class 'NoneType'>
operation_response_type=<class 'NoneType'>
operation_repr=GenerateVideosOperation(
  name='models/veo-2.0-generate-001/operations/hj7eap33bpcx'
)
STEP 3/4 polling operation poll_count=1 wait_seconds=10
operation_status_done=None
operation_status_error=None
STEP 3/4 polling operation poll_count=2 wait_seconds=10
operation_status_done=None
operation_status_error=None
STEP 3/4 polling operation poll_count=3 wait_seconds=10
operation_status_done=True
operation_status_error=None

===== DEBUG OPERATION [after_polling_done] =====
operation_type=<class 'google.genai.types.GenerateVideosOperation'>
operation_done=True
operation_name=models/veo-2.0-generate-001/operations/hj7eap33bpcx
operation_id=None
operation_error=None
operation_metadata=null
operation_result_type=<class 'google.genai.types.GenerateVideosResponse'>
operation_response_type=<class 'google.genai.types.GenerateVideosResponse'>
operation_repr=GenerateVideosOperation(
  done=True,
  name='models/veo-2.0-generate-001/operations/hj7eap33bpcx',
  response=GenerateVideosResponse(
    generated_videos=[
      GeneratedVideo(
        video=Video(
          uri='https://generativelanguage.googleapis.com/v1beta/files/oi340mxnpckh:download?alt=media'
        )
      ),
    ]
  ),
  result=GenerateVideosResponse(
    generated_videos=[
      GeneratedVideo(
        video=Video(
          uri='https://generativelanguage.googleapis.com/v1beta/files/oi340mxnpckh:download?alt=media'
        )
      ),
    ]
  )
)

===== DEBUG RESULT [after_polling_done] =====
result_is_none=False
result_type=<class 'google.genai.types.GenerateVideosResponse'>
result_repr=GenerateVideosResponse(
  generated_videos=[
    GeneratedVideo(
      video=Video(
        uri='https://generativelanguage.googleapis.com/v1beta/files/oi340mxnpckh:download?alt=media'
      )
    ),
  ]
)
result_json={
  "generated_videos": [
    {
      "video": {
        "uri": "https://generativelanguage.googleapis.com/v1beta/files/oi340mxnpckh:download?alt=media",
        "video_bytes": null,
        "mime_type": null
      }
    }
  ],
  "rai_media_filtered_count": null,
  "rai_media_filtered_reasons": null
}
result_attrs=['construct', 'copy', 'dict', 'from_orm', 'generated_videos', 'json', 'model_computed_fields', 'model_config', 'model_construct', 'model_copy', 'model_dump', 'model_dump_json', 'model_extra', 'model_fields', 'model_fields_set', 'model_json_schema', 'model_parametrized_name', 'model_post_init', 'model_rebuild', 'model_validate', 'model_validate_json', 'model_validate_strings', 'parse_file', 'parse_obj', 'parse_raw', 'rai_media_filtered_count', 'rai_media_filtered_reasons', 'schema', 'schema_json', 'to_json_dict', 'update_forward_refs', 'validate']
generated_videos_exists=True
generated_videos_len=1
generated_video_0_type=<class 'google.genai.types.GeneratedVideo'>
generated_video_0_repr=GeneratedVideo(
  video=Video(
    uri='https://generativelanguage.googleapis.com/v1beta/files/oi340mxnpckh:download?alt=media'
  )
)
generated_video_0_json={
  "video": {
    "uri": "https://generativelanguage.googleapis.com/v1beta/files/oi340mxnpckh:download?alt=media",
    "video_bytes": null,
    "mime_type": null
  }
}
generated_video_0_video=Video(uri=https://generativelanguage.googleapis.com/v1beta/files/oi340mxnpckh:download?alt=media, video_bytes=None, mime_type=None)
generated_video_0_uri=None
generated_video_0_name=None
STEP 4/4 download generated video

===== DEBUG DOWNLOAD TARGET =====
generated_video_type=<class 'google.genai.types.GeneratedVideo'>
generated_video_repr=GeneratedVideo(
  video=Video(
    uri='https://generativelanguage.googleapis.com/v1beta/files/oi340mxnpckh:download?alt=media'
  )
)
generated_video_json={
  "video": {
    "uri": "https://generativelanguage.googleapis.com/v1beta/files/oi340mxnpckh:download?alt=media",
    "video_bytes": null,
    "mime_type": null
  }
}
download_target_type=<class 'google.genai.types.Video'>
download_target_repr=Video(uri=https://generativelanguage.googleapis.com/v1beta/files/oi340mxnpckh:download?alt=media, video_bytes=None, mime_type=None)
download_target_json={
  "uri": "https://generativelanguage.googleapis.com/v1beta/files/oi340mxnpckh:download?alt=media",
  "video_bytes": null,
  "mime_type": null
}
raw_output_path=C:\Project\CAP_2000_Vocab_Project\workspaces\vocab\Ep17_0261_0270\04_images\animations\scene_30__v01__raw.mp4
raw_video_size_bytes=3756352
STEP 4.5/4 strip audio track from generated video
DONE animation generated
saved_to=C:\Project\CAP_2000_Vocab_Project\workspaces\vocab\Ep17_0261_0270\04_images\animations\scene_30__v01.mp4
DEFAULT RESULT scene_id=30 status=updated path=C:\Project\CAP_2000_Vocab_Project\workspaces\vocab\Ep17_0261_0270\04_images\animations\scene_30__v01.mp4
SCENE RESULT scene_id=30 status=ok path=C:\Project\CAP_2000_Vocab_Project\workspaces\vocab\Ep17_0261_0270\04_images\animations\scene_30__v01.mp4

===== BATCH SCENE 15/20 | scene_id=32 =====
STEP A generate animation prompt scene_id=32
Generating safe animation prompt for Scene 32...
prompt_source=model
saved_to=C:\Project\CAP_2000_Vocab_Project\workspaces\vocab\Ep17_0261_0270\03_storyboards\storyboard.csv
A stylized grey cartoon rabbit with a gentle, knowing smile subtly shifts its weight, its ears twitching slightly. It calmly holds the bright orange carrot, perhaps turning it slightly in its paw. A very slow, gentle camera pan glides across the scene, maintaining focus on the friendly rabbit and its vegetable, creating a continuous, calm educational animation.
PROMPT RESULT scene_id=32 status=ok
STEP B generate animation video scene_id=32
STEP 1/4 validate inputs
scene_id=32
image_path=C:\Project\CAP_2000_Vocab_Project\workspaces\vocab\Ep17_0261_0270\04_images\ai_generated\img_584.26.png
output_path=C:\Project\CAP_2000_Vocab_Project\workspaces\vocab\Ep17_0261_0270\04_images\animations\scene_32__v01.mp4
duration_seconds=8
video_model=veo-2.0-generate-001
poll_seconds=10
person_generation=allow_adult
image_mime_type=image/png
image_size_bytes=1366406
prompt_length=363
prompt_preview=A stylized grey cartoon rabbit with a gentle, knowing smile subtly shifts its weight, its ears twitching slightly. It calmly holds the bright orange carrot, perhaps turning it slightly in its paw. A very slow, gentle camera pan glides across the scene, maintaining focus on the friendly rabbit and its vegetable, creating a continuous, calm educational animation.
video_config={
  "http_options": null,
  "number_of_videos": 1,
  "output_gcs_uri": null,
  "fps": null,
  "duration_seconds": 8,
  "seed": null,
  "aspect_ratio": "16:9",
  "resolution": null,
  "person_generation": "allow_adult",
  "pubsub_topic": null,
  "negative_prompt": null,
  "enhance_prompt": null,
  "generate_audio": null,
  "last_frame": null,
  "reference_images": null,
  "mask": null,
  "compression_quality": null,
  "labels": null
}
STEP 2/4 submit image-to-video request
operation_submitted_done=None

===== DEBUG OPERATION [after_submit] =====
operation_type=<class 'google.genai.types.GenerateVideosOperation'>
operation_done=None
operation_name=models/veo-2.0-generate-001/operations/wy63h9utb1ro
operation_id=None
operation_error=None
operation_metadata=null
operation_result_type=<class 'NoneType'>
operation_response_type=<class 'NoneType'>
operation_repr=GenerateVideosOperation(
  name='models/veo-2.0-generate-001/operations/wy63h9utb1ro'
)
STEP 3/4 polling operation poll_count=1 wait_seconds=10
operation_status_done=None
operation_status_error=None
STEP 3/4 polling operation poll_count=2 wait_seconds=10
operation_status_done=None
operation_status_error=None
STEP 3/4 polling operation poll_count=3 wait_seconds=10
operation_status_done=True
operation_status_error=None

===== DEBUG OPERATION [after_polling_done] =====
operation_type=<class 'google.genai.types.GenerateVideosOperation'>
operation_done=True
operation_name=models/veo-2.0-generate-001/operations/wy63h9utb1ro
operation_id=None
operation_error=None
operation_metadata=null
operation_result_type=<class 'google.genai.types.GenerateVideosResponse'>
operation_response_type=<class 'google.genai.types.GenerateVideosResponse'>
operation_repr=GenerateVideosOperation(
  done=True,
  name='models/veo-2.0-generate-001/operations/wy63h9utb1ro',
  response=GenerateVideosResponse(
    generated_videos=[
      GeneratedVideo(
        video=Video(
          uri='https://generativelanguage.googleapis.com/v1beta/files/gft25eut1s01:download?alt=media'
        )
      ),
    ]
  ),
  result=GenerateVideosResponse(
    generated_videos=[
      GeneratedVideo(
        video=Video(
          uri='https://generativelanguage.googleapis.com/v1beta/files/gft25eut1s01:download?alt=media'
        )
      ),
    ]
  )
)

===== DEBUG RESULT [after_polling_done] =====
result_is_none=False
result_type=<class 'google.genai.types.GenerateVideosResponse'>
result_repr=GenerateVideosResponse(
  generated_videos=[
    GeneratedVideo(
      video=Video(
        uri='https://generativelanguage.googleapis.com/v1beta/files/gft25eut1s01:download?alt=media'
      )
    ),
  ]
)
result_json={
  "generated_videos": [
    {
      "video": {
        "uri": "https://generativelanguage.googleapis.com/v1beta/files/gft25eut1s01:download?alt=media",
        "video_bytes": null,
        "mime_type": null
      }
    }
  ],
  "rai_media_filtered_count": null,
  "rai_media_filtered_reasons": null
}
result_attrs=['construct', 'copy', 'dict', 'from_orm', 'generated_videos', 'json', 'model_computed_fields', 'model_config', 'model_construct', 'model_copy', 'model_dump', 'model_dump_json', 'model_extra', 'model_fields', 'model_fields_set', 'model_json_schema', 'model_parametrized_name', 'model_post_init', 'model_rebuild', 'model_validate', 'model_validate_json', 'model_validate_strings', 'parse_file', 'parse_obj', 'parse_raw', 'rai_media_filtered_count', 'rai_media_filtered_reasons', 'schema', 'schema_json', 'to_json_dict', 'update_forward_refs', 'validate']
generated_videos_exists=True
generated_videos_len=1
generated_video_0_type=<class 'google.genai.types.GeneratedVideo'>
generated_video_0_repr=GeneratedVideo(
  video=Video(
    uri='https://generativelanguage.googleapis.com/v1beta/files/gft25eut1s01:download?alt=media'
  )
)
generated_video_0_json={
  "video": {
    "uri": "https://generativelanguage.googleapis.com/v1beta/files/gft25eut1s01:download?alt=media",
    "video_bytes": null,
    "mime_type": null
  }
}
generated_video_0_video=Video(uri=https://generativelanguage.googleapis.com/v1beta/files/gft25eut1s01:download?alt=media, video_bytes=None, mime_type=None)
generated_video_0_uri=None
generated_video_0_name=None
STEP 4/4 download generated video

===== DEBUG DOWNLOAD TARGET =====
generated_video_type=<class 'google.genai.types.GeneratedVideo'>
generated_video_repr=GeneratedVideo(
  video=Video(
    uri='https://generativelanguage.googleapis.com/v1beta/files/gft25eut1s01:download?alt=media'
  )
)
generated_video_json={
  "video": {
    "uri": "https://generativelanguage.googleapis.com/v1beta/files/gft25eut1s01:download?alt=media",
    "video_bytes": null,
    "mime_type": null
  }
}
download_target_type=<class 'google.genai.types.Video'>
download_target_repr=Video(uri=https://generativelanguage.googleapis.com/v1beta/files/gft25eut1s01:download?alt=media, video_bytes=None, mime_type=None)
download_target_json={
  "uri": "https://generativelanguage.googleapis.com/v1beta/files/gft25eut1s01:download?alt=media",
  "video_bytes": null,
  "mime_type": null
}
raw_output_path=C:\Project\CAP_2000_Vocab_Project\workspaces\vocab\Ep17_0261_0270\04_images\animations\scene_32__v01__raw.mp4
raw_video_size_bytes=1150851
STEP 4.5/4 strip audio track from generated video
DONE animation generated
saved_to=C:\Project\CAP_2000_Vocab_Project\workspaces\vocab\Ep17_0261_0270\04_images\animations\scene_32__v01.mp4
DEFAULT RESULT scene_id=32 status=updated path=C:\Project\CAP_2000_Vocab_Project\workspaces\vocab\Ep17_0261_0270\04_images\animations\scene_32__v01.mp4
SCENE RESULT scene_id=32 status=ok path=C:\Project\CAP_2000_Vocab_Project\workspaces\vocab\Ep17_0261_0270\04_images\animations\scene_32__v01.mp4

===== BATCH SCENE 16/20 | scene_id=34 =====
STEP A generate animation prompt scene_id=34
Generating safe animation prompt for Scene 34...
prompt_source=model
saved_to=C:\Project\CAP_2000_Vocab_Project\workspaces\vocab\Ep17_0261_0270\03_storyboards\storyboard.csv
A calm educational scene unfolds as John and Mary gently observe the central infographic. The words CARtoon and CARrot subtly materialize, and the shared CAR prefix softly illuminates and dims, highlighting the linguistic connection. John and Mary make mild, informative hand gestures towards the display, their expressions friendly and focused. The camera executes a very gradual, slight push-in, maintaining a wide, steady view and a serene, inviting atmosphere, ideal for quiet visual learning.
PROMPT RESULT scene_id=34 status=ok
STEP B generate animation video scene_id=34
STEP 1/4 validate inputs
scene_id=34
image_path=C:\Project\CAP_2000_Vocab_Project\workspaces\vocab\Ep17_0261_0270\04_images\ai_generated\img_628.26.png
output_path=C:\Project\CAP_2000_Vocab_Project\workspaces\vocab\Ep17_0261_0270\04_images\animations\scene_34__v01.mp4
duration_seconds=4
video_model=veo-2.0-generate-001
poll_seconds=10
person_generation=allow_adult
image_mime_type=image/png
image_size_bytes=1620153
prompt_length=497
prompt_preview=A calm educational scene unfolds as John and Mary gently observe the central infographic. The words CARtoon and CARrot subtly materialize, and the shared CAR prefix softly illuminates and dims, highlighting the linguistic connection. John and Mary make mild, informative hand gestures towards the display, their expressions friendly and focused. The camera executes a very gradual, slight push-in, maintaining a wide, steady view and a serene, inviting atmosphere, ideal for quiet visual learning.
video_config={
  "http_options": null,
  "number_of_videos": 1,
  "output_gcs_uri": null,
  "fps": null,
  "duration_seconds": 4,
  "seed": null,
  "aspect_ratio": "16:9",
  "resolution": null,
  "person_generation": "allow_adult",
  "pubsub_topic": null,
  "negative_prompt": null,
  "enhance_prompt": null,
  "generate_audio": null,
  "last_frame": null,
  "reference_images": null,
  "mask": null,
  "compression_quality": null,
  "labels": null
}
STEP 2/4 submit image-to-video request
SCENE RESULT scene_id=34 status=error error=ʵeͦШDѡG400 INVALID_ARGUMENT. {'error': {'code': 400, 'message': 'The number value for `durationSeconds` is out of bound. Please provide a value between 5 and 8, inclusive.', 'status': 'INVALID_ARGUMENT'}}
Traceback (most recent call last):
  File "C:\Project\CAP_2000_Vocab_Project\scripts\generate_scene_animation.py", line 420, in generate_scene_animation
    operation = client.models.generate_videos(
                ^^^^^^^^^^^^^^^^^^^^^^^^^^^^^^
  File "C:\Users\User\AppData\Local\Programs\Python\Python311\Lib\site-packages\google\genai\models.py", line 6531, in generate_videos
    return self._generate_videos(
           ^^^^^^^^^^^^^^^^^^^^^^
  File "C:\Users\User\AppData\Local\Programs\Python\Python311\Lib\site-packages\google\genai\models.py", line 5815, in _generate_videos
    response = self._api_client.request(
               ^^^^^^^^^^^^^^^^^^^^^^^^^
  File "C:\Users\User\AppData\Local\Programs\Python\Python311\Lib\site-packages\google\genai\_api_client.py", line 1532, in request
    response = self._request(http_request, http_options, stream=False)
               ^^^^^^^^^^^^^^^^^^^^^^^^^^^^^^^^^^^^^^^^^^^^^^^^^^^^^^^
  File "C:\Users\User\AppData\Local\Programs\Python\Python311\Lib\site-packages\google\genai\_api_client.py", line 1327, in _request
    return self._retry(self._request_once, http_request, stream)  # type: ignore[no-any-return]
           ^^^^^^^^^^^^^^^^^^^^^^^^^^^^^^^^^^^^^^^^^^^^^^^^^^^^^
  File "C:\Users\User\AppData\Local\Programs\Python\Python311\Lib\site-packages\tenacity\__init__.py", line 470, in __call__
    do = self.iter(retry_state=retry_state)
         ^^^^^^^^^^^^^^^^^^^^^^^^^^^^^^^^^^
  File "C:\Users\User\AppData\Local\Programs\Python\Python311\Lib\site-packages\tenacity\__init__.py", line 371, in iter
    result = action(retry_state)
             ^^^^^^^^^^^^^^^^^^^
  File "C:\Users\User\AppData\Local\Programs\Python\Python311\Lib\site-packages\tenacity\__init__.py", line 413, in exc_check
    raise retry_exc.reraise()
          ^^^^^^^^^^^^^^^^^^^
  File "C:\Users\User\AppData\Local\Programs\Python\Python311\Lib\site-packages\tenacity\__init__.py", line 184, in reraise
    raise self.last_attempt.result()
          ^^^^^^^^^^^^^^^^^^^^^^^^^^
  File "C:\Users\User\AppData\Local\Programs\Python\Python311\Lib\concurrent\futures\_base.py", line 449, in result
    return self.__get_result()
           ^^^^^^^^^^^^^^^^^^^
  File "C:\Users\User\AppData\Local\Programs\Python\Python311\Lib\concurrent\futures\_base.py", line 401, in __get_result
    raise self._exception
  File "C:\Users\User\AppData\Local\Programs\Python\Python311\Lib\site-packages\tenacity\__init__.py", line 473, in __call__
    result = fn(*args, **kwargs)
             ^^^^^^^^^^^^^^^^^^^
  File "C:\Users\User\AppData\Local\Programs\Python\Python311\Lib\site-packages\google\genai\_api_client.py", line 1304, in _request_once
    errors.APIError.raise_for_response(response)
  File "C:\Users\User\AppData\Local\Programs\Python\Python311\Lib\site-packages\google\genai\errors.py", line 155, in raise_for_response
    cls.raise_error(response.status_code, response_json, response)
  File "C:\Users\User\AppData\Local\Programs\Python\Python311\Lib\site-packages\google\genai\errors.py", line 184, in raise_error
    raise ClientError(status_code, response_json, response)
google.genai.errors.ClientError: 400 INVALID_ARGUMENT. {'error': {'code': 400, 'message': 'The number value for `durationSeconds` is out of bound. Please provide a value between 5 and 8, inclusive.', 'status': 'INVALID_ARGUMENT'}}

The above exception was the direct cause of the following exception:

Traceback (most recent call last):
  File "C:\Project\CAP_2000_Vocab_Project\scripts\generate_all_scene_animations.py", line 170, in run_batch_animation_for_episode
    output_path = generate_scene_animation(ep_num, scene_id)
                  ^^^^^^^^^^^^^^^^^^^^^^^^^^^^^^^^^^^^^^^^^^
  File "C:\Project\CAP_2000_Vocab_Project\scripts\generate_scene_animation.py", line 439, in generate_scene_animation
    raise SceneAnimationError(f"ʵeͦШDѡG{e}") from e
generate_scene_animation.SceneAnimationError: ʵeͦШDѡG400 INVALID_ARGUMENT. {'error': {'code': 400, 'message': 'The number value for `durationSeconds` is out of bound. Please provide a value between 5 and 8, inclusive.', 'status': 'INVALID_ARGUMENT'}}

===== BATCH SCENE 17/20 | scene_id=37 =====
STEP A generate animation prompt scene_id=37
Generating safe animation prompt for Scene 37...
prompt_source=model
saved_to=C:\Project\CAP_2000_Vocab_Project\workspaces\vocab\Ep17_0261_0270\03_storyboards\storyboard.csv
A gentle, continuous animation of glowing neural pathways subtly expanding and strengthening connections between the cartoon rabbit image and the words 'cartoon' and 'carrot'. Soft light emanates from the active links, illustrating the calm process of memory association. The camera holds a steady, wide shot, occasionally drifting with a very slow, almost imperceptible pan across the network, maintaining a peaceful educational atmosphere.
PROMPT RESULT scene_id=37 status=ok
STEP B generate animation video scene_id=37
STEP 1/4 validate inputs
scene_id=37
image_path=C:\Project\CAP_2000_Vocab_Project\workspaces\vocab\Ep17_0261_0270\04_images\ai_generated\img_657.64.png
output_path=C:\Project\CAP_2000_Vocab_Project\workspaces\vocab\Ep17_0261_0270\04_images\animations\scene_37__v01.mp4
duration_seconds=8
video_model=veo-2.0-generate-001
poll_seconds=10
person_generation=allow_adult
image_mime_type=image/png
image_size_bytes=2290822
prompt_length=441
prompt_preview=A gentle, continuous animation of glowing neural pathways subtly expanding and strengthening connections between the cartoon rabbit image and the words 'cartoon' and 'carrot'. Soft light emanates from the active links, illustrating the calm process of memory association. The camera holds a steady, wide shot, occasionally drifting with a very slow, almost imperceptible pan across the network, maintaining a peaceful educational atmosphere.
video_config={
  "http_options": null,
  "number_of_videos": 1,
  "output_gcs_uri": null,
  "fps": null,
  "duration_seconds": 8,
  "seed": null,
  "aspect_ratio": "16:9",
  "resolution": null,
  "person_generation": "allow_adult",
  "pubsub_topic": null,
  "negative_prompt": null,
  "enhance_prompt": null,
  "generate_audio": null,
  "last_frame": null,
  "reference_images": null,
  "mask": null,
  "compression_quality": null,
  "labels": null
}
STEP 2/4 submit image-to-video request
operation_submitted_done=None

===== DEBUG OPERATION [after_submit] =====
operation_type=<class 'google.genai.types.GenerateVideosOperation'>
operation_done=None
operation_name=models/veo-2.0-generate-001/operations/akziuvy8kii7
operation_id=None
operation_error=None
operation_metadata=null
operation_result_type=<class 'NoneType'>
operation_response_type=<class 'NoneType'>
operation_repr=GenerateVideosOperation(
  name='models/veo-2.0-generate-001/operations/akziuvy8kii7'
)
STEP 3/4 polling operation poll_count=1 wait_seconds=10
operation_status_done=None
operation_status_error=None
STEP 3/4 polling operation poll_count=2 wait_seconds=10
operation_status_done=None
operation_status_error=None
STEP 3/4 polling operation poll_count=3 wait_seconds=10
operation_status_done=None
operation_status_error=None
STEP 3/4 polling operation poll_count=4 wait_seconds=10
operation_status_done=True
operation_status_error=None

===== DEBUG OPERATION [after_polling_done] =====
operation_type=<class 'google.genai.types.GenerateVideosOperation'>
operation_done=True
operation_name=models/veo-2.0-generate-001/operations/akziuvy8kii7
operation_id=None
operation_error=None
operation_metadata=null
operation_result_type=<class 'google.genai.types.GenerateVideosResponse'>
operation_response_type=<class 'google.genai.types.GenerateVideosResponse'>
operation_repr=GenerateVideosOperation(
  done=True,
  name='models/veo-2.0-generate-001/operations/akziuvy8kii7',
  response=GenerateVideosResponse(
    generated_videos=[
      GeneratedVideo(
        video=Video(
          uri='https://generativelanguage.googleapis.com/v1beta/files/hkmuxzh1xyrm:download?alt=media'
        )
      ),
    ]
  ),
  result=GenerateVideosResponse(
    generated_videos=[
      GeneratedVideo(
        video=Video(
          uri='https://generativelanguage.googleapis.com/v1beta/files/hkmuxzh1xyrm:download?alt=media'
        )
      ),
    ]
  )
)

===== DEBUG RESULT [after_polling_done] =====
result_is_none=False
result_type=<class 'google.genai.types.GenerateVideosResponse'>
result_repr=GenerateVideosResponse(
  generated_videos=[
    GeneratedVideo(
      video=Video(
        uri='https://generativelanguage.googleapis.com/v1beta/files/hkmuxzh1xyrm:download?alt=media'
      )
    ),
  ]
)
result_json={
  "generated_videos": [
    {
      "video": {
        "uri": "https://generativelanguage.googleapis.com/v1beta/files/hkmuxzh1xyrm:download?alt=media",
        "video_bytes": null,
        "mime_type": null
      }
    }
  ],
  "rai_media_filtered_count": null,
  "rai_media_filtered_reasons": null
}
result_attrs=['construct', 'copy', 'dict', 'from_orm', 'generated_videos', 'json', 'model_computed_fields', 'model_config', 'model_construct', 'model_copy', 'model_dump', 'model_dump_json', 'model_extra', 'model_fields', 'model_fields_set', 'model_json_schema', 'model_parametrized_name', 'model_post_init', 'model_rebuild', 'model_validate', 'model_validate_json', 'model_validate_strings', 'parse_file', 'parse_obj', 'parse_raw', 'rai_media_filtered_count', 'rai_media_filtered_reasons', 'schema', 'schema_json', 'to_json_dict', 'update_forward_refs', 'validate']
generated_videos_exists=True
generated_videos_len=1
generated_video_0_type=<class 'google.genai.types.GeneratedVideo'>
generated_video_0_repr=GeneratedVideo(
  video=Video(
    uri='https://generativelanguage.googleapis.com/v1beta/files/hkmuxzh1xyrm:download?alt=media'
  )
)
generated_video_0_json={
  "video": {
    "uri": "https://generativelanguage.googleapis.com/v1beta/files/hkmuxzh1xyrm:download?alt=media",
    "video_bytes": null,
    "mime_type": null
  }
}
generated_video_0_video=Video(uri=https://generativelanguage.googleapis.com/v1beta/files/hkmuxzh1xyrm:download?alt=media, video_bytes=None, mime_type=None)
generated_video_0_uri=None
generated_video_0_name=None
STEP 4/4 download generated video

===== DEBUG DOWNLOAD TARGET =====
generated_video_type=<class 'google.genai.types.GeneratedVideo'>
generated_video_repr=GeneratedVideo(
  video=Video(
    uri='https://generativelanguage.googleapis.com/v1beta/files/hkmuxzh1xyrm:download?alt=media'
  )
)
generated_video_json={
  "video": {
    "uri": "https://generativelanguage.googleapis.com/v1beta/files/hkmuxzh1xyrm:download?alt=media",
    "video_bytes": null,
    "mime_type": null
  }
}
download_target_type=<class 'google.genai.types.Video'>
download_target_repr=Video(uri=https://generativelanguage.googleapis.com/v1beta/files/hkmuxzh1xyrm:download?alt=media, video_bytes=None, mime_type=None)
download_target_json={
  "uri": "https://generativelanguage.googleapis.com/v1beta/files/hkmuxzh1xyrm:download?alt=media",
  "video_bytes": null,
  "mime_type": null
}
raw_output_path=C:\Project\CAP_2000_Vocab_Project\workspaces\vocab\Ep17_0261_0270\04_images\animations\scene_37__v01__raw.mp4
raw_video_size_bytes=2183447
STEP 4.5/4 strip audio track from generated video
DONE animation generated
saved_to=C:\Project\CAP_2000_Vocab_Project\workspaces\vocab\Ep17_0261_0270\04_images\animations\scene_37__v01.mp4
DEFAULT RESULT scene_id=37 status=updated path=C:\Project\CAP_2000_Vocab_Project\workspaces\vocab\Ep17_0261_0270\04_images\animations\scene_37__v01.mp4
SCENE RESULT scene_id=37 status=ok path=C:\Project\CAP_2000_Vocab_Project\workspaces\vocab\Ep17_0261_0270\04_images\animations\scene_37__v01.mp4

===== BATCH SCENE 18/20 | scene_id=48 =====
STEP A generate animation prompt scene_id=48
Generating safe animation prompt for Scene 48...
prompt_source=model
saved_to=C:\Project\CAP_2000_Vocab_Project\workspaces\vocab\Ep17_0261_0270\03_storyboards\storyboard.csv
A subtle wide shot with a very slow, gentle zoom into John and Mary. John on the left and Mary on the right maintain their proud, happy thumbs-up, with soft, continuous shifts in their postures. A gentle shower of confetti and sparkles floats down around them in their studio, reflecting the light softly. The overall atmosphere is calmly celebratory and encouraging, suitable for concluding an educational segment.
PROMPT RESULT scene_id=48 status=ok
STEP B generate animation video scene_id=48
STEP 1/4 validate inputs
scene_id=48
image_path=C:\Project\CAP_2000_Vocab_Project\workspaces\vocab\Ep17_0261_0270\04_images\ai_generated\img_702.5.png
output_path=C:\Project\CAP_2000_Vocab_Project\workspaces\vocab\Ep17_0261_0270\04_images\animations\scene_48__v01.mp4
duration_seconds=8
video_model=veo-2.0-generate-001
poll_seconds=10
person_generation=allow_adult
image_mime_type=image/png
image_size_bytes=2325379
prompt_length=415
prompt_preview=A subtle wide shot with a very slow, gentle zoom into John and Mary. John on the left and Mary on the right maintain their proud, happy thumbs-up, with soft, continuous shifts in their postures. A gentle shower of confetti and sparkles floats down around them in their studio, reflecting the light softly. The overall atmosphere is calmly celebratory and encouraging, suitable for concluding an educational segment.
video_config={
  "http_options": null,
  "number_of_videos": 1,
  "output_gcs_uri": null,
  "fps": null,
  "duration_seconds": 8,
  "seed": null,
  "aspect_ratio": "16:9",
  "resolution": null,
  "person_generation": "allow_adult",
  "pubsub_topic": null,
  "negative_prompt": null,
  "enhance_prompt": null,
  "generate_audio": null,
  "last_frame": null,
  "reference_images": null,
  "mask": null,
  "compression_quality": null,
  "labels": null
}
STEP 2/4 submit image-to-video request
operation_submitted_done=None

===== DEBUG OPERATION [after_submit] =====
operation_type=<class 'google.genai.types.GenerateVideosOperation'>
operation_done=None
operation_name=models/veo-2.0-generate-001/operations/1mr3i4u438ij
operation_id=None
operation_error=None
operation_metadata=null
operation_result_type=<class 'NoneType'>
operation_response_type=<class 'NoneType'>
operation_repr=GenerateVideosOperation(
  name='models/veo-2.0-generate-001/operations/1mr3i4u438ij'
)
STEP 3/4 polling operation poll_count=1 wait_seconds=10
operation_status_done=None
operation_status_error=None
STEP 3/4 polling operation poll_count=2 wait_seconds=10
operation_status_done=None
operation_status_error=None
STEP 3/4 polling operation poll_count=3 wait_seconds=10
operation_status_done=True
operation_status_error=None

===== DEBUG OPERATION [after_polling_done] =====
operation_type=<class 'google.genai.types.GenerateVideosOperation'>
operation_done=True
operation_name=models/veo-2.0-generate-001/operations/1mr3i4u438ij
operation_id=None
operation_error=None
operation_metadata=null
operation_result_type=<class 'google.genai.types.GenerateVideosResponse'>
operation_response_type=<class 'google.genai.types.GenerateVideosResponse'>
operation_repr=GenerateVideosOperation(
  done=True,
  name='models/veo-2.0-generate-001/operations/1mr3i4u438ij',
  response=GenerateVideosResponse(
    generated_videos=[
      GeneratedVideo(
        video=Video(
          uri='https://generativelanguage.googleapis.com/v1beta/files/tncu65b4ecgg:download?alt=media'
        )
      ),
    ]
  ),
  result=GenerateVideosResponse(
    generated_videos=[
      GeneratedVideo(
        video=Video(
          uri='https://generativelanguage.googleapis.com/v1beta/files/tncu65b4ecgg:download?alt=media'
        )
      ),
    ]
  )
)

===== DEBUG RESULT [after_polling_done] =====
result_is_none=False
result_type=<class 'google.genai.types.GenerateVideosResponse'>
result_repr=GenerateVideosResponse(
  generated_videos=[
    GeneratedVideo(
      video=Video(
        uri='https://generativelanguage.googleapis.com/v1beta/files/tncu65b4ecgg:download?alt=media'
      )
    ),
  ]
)
result_json={
  "generated_videos": [
    {
      "video": {
        "uri": "https://generativelanguage.googleapis.com/v1beta/files/tncu65b4ecgg:download?alt=media",
        "video_bytes": null,
        "mime_type": null
      }
    }
  ],
  "rai_media_filtered_count": null,
  "rai_media_filtered_reasons": null
}
result_attrs=['construct', 'copy', 'dict', 'from_orm', 'generated_videos', 'json', 'model_computed_fields', 'model_config', 'model_construct', 'model_copy', 'model_dump', 'model_dump_json', 'model_extra', 'model_fields', 'model_fields_set', 'model_json_schema', 'model_parametrized_name', 'model_post_init', 'model_rebuild', 'model_validate', 'model_validate_json', 'model_validate_strings', 'parse_file', 'parse_obj', 'parse_raw', 'rai_media_filtered_count', 'rai_media_filtered_reasons', 'schema', 'schema_json', 'to_json_dict', 'update_forward_refs', 'validate']
generated_videos_exists=True
generated_videos_len=1
generated_video_0_type=<class 'google.genai.types.GeneratedVideo'>
generated_video_0_repr=GeneratedVideo(
  video=Video(
    uri='https://generativelanguage.googleapis.com/v1beta/files/tncu65b4ecgg:download?alt=media'
  )
)
generated_video_0_json={
  "video": {
    "uri": "https://generativelanguage.googleapis.com/v1beta/files/tncu65b4ecgg:download?alt=media",
    "video_bytes": null,
    "mime_type": null
  }
}
generated_video_0_video=Video(uri=https://generativelanguage.googleapis.com/v1beta/files/tncu65b4ecgg:download?alt=media, video_bytes=None, mime_type=None)
generated_video_0_uri=None
generated_video_0_name=None
STEP 4/4 download generated video

===== DEBUG DOWNLOAD TARGET =====
generated_video_type=<class 'google.genai.types.GeneratedVideo'>
generated_video_repr=GeneratedVideo(
  video=Video(
    uri='https://generativelanguage.googleapis.com/v1beta/files/tncu65b4ecgg:download?alt=media'
  )
)
generated_video_json={
  "video": {
    "uri": "https://generativelanguage.googleapis.com/v1beta/files/tncu65b4ecgg:download?alt=media",
    "video_bytes": null,
    "mime_type": null
  }
}
download_target_type=<class 'google.genai.types.Video'>
download_target_repr=Video(uri=https://generativelanguage.googleapis.com/v1beta/files/tncu65b4ecgg:download?alt=media, video_bytes=None, mime_type=None)
download_target_json={
  "uri": "https://generativelanguage.googleapis.com/v1beta/files/tncu65b4ecgg:download?alt=media",
  "video_bytes": null,
  "mime_type": null
}
raw_output_path=C:\Project\CAP_2000_Vocab_Project\workspaces\vocab\Ep17_0261_0270\04_images\animations\scene_48__v01__raw.mp4
raw_video_size_bytes=3594535
STEP 4.5/4 strip audio track from generated video
DONE animation generated
saved_to=C:\Project\CAP_2000_Vocab_Project\workspaces\vocab\Ep17_0261_0270\04_images\animations\scene_48__v01.mp4
DEFAULT RESULT scene_id=48 status=updated path=C:\Project\CAP_2000_Vocab_Project\workspaces\vocab\Ep17_0261_0270\04_images\animations\scene_48__v01.mp4
SCENE RESULT scene_id=48 status=ok path=C:\Project\CAP_2000_Vocab_Project\workspaces\vocab\Ep17_0261_0270\04_images\animations\scene_48__v01.mp4

===== BATCH SCENE 19/20 | scene_id=49 =====
STEP A generate animation prompt scene_id=49
Generating safe animation prompt for Scene 49...
prompt_source=model
saved_to=C:\Project\CAP_2000_Vocab_Project\workspaces\vocab\Ep17_0261_0270\03_storyboards\storyboard.csv
A gentle camera push-in slowly draws focus. The large, friendly question mark icon softly materializes with a subtle, ambient glow, then calmly pulses. John and Mary, with serene, encouraging expressions, slowly extend their arms and index fingers, gently guiding the audience's attention towards the glowing question mark. Their subtle head tilts convey a friendly invitation. The atmosphere remains peaceful and focused, maintaining a continuous, vibrant educational tone suitable for thoughtful, silent contemplation.
PROMPT RESULT scene_id=49 status=ok
STEP B generate animation video scene_id=49
STEP 1/4 validate inputs
scene_id=49
image_path=C:\Project\CAP_2000_Vocab_Project\workspaces\vocab\Ep17_0261_0270\04_images\ai_generated\img_724.74.png
output_path=C:\Project\CAP_2000_Vocab_Project\workspaces\vocab\Ep17_0261_0270\04_images\animations\scene_49__v01.mp4
duration_seconds=8
video_model=veo-2.0-generate-001
poll_seconds=10
person_generation=allow_adult
image_mime_type=image/png
image_size_bytes=2012263
prompt_length=520
prompt_preview=A gentle camera push-in slowly draws focus. The large, friendly question mark icon softly materializes with a subtle, ambient glow, then calmly pulses. John and Mary, with serene, encouraging expressions, slowly extend their arms and index fingers, gently guiding the audience's attention towards the glowing question mark. Their subtle head tilts convey a friendly invitation. The atmosphere remains peaceful and focused, maintaining a continuous, vibrant educational tone suitable for thoughtful, s
video_config={
  "http_options": null,
  "number_of_videos": 1,
  "output_gcs_uri": null,
  "fps": null,
  "duration_seconds": 8,
  "seed": null,
  "aspect_ratio": "16:9",
  "resolution": null,
  "person_generation": "allow_adult",
  "pubsub_topic": null,
  "negative_prompt": null,
  "enhance_prompt": null,
  "generate_audio": null,
  "last_frame": null,
  "reference_images": null,
  "mask": null,
  "compression_quality": null,
  "labels": null
}
STEP 2/4 submit image-to-video request
operation_submitted_done=None

===== DEBUG OPERATION [after_submit] =====
operation_type=<class 'google.genai.types.GenerateVideosOperation'>
operation_done=None
operation_name=models/veo-2.0-generate-001/operations/l6bnr92lgy35
operation_id=None
operation_error=None
operation_metadata=null
operation_result_type=<class 'NoneType'>
operation_response_type=<class 'NoneType'>
operation_repr=GenerateVideosOperation(
  name='models/veo-2.0-generate-001/operations/l6bnr92lgy35'
)
STEP 3/4 polling operation poll_count=1 wait_seconds=10
operation_status_done=None
operation_status_error=None
STEP 3/4 polling operation poll_count=2 wait_seconds=10
operation_status_done=None
operation_status_error=None
STEP 3/4 polling operation poll_count=3 wait_seconds=10
operation_status_done=True
operation_status_error=None

===== DEBUG OPERATION [after_polling_done] =====
operation_type=<class 'google.genai.types.GenerateVideosOperation'>
operation_done=True
operation_name=models/veo-2.0-generate-001/operations/l6bnr92lgy35
operation_id=None
operation_error=None
operation_metadata=null
operation_result_type=<class 'google.genai.types.GenerateVideosResponse'>
operation_response_type=<class 'google.genai.types.GenerateVideosResponse'>
operation_repr=GenerateVideosOperation(
  done=True,
  name='models/veo-2.0-generate-001/operations/l6bnr92lgy35',
  response=GenerateVideosResponse(
    rai_media_filtered_count=1,
    rai_media_filtered_reasons=[
      "1 videos were filtered out because they violated Gemini API's usage guidelines. You will not be charged for blocked videos. Try rephrasing the prompt. If you think this was an error, send feedback.",
    ]
  ),
  result=GenerateVideosResponse(
    rai_media_filtered_count=1,
    rai_media_filtered_reasons=[
      "1 videos were filtered out because they violated Gemini API's usage guidelines. You will not be charged for blocked videos. Try rephrasing the prompt. If you think this was an error, send feedback.",
    ]
  )
)

===== DEBUG RESULT [after_polling_done] =====
result_is_none=False
result_type=<class 'google.genai.types.GenerateVideosResponse'>
result_repr=GenerateVideosResponse(
  rai_media_filtered_count=1,
  rai_media_filtered_reasons=[
    "1 videos were filtered out because they violated Gemini API's usage guidelines. You will not be charged for blocked videos. Try rephrasing the prompt. If you think this was an error, send feedback.",
  ]
)
result_json={
  "generated_videos": null,
  "rai_media_filtered_count": 1,
  "rai_media_filtered_reasons": [
    "1 videos were filtered out because they violated Gemini API's usage guidelines. You will not be charged for blocked videos. Try rephrasing the prompt. If you think this was an error, send feedback."
  ]
}
result_attrs=['construct', 'copy', 'dict', 'from_orm', 'generated_videos', 'json', 'model_computed_fields', 'model_config', 'model_construct', 'model_copy', 'model_dump', 'model_dump_json', 'model_extra', 'model_fields', 'model_fields_set', 'model_json_schema', 'model_parametrized_name', 'model_post_init', 'model_rebuild', 'model_validate', 'model_validate_json', 'model_validate_strings', 'parse_file', 'parse_obj', 'parse_raw', 'rai_media_filtered_count', 'rai_media_filtered_reasons', 'schema', 'schema_json', 'to_json_dict', 'update_forward_refs', 'validate']
generated_videos_exists=False
WARN safe_prompt_retry scene_id=49 reason=policy_filtered
retry_animation_prompt=A calm educational animation of [0:12:05.080000-->0:12:07.320000] ѪHpӤFC | [0:12:07.440000-->0:12:10.200000] o@DOndjaʰʸ, | [0:12:10.360000-->0:12:13.400000] ҦҧA赲bҪӾUסC | [0:12:13.400000-->0:12:16.580000] Mڭ̷|bU@}YjaԲӴ | [0:12:16.580000-->0:12:17.200000] ., with subtle breathing, gentle head turns, small hand gestures, soft infographic motion, and slow camera drift. Keep the original subjects, layout, props, and colors unchanged. Maintain friendly expressions, soft studio lighting, light background parallax, and smooth Pixar-like continuity throughout.
STEP 2/4 submit image-to-video request
operation_submitted_done=None

===== DEBUG OPERATION [after_submit] =====
operation_type=<class 'google.genai.types.GenerateVideosOperation'>
operation_done=None
operation_name=models/veo-2.0-generate-001/operations/dxx48smu3hr4
operation_id=None
operation_error=None
operation_metadata=null
operation_result_type=<class 'NoneType'>
operation_response_type=<class 'NoneType'>
operation_repr=GenerateVideosOperation(
  name='models/veo-2.0-generate-001/operations/dxx48smu3hr4'
)
STEP 3/4 polling operation poll_count=1 wait_seconds=10
operation_status_done=None
operation_status_error=None
STEP 3/4 polling operation poll_count=2 wait_seconds=10
operation_status_done=None
operation_status_error=None
STEP 3/4 polling operation poll_count=3 wait_seconds=10
operation_status_done=None
operation_status_error=None
STEP 3/4 polling operation poll_count=4 wait_seconds=10
operation_status_done=True
operation_status_error=None

===== DEBUG OPERATION [after_polling_done] =====
operation_type=<class 'google.genai.types.GenerateVideosOperation'>
operation_done=True
operation_name=models/veo-2.0-generate-001/operations/dxx48smu3hr4
operation_id=None
operation_error=None
operation_metadata=null
operation_result_type=<class 'google.genai.types.GenerateVideosResponse'>
operation_response_type=<class 'google.genai.types.GenerateVideosResponse'>
operation_repr=GenerateVideosOperation(
  done=True,
  name='models/veo-2.0-generate-001/operations/dxx48smu3hr4',
  response=GenerateVideosResponse(
    generated_videos=[
      GeneratedVideo(
        video=Video(
          uri='https://generativelanguage.googleapis.com/v1beta/files/gp9whanc7fv6:download?alt=media'
        )
      ),
    ]
  ),
  result=GenerateVideosResponse(
    generated_videos=[
      GeneratedVideo(
        video=Video(
          uri='https://generativelanguage.googleapis.com/v1beta/files/gp9whanc7fv6:download?alt=media'
        )
      ),
    ]
  )
)

===== DEBUG RESULT [after_polling_done] =====
result_is_none=False
result_type=<class 'google.genai.types.GenerateVideosResponse'>
result_repr=GenerateVideosResponse(
  generated_videos=[
    GeneratedVideo(
      video=Video(
        uri='https://generativelanguage.googleapis.com/v1beta/files/gp9whanc7fv6:download?alt=media'
      )
    ),
  ]
)
result_json={
  "generated_videos": [
    {
      "video": {
        "uri": "https://generativelanguage.googleapis.com/v1beta/files/gp9whanc7fv6:download?alt=media",
        "video_bytes": null,
        "mime_type": null
      }
    }
  ],
  "rai_media_filtered_count": null,
  "rai_media_filtered_reasons": null
}
result_attrs=['construct', 'copy', 'dict', 'from_orm', 'generated_videos', 'json', 'model_computed_fields', 'model_config', 'model_construct', 'model_copy', 'model_dump', 'model_dump_json', 'model_extra', 'model_fields', 'model_fields_set', 'model_json_schema', 'model_parametrized_name', 'model_post_init', 'model_rebuild', 'model_validate', 'model_validate_json', 'model_validate_strings', 'parse_file', 'parse_obj', 'parse_raw', 'rai_media_filtered_count', 'rai_media_filtered_reasons', 'schema', 'schema_json', 'to_json_dict', 'update_forward_refs', 'validate']
generated_videos_exists=True
generated_videos_len=1
generated_video_0_type=<class 'google.genai.types.GeneratedVideo'>
generated_video_0_repr=GeneratedVideo(
  video=Video(
    uri='https://generativelanguage.googleapis.com/v1beta/files/gp9whanc7fv6:download?alt=media'
  )
)
generated_video_0_json={
  "video": {
    "uri": "https://generativelanguage.googleapis.com/v1beta/files/gp9whanc7fv6:download?alt=media",
    "video_bytes": null,
    "mime_type": null
  }
}
generated_video_0_video=Video(uri=https://generativelanguage.googleapis.com/v1beta/files/gp9whanc7fv6:download?alt=media, video_bytes=None, mime_type=None)
generated_video_0_uri=None
generated_video_0_name=None
STEP 4/4 download generated video

===== DEBUG DOWNLOAD TARGET =====
generated_video_type=<class 'google.genai.types.GeneratedVideo'>
generated_video_repr=GeneratedVideo(
  video=Video(
    uri='https://generativelanguage.googleapis.com/v1beta/files/gp9whanc7fv6:download?alt=media'
  )
)
generated_video_json={
  "video": {
    "uri": "https://generativelanguage.googleapis.com/v1beta/files/gp9whanc7fv6:download?alt=media",
    "video_bytes": null,
    "mime_type": null
  }
}
download_target_type=<class 'google.genai.types.Video'>
download_target_repr=Video(uri=https://generativelanguage.googleapis.com/v1beta/files/gp9whanc7fv6:download?alt=media, video_bytes=None, mime_type=None)
download_target_json={
  "uri": "https://generativelanguage.googleapis.com/v1beta/files/gp9whanc7fv6:download?alt=media",
  "video_bytes": null,
  "mime_type": null
}
raw_output_path=C:\Project\CAP_2000_Vocab_Project\workspaces\vocab\Ep17_0261_0270\04_images\animations\scene_49__v01__raw.mp4
raw_video_size_bytes=1977315
STEP 4.5/4 strip audio track from generated video
DONE animation generated
saved_to=C:\Project\CAP_2000_Vocab_Project\workspaces\vocab\Ep17_0261_0270\04_images\animations\scene_49__v01.mp4
DEFAULT RESULT scene_id=49 status=updated path=C:\Project\CAP_2000_Vocab_Project\workspaces\vocab\Ep17_0261_0270\04_images\animations\scene_49__v01.mp4
SCENE RESULT scene_id=49 status=ok path=C:\Project\CAP_2000_Vocab_Project\workspaces\vocab\Ep17_0261_0270\04_images\animations\scene_49__v01.mp4

===== BATCH SCENE 20/20 | scene_id=51 =====
STEP A generate animation prompt scene_id=51
Generating safe animation prompt for Scene 51...
prompt_source=model
saved_to=C:\Project\CAP_2000_Vocab_Project\workspaces\vocab\Ep17_0261_0270\03_storyboards\storyboard.csv
A gentle scene where John and Mary offer subtle, friendly waves from their studio desk. The camera smoothly glides slightly forward, maintaining a wide educational composition. The screen beside them softly animates the 'Subscribe' and 'Like' buttons with mild, encouraging movements. The atmosphere remains cheerful and inviting, ensuring a calm and continuous transition as they bid farewell, prompting viewers with a gentle call to action.
PROMPT RESULT scene_id=51 status=ok
STEP B generate animation video scene_id=51
STEP 1/4 validate inputs
scene_id=51
image_path=C:\Project\CAP_2000_Vocab_Project\workspaces\vocab\Ep17_0261_0270\04_images\ai_generated\img_769.22.png
output_path=C:\Project\CAP_2000_Vocab_Project\workspaces\vocab\Ep17_0261_0270\04_images\animations\scene_51__v01.mp4
duration_seconds=8
video_model=veo-2.0-generate-001
poll_seconds=10
person_generation=allow_adult
image_mime_type=image/png
image_size_bytes=2168763
prompt_length=442
prompt_preview=A gentle scene where John and Mary offer subtle, friendly waves from their studio desk. The camera smoothly glides slightly forward, maintaining a wide educational composition. The screen beside them softly animates the 'Subscribe' and 'Like' buttons with mild, encouraging movements. The atmosphere remains cheerful and inviting, ensuring a calm and continuous transition as they bid farewell, prompting viewers with a gentle call to action.
video_config={
  "http_options": null,
  "number_of_videos": 1,
  "output_gcs_uri": null,
  "fps": null,
  "duration_seconds": 8,
  "seed": null,
  "aspect_ratio": "16:9",
  "resolution": null,
  "person_generation": "allow_adult",
  "pubsub_topic": null,
  "negative_prompt": null,
  "enhance_prompt": null,
  "generate_audio": null,
  "last_frame": null,
  "reference_images": null,
  "mask": null,
  "compression_quality": null,
  "labels": null
}
STEP 2/4 submit image-to-video request
operation_submitted_done=None

===== DEBUG OPERATION [after_submit] =====
operation_type=<class 'google.genai.types.GenerateVideosOperation'>
operation_done=None
operation_name=models/veo-2.0-generate-001/operations/ac4cduf8xfu5
operation_id=None
operation_error=None
operation_metadata=null
operation_result_type=<class 'NoneType'>
operation_response_type=<class 'NoneType'>
operation_repr=GenerateVideosOperation(
  name='models/veo-2.0-generate-001/operations/ac4cduf8xfu5'
)
STEP 3/4 polling operation poll_count=1 wait_seconds=10
operation_status_done=True
operation_status_error={'code': 3, 'message': 'The input image contains content that has been blocked by your current safety settings for person/face generation. If you think this was an error, send feedback.'}

===== DEBUG OPERATION [after_polling_done] =====
operation_type=<class 'google.genai.types.GenerateVideosOperation'>
operation_done=True
operation_name=models/veo-2.0-generate-001/operations/ac4cduf8xfu5
operation_id=None
operation_error={'code': 3, 'message': 'The input image contains content that has been blocked by your current safety settings for person/face generation. If you think this was an error, send feedback.'}
operation_metadata=null
operation_result_type=<class 'NoneType'>
operation_response_type=<class 'NoneType'>
operation_repr=GenerateVideosOperation(
  done=True,
  error={
    'code': 3,
    'message': 'The input image contains content that has been blocked by your current safety settings for person/face generation. If you think this was an error, send feedback.'
  },
  name='models/veo-2.0-generate-001/operations/ac4cduf8xfu5'
)

===== DEBUG RESULT [after_polling_done] =====
result_is_none=True
result_type=<class 'NoneType'>
SCENE RESULT scene_id=51 status=error error=ʵeͦQAȺݦw]wפUGJϤ]tHyeAثeo image-to-video ]w\͡C
ĳBz覡G
1. ΤtMHyϤ
2. Χ󴫳oi scene 
3. o scene OdRAϤAϥΰʵe
error_code=3
error_message=The input image contains content that has been blocked by your current safety settings for person/face generation. If you think this was an error, send feedback.
Traceback (most recent call last):
  File "C:\Project\CAP_2000_Vocab_Project\scripts\generate_all_scene_animations.py", line 170, in run_batch_animation_for_episode
    output_path = generate_scene_animation(ep_num, scene_id)
                  ^^^^^^^^^^^^^^^^^^^^^^^^^^^^^^^^^^^^^^^^^^
  File "C:\Project\CAP_2000_Vocab_Project\scripts\generate_scene_animation.py", line 482, in generate_scene_animation
    raise SceneAnimationError(format_operation_failure(operation, operation_error))
generate_scene_animation.SceneAnimationError: ʵeͦQAȺݦw]wפUGJϤ]tHyeAثeo image-to-video ]w\͡C
ĳBz覡G
1. ΤtMHyϤ
2. Χ󴫳oi scene 
3. o scene OdRAϤAϥΰʵe
error_code=3
error_message=The input image contains content that has been blocked by your current safety settings for person/face generation. If you think this was an error, send feedback.

===== BATCH SUMMARY =====
total=20
prompt_success=20
animation_success=15
default_updated=15
skipped=0
failed=5
prompt_success_scene_ids=1,2,4,6,8,10,12,15,17,19,23,25,28,30,32,34,37,48,49,51
animation_success_scene_ids=1,4,6,10,12,15,17,23,25,28,30,32,37,48,49
default_updated_scene_ids=1,4,6,10,12,15,17,23,25,28,30,32,37,48,49
failed_scene scene_id=2 message=ʵeͦQAȺݦw]wפUGJϤ]tHyeAثeo image-to-video ]w\͡C
ĳBz覡G
1. ΤtMHyϤ
2. Χ󴫳oi scene 
3. o scene OdRAϤAϥΰʵe
error_code=3
error_message=The input image contains content that has been blocked by your current safety settings for person/face generation. If you think this was an error, send feedback.
failed_scene scene_id=8 message=ʵeͦ@~wAXvQAȺݤef/ϥάFLoA]S^iUvC
ĳBz覡G
1. sg animation promptAקKMIBˡBĬΨLiĲoFyz
2. CHjסA令󤤩ʡBоǦBũMʧ@
3. Yo scene @QסAOdRAϤAϥΰʵe
filtered_count=1
filtered_reasons=
1 videos were filtered out because they violated Gemini API's usage guidelines. You will not be charged for blocked videos. Try rephrasing the prompt. If you think this was an error, send feedback.
failed_scene scene_id=19 message=ʵeͦШDѡG400 INVALID_ARGUMENT. {'error': {'code': 400, 'message': 'The number value for `durationSeconds` is out of bound. Please provide a value between 5 and 8, inclusive.', 'status': 'INVALID_ARGUMENT'}}
failed_scene scene_id=34 message=ʵeͦШDѡG400 INVALID_ARGUMENT. {'error': {'code': 400, 'message': 'The number value for `durationSeconds` is out of bound. Please provide a value between 5 and 8, inclusive.', 'status': 'INVALID_ARGUMENT'}}
failed_scene scene_id=51 message=ʵeͦQAȺݦw]wפUGJϤ]tHyeAثeo image-to-video ]w\͡C
ĳBz覡G
1. ΤtMHyϤ
2. Χ󴫳oi scene 
3. o scene OdRAϤAϥΰʵe
error_code=3
error_message=The input image contains content that has been blocked by your current safety settings for person/face generation. If you think this was an error, send feedback.
Batch completed with failures. Prompt generation and animation generation continued for later scenes.
===== BATCH ANIMATION END =====
[schedule] batch animation exit_code=1
[schedule] episode 17 failed stage 4.1 (error)
[schedule] start episode 18 (4/6) stage 4.1
[schedule] launch batch animation command=['C:\\Users\\User\\AppData\\Local\\Programs\\Python\\Python311\\python.exe', '-u', 'C:\\Project\\CAP_2000_Vocab_Project\\scripts\\generate_all_scene_animations.py', '--ep', '18']
===== BATCH ANIMATION START =====
episode=18
episode_folder=C:\Project\CAP_2000_Vocab_Project\workspaces\vocab\Ep18_0271_0280
storyboard_csv=C:\Project\CAP_2000_Vocab_Project\workspaces\vocab\Ep18_0271_0280\03_storyboards\storyboard.csv
ai_scene_count=8

===== BATCH SCENE 1/8 | scene_id=1 =====
STEP A generate animation prompt scene_id=1
Generating safe animation prompt for Scene 1...
prompt_source=model
saved_to=C:\Project\CAP_2000_Vocab_Project\workspaces\vocab\Ep18_0271_0280\03_storyboards\storyboard.csv
A vibrant podcast studio scene featuring John on the left and Mary on the right. Both characters offer gentle, friendly waves to the audience, their cheerful expressions remaining calm and welcoming. The camera subtly drifts slightly right, then smoothly returns to a balanced wide educational composition. Soft studio lighting gently shimmers across the scene, creating a continuous, serene, and inviting atmosphere for an educational introduction.
PROMPT RESULT scene_id=1 status=ok
STEP B generate animation video scene_id=1
STEP 1/4 validate inputs
scene_id=1
image_path=C:\Project\CAP_2000_Vocab_Project\workspaces\vocab\Ep18_0271_0280\04_images\ai_generated\img_0.0.png
output_path=C:\Project\CAP_2000_Vocab_Project\workspaces\vocab\Ep18_0271_0280\04_images\animations\scene_1__v01.mp4
duration_seconds=8
video_model=veo-2.0-generate-001
poll_seconds=10
person_generation=allow_adult
image_mime_type=image/png
image_size_bytes=2252644
prompt_length=449
prompt_preview=A vibrant podcast studio scene featuring John on the left and Mary on the right. Both characters offer gentle, friendly waves to the audience, their cheerful expressions remaining calm and welcoming. The camera subtly drifts slightly right, then smoothly returns to a balanced wide educational composition. Soft studio lighting gently shimmers across the scene, creating a continuous, serene, and inviting atmosphere for an educational introduction.
video_config={
  "http_options": null,
  "number_of_videos": 1,
  "output_gcs_uri": null,
  "fps": null,
  "duration_seconds": 8,
  "seed": null,
  "aspect_ratio": "16:9",
  "resolution": null,
  "person_generation": "allow_adult",
  "pubsub_topic": null,
  "negative_prompt": null,
  "enhance_prompt": null,
  "generate_audio": null,
  "last_frame": null,
  "reference_images": null,
  "mask": null,
  "compression_quality": null,
  "labels": null
}
STEP 2/4 submit image-to-video request
operation_submitted_done=None

===== DEBUG OPERATION [after_submit] =====
operation_type=<class 'google.genai.types.GenerateVideosOperation'>
operation_done=None
operation_name=models/veo-2.0-generate-001/operations/oae5npqtpy7r
operation_id=None
operation_error=None
operation_metadata=null
operation_result_type=<class 'NoneType'>
operation_response_type=<class 'NoneType'>
operation_repr=GenerateVideosOperation(
  name='models/veo-2.0-generate-001/operations/oae5npqtpy7r'
)
STEP 3/4 polling operation poll_count=1 wait_seconds=10
operation_status_done=True
operation_status_error={'code': 3, 'message': 'The input image contains content that has been blocked by your current safety settings for person/face generation. If you think this was an error, send feedback.'}

===== DEBUG OPERATION [after_polling_done] =====
operation_type=<class 'google.genai.types.GenerateVideosOperation'>
operation_done=True
operation_name=models/veo-2.0-generate-001/operations/oae5npqtpy7r
operation_id=None
operation_error={'code': 3, 'message': 'The input image contains content that has been blocked by your current safety settings for person/face generation. If you think this was an error, send feedback.'}
operation_metadata=null
operation_result_type=<class 'NoneType'>
operation_response_type=<class 'NoneType'>
operation_repr=GenerateVideosOperation(
  done=True,
  error={
    'code': 3,
    'message': 'The input image contains content that has been blocked by your current safety settings for person/face generation. If you think this was an error, send feedback.'
  },
  name='models/veo-2.0-generate-001/operations/oae5npqtpy7r'
)

===== DEBUG RESULT [after_polling_done] =====
result_is_none=True
result_type=<class 'NoneType'>
SCENE RESULT scene_id=1 status=error error=ʵeͦQAȺݦw]wפUGJϤ]tHyeAثeo image-to-video ]w\͡C
ĳBz覡G
1. ΤtMHyϤ
2. Χ󴫳oi scene 
3. o scene OdRAϤAϥΰʵe
error_code=3
error_message=The input image contains content that has been blocked by your current safety settings for person/face generation. If you think this was an error, send feedback.
Traceback (most recent call last):
  File "C:\Project\CAP_2000_Vocab_Project\scripts\generate_all_scene_animations.py", line 170, in run_batch_animation_for_episode
    output_path = generate_scene_animation(ep_num, scene_id)
                  ^^^^^^^^^^^^^^^^^^^^^^^^^^^^^^^^^^^^^^^^^^
  File "C:\Project\CAP_2000_Vocab_Project\scripts\generate_scene_animation.py", line 482, in generate_scene_animation
    raise SceneAnimationError(format_operation_failure(operation, operation_error))
generate_scene_animation.SceneAnimationError: ʵeͦQAȺݦw]wפUGJϤ]tHyeAثeo image-to-video ]w\͡C
ĳBz覡G
1. ΤtMHyϤ
2. Χ󴫳oi scene 
3. o scene OdRAϤAϥΰʵe
error_code=3
error_message=The input image contains content that has been blocked by your current safety settings for person/face generation. If you think this was an error, send feedback.

===== BATCH SCENE 2/8 | scene_id=2 =====
STEP A generate animation prompt scene_id=2
Generating safe animation prompt for Scene 2...
prompt_source=model
saved_to=C:\Project\CAP_2000_Vocab_Project\workspaces\vocab\Ep18_0271_0280\03_storyboards\storyboard.csv
A gentle wide-angle camera slowly glides across the vibrant educational studio. Mary subtly extends an open hand towards the large screen, her blonde pigtails softly swaying. John stands calmly nearby, his head slightly tilting in a mild gesture of thoughtful attention. The large screen emits a soft, steady educational glow. The overall atmosphere is quiet and focused, maintaining a smooth visual flow as the scene prepares for an upcoming reveal.
PROMPT RESULT scene_id=2 status=ok
STEP B generate animation video scene_id=2
STEP 1/4 validate inputs
scene_id=2
image_path=C:\Project\CAP_2000_Vocab_Project\workspaces\vocab\Ep18_0271_0280\04_images\ai_generated\img_12.36.png
output_path=C:\Project\CAP_2000_Vocab_Project\workspaces\vocab\Ep18_0271_0280\04_images\animations\scene_2__v01.mp4
duration_seconds=8
video_model=veo-2.0-generate-001
poll_seconds=10
person_generation=allow_adult
image_mime_type=image/png
image_size_bytes=2087651
prompt_length=450
prompt_preview=A gentle wide-angle camera slowly glides across the vibrant educational studio. Mary subtly extends an open hand towards the large screen, her blonde pigtails softly swaying. John stands calmly nearby, his head slightly tilting in a mild gesture of thoughtful attention. The large screen emits a soft, steady educational glow. The overall atmosphere is quiet and focused, maintaining a smooth visual flow as the scene prepares for an upcoming reveal.
video_config={
  "http_options": null,
  "number_of_videos": 1,
  "output_gcs_uri": null,
  "fps": null,
  "duration_seconds": 8,
  "seed": null,
  "aspect_ratio": "16:9",
  "resolution": null,
  "person_generation": "allow_adult",
  "pubsub_topic": null,
  "negative_prompt": null,
  "enhance_prompt": null,
  "generate_audio": null,
  "last_frame": null,
  "reference_images": null,
  "mask": null,
  "compression_quality": null,
  "labels": null
}
STEP 2/4 submit image-to-video request
operation_submitted_done=None

===== DEBUG OPERATION [after_submit] =====
operation_type=<class 'google.genai.types.GenerateVideosOperation'>
operation_done=None
operation_name=models/veo-2.0-generate-001/operations/8hupqs8t5efe
operation_id=None
operation_error=None
operation_metadata=null
operation_result_type=<class 'NoneType'>
operation_response_type=<class 'NoneType'>
operation_repr=GenerateVideosOperation(
  name='models/veo-2.0-generate-001/operations/8hupqs8t5efe'
)
STEP 3/4 polling operation poll_count=1 wait_seconds=10
operation_status_done=True
operation_status_error={'code': 3, 'message': "The prompt could not be submitted. This prompt contains sensitive words that violate Google's Responsible AI practices. Try rephrasing your prompt, or contact your Google representative to request allowlisting."}

===== DEBUG OPERATION [after_polling_done] =====
operation_type=<class 'google.genai.types.GenerateVideosOperation'>
operation_done=True
operation_name=models/veo-2.0-generate-001/operations/8hupqs8t5efe
operation_id=None
operation_error={'code': 3, 'message': "The prompt could not be submitted. This prompt contains sensitive words that violate Google's Responsible AI practices. Try rephrasing your prompt, or contact your Google representative to request allowlisting."}
operation_metadata=null
operation_result_type=<class 'NoneType'>
operation_response_type=<class 'NoneType'>
operation_repr=GenerateVideosOperation(
  done=True,
  error={
    'code': 3,
    'message': "The prompt could not be submitted. This prompt contains sensitive words that violate Google's Responsible AI practices. Try rephrasing your prompt, or contact your Google representative to request allowlisting."
  },
  name='models/veo-2.0-generate-001/operations/8hupqs8t5efe'
)

===== DEBUG RESULT [after_polling_done] =====
result_is_none=True
result_type=<class 'NoneType'>
WARN safe_prompt_retry scene_id=2 reason=operation_error
retry_animation_prompt=A calm educational animation of [0:00:12.480000-->0:00:13.040000] P, | [0:00:13.220000-->0:00:14.840000] Ѥ]OfC | [0:00:15.380000-->0:00:18.920000] ڭ̲{bNWӤGӤW@`ا | [0:00:18.920000-->0:00:19.120000] n, | [0:00:19.280000-->0:00:21.440000] dja|rקaC, with subtle breathing, gentle head turns, small hand gestures, soft infographic motion, and slow camera drift. Keep the original subjects, layout, props, and colors unchanged. Maintain friendly expressions, soft studio lighting, light background parallax, and smooth Pixar-like continuity throughout.
STEP 2/4 submit image-to-video request
operation_submitted_done=None

===== DEBUG OPERATION [after_submit] =====
operation_type=<class 'google.genai.types.GenerateVideosOperation'>
operation_done=None
operation_name=models/veo-2.0-generate-001/operations/7f8ixgiw1hjn
operation_id=None
operation_error=None
operation_metadata=null
operation_result_type=<class 'NoneType'>
operation_response_type=<class 'NoneType'>
operation_repr=GenerateVideosOperation(
  name='models/veo-2.0-generate-001/operations/7f8ixgiw1hjn'
)
STEP 3/4 polling operation poll_count=1 wait_seconds=10
operation_status_done=True
operation_status_error={'code': 3, 'message': "The prompt could not be submitted. This prompt contains sensitive words that violate Google's Responsible AI practices. Try rephrasing your prompt, or contact your Google representative to request allowlisting."}

===== DEBUG OPERATION [after_polling_done] =====
operation_type=<class 'google.genai.types.GenerateVideosOperation'>
operation_done=True
operation_name=models/veo-2.0-generate-001/operations/7f8ixgiw1hjn
operation_id=None
operation_error={'code': 3, 'message': "The prompt could not be submitted. This prompt contains sensitive words that violate Google's Responsible AI practices. Try rephrasing your prompt, or contact your Google representative to request allowlisting."}
operation_metadata=null
operation_result_type=<class 'NoneType'>
operation_response_type=<class 'NoneType'>
operation_repr=GenerateVideosOperation(
  done=True,
  error={
    'code': 3,
    'message': "The prompt could not be submitted. This prompt contains sensitive words that violate Google's Responsible AI practices. Try rephrasing your prompt, or contact your Google representative to request allowlisting."
  },
  name='models/veo-2.0-generate-001/operations/7f8ixgiw1hjn'
)

===== DEBUG RESULT [after_polling_done] =====
result_is_none=True
result_type=<class 'NoneType'>
SCENE RESULT scene_id=2 status=error error=ʵeͦ@~wAAȺݦ^~C
operation_error={'code': 3, 'message': "The prompt could not be submitted. This prompt contains sensitive words that violate Google's Responsible AI practices. Try rephrasing your prompt, or contact your Google representative to request allowlisting."}
metadata=null
Traceback (most recent call last):
  File "C:\Project\CAP_2000_Vocab_Project\scripts\generate_all_scene_animations.py", line 170, in run_batch_animation_for_episode
    output_path = generate_scene_animation(ep_num, scene_id)
                  ^^^^^^^^^^^^^^^^^^^^^^^^^^^^^^^^^^^^^^^^^^
  File "C:\Project\CAP_2000_Vocab_Project\scripts\generate_scene_animation.py", line 482, in generate_scene_animation
    raise SceneAnimationError(format_operation_failure(operation, operation_error))
generate_scene_animation.SceneAnimationError: ʵeͦ@~wAAȺݦ^~C
operation_error={'code': 3, 'message': "The prompt could not be submitted. This prompt contains sensitive words that violate Google's Responsible AI practices. Try rephrasing your prompt, or contact your Google representative to request allowlisting."}
metadata=null

===== BATCH SCENE 3/8 | scene_id=4 =====
STEP A generate animation prompt scene_id=4
Generating safe animation prompt for Scene 4...
prompt_source=model
saved_to=C:\Project\CAP_2000_Vocab_Project\workspaces\vocab\Ep18_0271_0280\03_storyboards\storyboard.csv
A subtle camera push-in on the educational scene. John and Mary gently turn their heads and make calm, guiding gestures towards the interactive whiteboard. The large letter 'C' on the board softly glows as it visually divides into two gentle paths, highlighting the 'k' sound icon and then the 's' sound icon. The example words 'cat' and 'cell' briefly illuminate along their respective paths. A peaceful, continuous flow for a learning segment.
PROMPT RESULT scene_id=4 status=ok
STEP B generate animation video scene_id=4
STEP 1/4 validate inputs
scene_id=4
image_path=C:\Project\CAP_2000_Vocab_Project\workspaces\vocab\Ep18_0271_0280\04_images\ai_generated\img_145.04.png
output_path=C:\Project\CAP_2000_Vocab_Project\workspaces\vocab\Ep18_0271_0280\04_images\animations\scene_4__v01.mp4
duration_seconds=6
video_model=veo-2.0-generate-001
poll_seconds=10
person_generation=allow_adult
image_mime_type=image/png
image_size_bytes=1783384
prompt_length=445
prompt_preview=A subtle camera push-in on the educational scene. John and Mary gently turn their heads and make calm, guiding gestures towards the interactive whiteboard. The large letter 'C' on the board softly glows as it visually divides into two gentle paths, highlighting the 'k' sound icon and then the 's' sound icon. The example words 'cat' and 'cell' briefly illuminate along their respective paths. A peaceful, continuous flow for a learning segment.
video_config={
  "http_options": null,
  "number_of_videos": 1,
  "output_gcs_uri": null,
  "fps": null,
  "duration_seconds": 6,
  "seed": null,
  "aspect_ratio": "16:9",
  "resolution": null,
  "person_generation": "allow_adult",
  "pubsub_topic": null,
  "negative_prompt": null,
  "enhance_prompt": null,
  "generate_audio": null,
  "last_frame": null,
  "reference_images": null,
  "mask": null,
  "compression_quality": null,
  "labels": null
}
STEP 2/4 submit image-to-video request
operation_submitted_done=None

===== DEBUG OPERATION [after_submit] =====
operation_type=<class 'google.genai.types.GenerateVideosOperation'>
operation_done=None
operation_name=models/veo-2.0-generate-001/operations/59dde7t8jmm7
operation_id=None
operation_error=None
operation_metadata=null
operation_result_type=<class 'NoneType'>
operation_response_type=<class 'NoneType'>
operation_repr=GenerateVideosOperation(
  name='models/veo-2.0-generate-001/operations/59dde7t8jmm7'
)
STEP 3/4 polling operation poll_count=1 wait_seconds=10
operation_status_done=True
operation_status_error={'code': 3, 'message': "The prompt could not be submitted. This prompt contains sensitive words that violate Google's Responsible AI practices. Try rephrasing your prompt, or contact your Google representative to request allowlisting."}

===== DEBUG OPERATION [after_polling_done] =====
operation_type=<class 'google.genai.types.GenerateVideosOperation'>
operation_done=True
operation_name=models/veo-2.0-generate-001/operations/59dde7t8jmm7
operation_id=None
operation_error={'code': 3, 'message': "The prompt could not be submitted. This prompt contains sensitive words that violate Google's Responsible AI practices. Try rephrasing your prompt, or contact your Google representative to request allowlisting."}
operation_metadata=null
operation_result_type=<class 'NoneType'>
operation_response_type=<class 'NoneType'>
operation_repr=GenerateVideosOperation(
  done=True,
  error={
    'code': 3,
    'message': "The prompt could not be submitted. This prompt contains sensitive words that violate Google's Responsible AI practices. Try rephrasing your prompt, or contact your Google representative to request allowlisting."
  },
  name='models/veo-2.0-generate-001/operations/59dde7t8jmm7'
)

===== DEBUG RESULT [after_polling_done] =====
result_is_none=True
result_type=<class 'NoneType'>
WARN safe_prompt_retry scene_id=4 reason=operation_error
retry_animation_prompt=A calm educational animation of [0:02:23.900000-->0:02:27.140000] ҥHoOM᭱rOֶ? | [0:02:27.300000-->0:02:27.640000] SC | [0:02:28.080000-->0:02:31.700000] ڭ̰WӬݵokhardz}C, with subtle breathing, gentle head turns, small hand gestures, soft infographic motion, and slow camera drift. Keep the original subjects, layout, props, and colors unchanged. Maintain friendly expressions, soft studio lighting, light background parallax, and smooth Pixar-like continuity throughout.
STEP 2/4 submit image-to-video request
operation_submitted_done=None

===== DEBUG OPERATION [after_submit] =====
operation_type=<class 'google.genai.types.GenerateVideosOperation'>
operation_done=None
operation_name=models/veo-2.0-generate-001/operations/kvn6q3qevovh
operation_id=None
operation_error=None
operation_metadata=null
operation_result_type=<class 'NoneType'>
operation_response_type=<class 'NoneType'>
operation_repr=GenerateVideosOperation(
  name='models/veo-2.0-generate-001/operations/kvn6q3qevovh'
)
STEP 3/4 polling operation poll_count=1 wait_seconds=10
operation_status_done=None
operation_status_error=None
STEP 3/4 polling operation poll_count=2 wait_seconds=10
operation_status_done=None
operation_status_error=None
STEP 3/4 polling operation poll_count=3 wait_seconds=10
operation_status_done=True
operation_status_error=None

===== DEBUG OPERATION [after_polling_done] =====
operation_type=<class 'google.genai.types.GenerateVideosOperation'>
operation_done=True
operation_name=models/veo-2.0-generate-001/operations/kvn6q3qevovh
operation_id=None
operation_error=None
operation_metadata=null
operation_result_type=<class 'google.genai.types.GenerateVideosResponse'>
operation_response_type=<class 'google.genai.types.GenerateVideosResponse'>
operation_repr=GenerateVideosOperation(
  done=True,
  name='models/veo-2.0-generate-001/operations/kvn6q3qevovh',
  response=GenerateVideosResponse(
    generated_videos=[
      GeneratedVideo(
        video=Video(
          uri='https://generativelanguage.googleapis.com/v1beta/files/ntejmkjnpobz:download?alt=media'
        )
      ),
    ]
  ),
  result=GenerateVideosResponse(
    generated_videos=[
      GeneratedVideo(
        video=Video(
          uri='https://generativelanguage.googleapis.com/v1beta/files/ntejmkjnpobz:download?alt=media'
        )
      ),
    ]
  )
)

===== DEBUG RESULT [after_polling_done] =====
result_is_none=False
result_type=<class 'google.genai.types.GenerateVideosResponse'>
result_repr=GenerateVideosResponse(
  generated_videos=[
    GeneratedVideo(
      video=Video(
        uri='https://generativelanguage.googleapis.com/v1beta/files/ntejmkjnpobz:download?alt=media'
      )
    ),
  ]
)
result_json={
  "generated_videos": [
    {
      "video": {
        "uri": "https://generativelanguage.googleapis.com/v1beta/files/ntejmkjnpobz:download?alt=media",
        "video_bytes": null,
        "mime_type": null
      }
    }
  ],
  "rai_media_filtered_count": null,
  "rai_media_filtered_reasons": null
}
result_attrs=['construct', 'copy', 'dict', 'from_orm', 'generated_videos', 'json', 'model_computed_fields', 'model_config', 'model_construct', 'model_copy', 'model_dump', 'model_dump_json', 'model_extra', 'model_fields', 'model_fields_set', 'model_json_schema', 'model_parametrized_name', 'model_post_init', 'model_rebuild', 'model_validate', 'model_validate_json', 'model_validate_strings', 'parse_file', 'parse_obj', 'parse_raw', 'rai_media_filtered_count', 'rai_media_filtered_reasons', 'schema', 'schema_json', 'to_json_dict', 'update_forward_refs', 'validate']
generated_videos_exists=True
generated_videos_len=1
generated_video_0_type=<class 'google.genai.types.GeneratedVideo'>
generated_video_0_repr=GeneratedVideo(
  video=Video(
    uri='https://generativelanguage.googleapis.com/v1beta/files/ntejmkjnpobz:download?alt=media'
  )
)
generated_video_0_json={
  "video": {
    "uri": "https://generativelanguage.googleapis.com/v1beta/files/ntejmkjnpobz:download?alt=media",
    "video_bytes": null,
    "mime_type": null
  }
}
generated_video_0_video=Video(uri=https://generativelanguage.googleapis.com/v1beta/files/ntejmkjnpobz:download?alt=media, video_bytes=None, mime_type=None)
generated_video_0_uri=None
generated_video_0_name=None
STEP 4/4 download generated video

===== DEBUG DOWNLOAD TARGET =====
generated_video_type=<class 'google.genai.types.GeneratedVideo'>
generated_video_repr=GeneratedVideo(
  video=Video(
    uri='https://generativelanguage.googleapis.com/v1beta/files/ntejmkjnpobz:download?alt=media'
  )
)
generated_video_json={
  "video": {
    "uri": "https://generativelanguage.googleapis.com/v1beta/files/ntejmkjnpobz:download?alt=media",
    "video_bytes": null,
    "mime_type": null
  }
}
download_target_type=<class 'google.genai.types.Video'>
download_target_repr=Video(uri=https://generativelanguage.googleapis.com/v1beta/files/ntejmkjnpobz:download?alt=media, video_bytes=None, mime_type=None)
download_target_json={
  "uri": "https://generativelanguage.googleapis.com/v1beta/files/ntejmkjnpobz:download?alt=media",
  "video_bytes": null,
  "mime_type": null
}
raw_output_path=C:\Project\CAP_2000_Vocab_Project\workspaces\vocab\Ep18_0271_0280\04_images\animations\scene_4__v01__raw.mp4
raw_video_size_bytes=1029752
STEP 4.5/4 strip audio track from generated video
DONE animation generated
saved_to=C:\Project\CAP_2000_Vocab_Project\workspaces\vocab\Ep18_0271_0280\04_images\animations\scene_4__v01.mp4
DEFAULT RESULT scene_id=4 status=updated path=C:\Project\CAP_2000_Vocab_Project\workspaces\vocab\Ep18_0271_0280\04_images\animations\scene_4__v01.mp4
SCENE RESULT scene_id=4 status=ok path=C:\Project\CAP_2000_Vocab_Project\workspaces\vocab\Ep18_0271_0280\04_images\animations\scene_4__v01.mp4

===== BATCH SCENE 4/8 | scene_id=9 =====
STEP A generate animation prompt scene_id=9
Generating safe animation prompt for Scene 9...
prompt_source=model
saved_to=C:\Project\CAP_2000_Vocab_Project\workspaces\vocab\Ep18_0271_0280\03_storyboards\storyboard.csv
A cute 3D cartoon ball gently departs from a distant castle wall, gracefully drifting across the 16:9 frame towards a house's interior ceiling in the foreground. A subtle camera pan follows its smooth, unhurried path, maintaining a calm, friendly atmosphere. The ball softly approaches the ceiling, prompting a gentle, educational visual cue or graphic to appear near the point of contact, seamlessly linking the previous scene's concept to the new phonetic idea with continuous, mild motion.
PROMPT RESULT scene_id=9 status=ok
STEP B generate animation video scene_id=9
STEP 1/4 validate inputs
scene_id=9
image_path=C:\Project\CAP_2000_Vocab_Project\workspaces\vocab\Ep18_0271_0280\04_images\ai_generated\img_331.64.png
output_path=C:\Project\CAP_2000_Vocab_Project\workspaces\vocab\Ep18_0271_0280\04_images\animations\scene_9__v01.mp4
duration_seconds=8
video_model=veo-2.0-generate-001
poll_seconds=10
person_generation=allow_adult
image_mime_type=image/png
image_size_bytes=2432040
prompt_length=492
prompt_preview=A cute 3D cartoon ball gently departs from a distant castle wall, gracefully drifting across the 16:9 frame towards a house's interior ceiling in the foreground. A subtle camera pan follows its smooth, unhurried path, maintaining a calm, friendly atmosphere. The ball softly approaches the ceiling, prompting a gentle, educational visual cue or graphic to appear near the point of contact, seamlessly linking the previous scene's concept to the new phonetic idea with continuous, mild motion.
video_config={
  "http_options": null,
  "number_of_videos": 1,
  "output_gcs_uri": null,
  "fps": null,
  "duration_seconds": 8,
  "seed": null,
  "aspect_ratio": "16:9",
  "resolution": null,
  "person_generation": "allow_adult",
  "pubsub_topic": null,
  "negative_prompt": null,
  "enhance_prompt": null,
  "generate_audio": null,
  "last_frame": null,
  "reference_images": null,
  "mask": null,
  "compression_quality": null,
  "labels": null
}
STEP 2/4 submit image-to-video request
operation_submitted_done=None

===== DEBUG OPERATION [after_submit] =====
operation_type=<class 'google.genai.types.GenerateVideosOperation'>
operation_done=None
operation_name=models/veo-2.0-generate-001/operations/poj8b4dhl1lq
operation_id=None
operation_error=None
operation_metadata=null
operation_result_type=<class 'NoneType'>
operation_response_type=<class 'NoneType'>
operation_repr=GenerateVideosOperation(
  name='models/veo-2.0-generate-001/operations/poj8b4dhl1lq'
)
STEP 3/4 polling operation poll_count=1 wait_seconds=10
operation_status_done=None
operation_status_error=None
STEP 3/4 polling operation poll_count=2 wait_seconds=10
operation_status_done=None
operation_status_error=None
STEP 3/4 polling operation poll_count=3 wait_seconds=10
operation_status_done=None
operation_status_error=None
STEP 3/4 polling operation poll_count=4 wait_seconds=10
operation_status_done=True
operation_status_error=None

===== DEBUG OPERATION [after_polling_done] =====
operation_type=<class 'google.genai.types.GenerateVideosOperation'>
operation_done=True
operation_name=models/veo-2.0-generate-001/operations/poj8b4dhl1lq
operation_id=None
operation_error=None
operation_metadata=null
operation_result_type=<class 'google.genai.types.GenerateVideosResponse'>
operation_response_type=<class 'google.genai.types.GenerateVideosResponse'>
operation_repr=GenerateVideosOperation(
  done=True,
  name='models/veo-2.0-generate-001/operations/poj8b4dhl1lq',
  response=GenerateVideosResponse(
    generated_videos=[
      GeneratedVideo(
        video=Video(
          uri='https://generativelanguage.googleapis.com/v1beta/files/w8i160w210bb:download?alt=media'
        )
      ),
    ]
  ),
  result=GenerateVideosResponse(
    generated_videos=[
      GeneratedVideo(
        video=Video(
          uri='https://generativelanguage.googleapis.com/v1beta/files/w8i160w210bb:download?alt=media'
        )
      ),
    ]
  )
)

===== DEBUG RESULT [after_polling_done] =====
result_is_none=False
result_type=<class 'google.genai.types.GenerateVideosResponse'>
result_repr=GenerateVideosResponse(
  generated_videos=[
    GeneratedVideo(
      video=Video(
        uri='https://generativelanguage.googleapis.com/v1beta/files/w8i160w210bb:download?alt=media'
      )
    ),
  ]
)
result_json={
  "generated_videos": [
    {
      "video": {
        "uri": "https://generativelanguage.googleapis.com/v1beta/files/w8i160w210bb:download?alt=media",
        "video_bytes": null,
        "mime_type": null
      }
    }
  ],
  "rai_media_filtered_count": null,
  "rai_media_filtered_reasons": null
}
result_attrs=['construct', 'copy', 'dict', 'from_orm', 'generated_videos', 'json', 'model_computed_fields', 'model_config', 'model_construct', 'model_copy', 'model_dump', 'model_dump_json', 'model_extra', 'model_fields', 'model_fields_set', 'model_json_schema', 'model_parametrized_name', 'model_post_init', 'model_rebuild', 'model_validate', 'model_validate_json', 'model_validate_strings', 'parse_file', 'parse_obj', 'parse_raw', 'rai_media_filtered_count', 'rai_media_filtered_reasons', 'schema', 'schema_json', 'to_json_dict', 'update_forward_refs', 'validate']
generated_videos_exists=True
generated_videos_len=1
generated_video_0_type=<class 'google.genai.types.GeneratedVideo'>
generated_video_0_repr=GeneratedVideo(
  video=Video(
    uri='https://generativelanguage.googleapis.com/v1beta/files/w8i160w210bb:download?alt=media'
  )
)
generated_video_0_json={
  "video": {
    "uri": "https://generativelanguage.googleapis.com/v1beta/files/w8i160w210bb:download?alt=media",
    "video_bytes": null,
    "mime_type": null
  }
}
generated_video_0_video=Video(uri=https://generativelanguage.googleapis.com/v1beta/files/w8i160w210bb:download?alt=media, video_bytes=None, mime_type=None)
generated_video_0_uri=None
generated_video_0_name=None
STEP 4/4 download generated video

===== DEBUG DOWNLOAD TARGET =====
generated_video_type=<class 'google.genai.types.GeneratedVideo'>
generated_video_repr=GeneratedVideo(
  video=Video(
    uri='https://generativelanguage.googleapis.com/v1beta/files/w8i160w210bb:download?alt=media'
  )
)
generated_video_json={
  "video": {
    "uri": "https://generativelanguage.googleapis.com/v1beta/files/w8i160w210bb:download?alt=media",
    "video_bytes": null,
    "mime_type": null
  }
}
download_target_type=<class 'google.genai.types.Video'>
download_target_repr=Video(uri=https://generativelanguage.googleapis.com/v1beta/files/w8i160w210bb:download?alt=media, video_bytes=None, mime_type=None)
download_target_json={
  "uri": "https://generativelanguage.googleapis.com/v1beta/files/w8i160w210bb:download?alt=media",
  "video_bytes": null,
  "mime_type": null
}
raw_output_path=C:\Project\CAP_2000_Vocab_Project\workspaces\vocab\Ep18_0271_0280\04_images\animations\scene_9__v01__raw.mp4
raw_video_size_bytes=1907214
STEP 4.5/4 strip audio track from generated video
DONE animation generated
saved_to=C:\Project\CAP_2000_Vocab_Project\workspaces\vocab\Ep18_0271_0280\04_images\animations\scene_9__v01.mp4
DEFAULT RESULT scene_id=9 status=updated path=C:\Project\CAP_2000_Vocab_Project\workspaces\vocab\Ep18_0271_0280\04_images\animations\scene_9__v01.mp4
SCENE RESULT scene_id=9 status=ok path=C:\Project\CAP_2000_Vocab_Project\workspaces\vocab\Ep18_0271_0280\04_images\animations\scene_9__v01.mp4

===== BATCH SCENE 5/8 | scene_id=13 =====
STEP A generate animation prompt scene_id=13
Generating safe animation prompt for Scene 13...
prompt_source=model
saved_to=C:\Project\CAP_2000_Vocab_Project\workspaces\vocab\Ep18_0271_0280\03_storyboards\storyboard.csv
A gentle camera drift slowly reveals Mary, wearing her yellow teacher outfit and glasses, gesturing calmly towards a whiteboard. Her blonde pigtails sway softly. The whiteboard prominently displays a key and lock icon alongside 'Math Password', with a subtle shimmer on the 'cent-' prefix. John, with his messy brown hair and green hoodie, observes with a mild, friendly smile, his head tilting slightly in anticipation. The soft studio lighting subtly brightens and dims, enhancing the educational atmosphere as the scene flows smoothly.
PROMPT RESULT scene_id=13 status=ok
STEP B generate animation video scene_id=13
STEP 1/4 validate inputs
scene_id=13
image_path=C:\Project\CAP_2000_Vocab_Project\workspaces\vocab\Ep18_0271_0280\04_images\ai_generated\img_487.12.png
output_path=C:\Project\CAP_2000_Vocab_Project\workspaces\vocab\Ep18_0271_0280\04_images\animations\scene_13__v01.mp4
duration_seconds=8
video_model=veo-2.0-generate-001
poll_seconds=10
person_generation=allow_adult
image_mime_type=image/png
image_size_bytes=2194543
prompt_length=538
prompt_preview=A gentle camera drift slowly reveals Mary, wearing her yellow teacher outfit and glasses, gesturing calmly towards a whiteboard. Her blonde pigtails sway softly. The whiteboard prominently displays a key and lock icon alongside 'Math Password', with a subtle shimmer on the 'cent-' prefix. John, with his messy brown hair and green hoodie, observes with a mild, friendly smile, his head tilting slightly in anticipation. The soft studio lighting subtly brightens and dims, enhancing the educational a
video_config={
  "http_options": null,
  "number_of_videos": 1,
  "output_gcs_uri": null,
  "fps": null,
  "duration_seconds": 8,
  "seed": null,
  "aspect_ratio": "16:9",
  "resolution": null,
  "person_generation": "allow_adult",
  "pubsub_topic": null,
  "negative_prompt": null,
  "enhance_prompt": null,
  "generate_audio": null,
  "last_frame": null,
  "reference_images": null,
  "mask": null,
  "compression_quality": null,
  "labels": null
}
STEP 2/4 submit image-to-video request
operation_submitted_done=None

===== DEBUG OPERATION [after_submit] =====
operation_type=<class 'google.genai.types.GenerateVideosOperation'>
operation_done=None
operation_name=models/veo-2.0-generate-001/operations/h4giin4jgoub
operation_id=None
operation_error=None
operation_metadata=null
operation_result_type=<class 'NoneType'>
operation_response_type=<class 'NoneType'>
operation_repr=GenerateVideosOperation(
  name='models/veo-2.0-generate-001/operations/h4giin4jgoub'
)
STEP 3/4 polling operation poll_count=1 wait_seconds=10
operation_status_done=True
operation_status_error={'code': 3, 'message': "The prompt could not be submitted. This prompt contains sensitive words that violate Google's Responsible AI practices. Try rephrasing your prompt, or contact your Google representative to request allowlisting."}

===== DEBUG OPERATION [after_polling_done] =====
operation_type=<class 'google.genai.types.GenerateVideosOperation'>
operation_done=True
operation_name=models/veo-2.0-generate-001/operations/h4giin4jgoub
operation_id=None
operation_error={'code': 3, 'message': "The prompt could not be submitted. This prompt contains sensitive words that violate Google's Responsible AI practices. Try rephrasing your prompt, or contact your Google representative to request allowlisting."}
operation_metadata=null
operation_result_type=<class 'NoneType'>
operation_response_type=<class 'NoneType'>
operation_repr=GenerateVideosOperation(
  done=True,
  error={
    'code': 3,
    'message': "The prompt could not be submitted. This prompt contains sensitive words that violate Google's Responsible AI practices. Try rephrasing your prompt, or contact your Google representative to request allowlisting."
  },
  name='models/veo-2.0-generate-001/operations/h4giin4jgoub'
)

===== DEBUG RESULT [after_polling_done] =====
result_is_none=True
result_type=<class 'NoneType'>
WARN safe_prompt_retry scene_id=13 reason=operation_error
retry_animation_prompt=A calm educational animation of [0:08:07.260000-->0:08:07.880000] F, | [0:08:08.120000-->0:08:11.920000] Uӧڭ̭niJѶ}ɹwiƾ | [0:08:11.920000-->0:08:13.420000] KXYFC | [0:08:13.520000-->0:08:15.720000] oӳruWů_C | [0:08:15.920000-->0:08:16.700000] שӤFC., with subtle breathing, gentle head turns, small hand gestures, soft infographic motion, and slow camera drift. Keep the original subjects, layout, props, and colors unchanged. Maintain friendly expressions, soft studio lighting, light background parallax, and smooth Pixar-like continuity throughout.
STEP 2/4 submit image-to-video request
operation_submitted_done=None

===== DEBUG OPERATION [after_submit] =====
operation_type=<class 'google.genai.types.GenerateVideosOperation'>
operation_done=None
operation_name=models/veo-2.0-generate-001/operations/8jkagbkewm6a
operation_id=None
operation_error=None
operation_metadata=null
operation_result_type=<class 'NoneType'>
operation_response_type=<class 'NoneType'>
operation_repr=GenerateVideosOperation(
  name='models/veo-2.0-generate-001/operations/8jkagbkewm6a'
)
STEP 3/4 polling operation poll_count=1 wait_seconds=10
operation_status_done=True
operation_status_error={'code': 3, 'message': 'The input image contains content that has been blocked by your current safety settings for person/face generation. If you think this was an error, send feedback.'}

===== DEBUG OPERATION [after_polling_done] =====
operation_type=<class 'google.genai.types.GenerateVideosOperation'>
operation_done=True
operation_name=models/veo-2.0-generate-001/operations/8jkagbkewm6a
operation_id=None
operation_error={'code': 3, 'message': 'The input image contains content that has been blocked by your current safety settings for person/face generation. If you think this was an error, send feedback.'}
operation_metadata=null
operation_result_type=<class 'NoneType'>
operation_response_type=<class 'NoneType'>
operation_repr=GenerateVideosOperation(
  done=True,
  error={
    'code': 3,
    'message': 'The input image contains content that has been blocked by your current safety settings for person/face generation. If you think this was an error, send feedback.'
  },
  name='models/veo-2.0-generate-001/operations/8jkagbkewm6a'
)

===== DEBUG RESULT [after_polling_done] =====
result_is_none=True
result_type=<class 'NoneType'>
SCENE RESULT scene_id=13 status=error error=ʵeͦQAȺݦw]wפUGJϤ]tHyeAثeo image-to-video ]w\͡C
ĳBz覡G
1. ΤtMHyϤ
2. Χ󴫳oi scene 
3. o scene OdRAϤAϥΰʵe
error_code=3
error_message=The input image contains content that has been blocked by your current safety settings for person/face generation. If you think this was an error, send feedback.
Traceback (most recent call last):
  File "C:\Project\CAP_2000_Vocab_Project\scripts\generate_all_scene_animations.py", line 170, in run_batch_animation_for_episode
    output_path = generate_scene_animation(ep_num, scene_id)
                  ^^^^^^^^^^^^^^^^^^^^^^^^^^^^^^^^^^^^^^^^^^
  File "C:\Project\CAP_2000_Vocab_Project\scripts\generate_scene_animation.py", line 482, in generate_scene_animation
    raise SceneAnimationError(format_operation_failure(operation, operation_error))
generate_scene_animation.SceneAnimationError: ʵeͦQAȺݦw]wפUGJϤ]tHyeAثeo image-to-video ]w\͡C
ĳBz覡G
1. ΤtMHyϤ
2. Χ󴫳oi scene 
3. o scene OdRAϤAϥΰʵe
error_code=3
error_message=The input image contains content that has been blocked by your current safety settings for person/face generation. If you think this was an error, send feedback.

===== BATCH SCENE 6/8 | scene_id=17 =====
STEP A generate animation prompt scene_id=17
Generating safe animation prompt for Scene 17...
prompt_source=model
saved_to=C:\Project\CAP_2000_Vocab_Project\workspaces\vocab\Ep18_0271_0280\03_storyboards\storyboard.csv
John and Mary maintain their friendly, appreciative smiles and thumbs-up gestures in the calm podcast studio. A very gentle camera drift subtly widens the view. The mosaic of learned words on the background screen softly shimmers, with individual words subtly highlighting and fading, suggesting a smooth review of knowledge. The overall atmosphere is quietly reflective and positive, with a continuous, gentle flow.
PROMPT RESULT scene_id=17 status=ok
STEP B generate animation video scene_id=17
STEP 1/4 validate inputs
scene_id=17
image_path=C:\Project\CAP_2000_Vocab_Project\workspaces\vocab\Ep18_0271_0280\04_images\ai_generated\img_659.82.png
output_path=C:\Project\CAP_2000_Vocab_Project\workspaces\vocab\Ep18_0271_0280\04_images\animations\scene_17__v01.mp4
duration_seconds=8
video_model=veo-2.0-generate-001
poll_seconds=10
person_generation=allow_adult
image_mime_type=image/png
image_size_bytes=2430158
prompt_length=416
prompt_preview=John and Mary maintain their friendly, appreciative smiles and thumbs-up gestures in the calm podcast studio. A very gentle camera drift subtly widens the view. The mosaic of learned words on the background screen softly shimmers, with individual words subtly highlighting and fading, suggesting a smooth review of knowledge. The overall atmosphere is quietly reflective and positive, with a continuous, gentle flow.
video_config={
  "http_options": null,
  "number_of_videos": 1,
  "output_gcs_uri": null,
  "fps": null,
  "duration_seconds": 8,
  "seed": null,
  "aspect_ratio": "16:9",
  "resolution": null,
  "person_generation": "allow_adult",
  "pubsub_topic": null,
  "negative_prompt": null,
  "enhance_prompt": null,
  "generate_audio": null,
  "last_frame": null,
  "reference_images": null,
  "mask": null,
  "compression_quality": null,
  "labels": null
}
STEP 2/4 submit image-to-video request
operation_submitted_done=None

===== DEBUG OPERATION [after_submit] =====
operation_type=<class 'google.genai.types.GenerateVideosOperation'>
operation_done=None
operation_name=models/veo-2.0-generate-001/operations/xl6ny4c1w332
operation_id=None
operation_error=None
operation_metadata=null
operation_result_type=<class 'NoneType'>
operation_response_type=<class 'NoneType'>
operation_repr=GenerateVideosOperation(
  name='models/veo-2.0-generate-001/operations/xl6ny4c1w332'
)
STEP 3/4 polling operation poll_count=1 wait_seconds=10
operation_status_done=None
operation_status_error=None
STEP 3/4 polling operation poll_count=2 wait_seconds=10
operation_status_done=None
operation_status_error=None
STEP 3/4 polling operation poll_count=3 wait_seconds=10
operation_status_done=True
operation_status_error=None

===== DEBUG OPERATION [after_polling_done] =====
operation_type=<class 'google.genai.types.GenerateVideosOperation'>
operation_done=True
operation_name=models/veo-2.0-generate-001/operations/xl6ny4c1w332
operation_id=None
operation_error=None
operation_metadata=null
operation_result_type=<class 'google.genai.types.GenerateVideosResponse'>
operation_response_type=<class 'google.genai.types.GenerateVideosResponse'>
operation_repr=GenerateVideosOperation(
  done=True,
  name='models/veo-2.0-generate-001/operations/xl6ny4c1w332',
  response=GenerateVideosResponse(
    generated_videos=[
      GeneratedVideo(
        video=Video(
          uri='https://generativelanguage.googleapis.com/v1beta/files/k0gigsvirhiz:download?alt=media'
        )
      ),
    ]
  ),
  result=GenerateVideosResponse(
    generated_videos=[
      GeneratedVideo(
        video=Video(
          uri='https://generativelanguage.googleapis.com/v1beta/files/k0gigsvirhiz:download?alt=media'
        )
      ),
    ]
  )
)

===== DEBUG RESULT [after_polling_done] =====
result_is_none=False
result_type=<class 'google.genai.types.GenerateVideosResponse'>
result_repr=GenerateVideosResponse(
  generated_videos=[
    GeneratedVideo(
      video=Video(
        uri='https://generativelanguage.googleapis.com/v1beta/files/k0gigsvirhiz:download?alt=media'
      )
    ),
  ]
)
result_json={
  "generated_videos": [
    {
      "video": {
        "uri": "https://generativelanguage.googleapis.com/v1beta/files/k0gigsvirhiz:download?alt=media",
        "video_bytes": null,
        "mime_type": null
      }
    }
  ],
  "rai_media_filtered_count": null,
  "rai_media_filtered_reasons": null
}
result_attrs=['construct', 'copy', 'dict', 'from_orm', 'generated_videos', 'json', 'model_computed_fields', 'model_config', 'model_construct', 'model_copy', 'model_dump', 'model_dump_json', 'model_extra', 'model_fields', 'model_fields_set', 'model_json_schema', 'model_parametrized_name', 'model_post_init', 'model_rebuild', 'model_validate', 'model_validate_json', 'model_validate_strings', 'parse_file', 'parse_obj', 'parse_raw', 'rai_media_filtered_count', 'rai_media_filtered_reasons', 'schema', 'schema_json', 'to_json_dict', 'update_forward_refs', 'validate']
generated_videos_exists=True
generated_videos_len=1
generated_video_0_type=<class 'google.genai.types.GeneratedVideo'>
generated_video_0_repr=GeneratedVideo(
  video=Video(
    uri='https://generativelanguage.googleapis.com/v1beta/files/k0gigsvirhiz:download?alt=media'
  )
)
generated_video_0_json={
  "video": {
    "uri": "https://generativelanguage.googleapis.com/v1beta/files/k0gigsvirhiz:download?alt=media",
    "video_bytes": null,
    "mime_type": null
  }
}
generated_video_0_video=Video(uri=https://generativelanguage.googleapis.com/v1beta/files/k0gigsvirhiz:download?alt=media, video_bytes=None, mime_type=None)
generated_video_0_uri=None
generated_video_0_name=None
STEP 4/4 download generated video

===== DEBUG DOWNLOAD TARGET =====
generated_video_type=<class 'google.genai.types.GeneratedVideo'>
generated_video_repr=GeneratedVideo(
  video=Video(
    uri='https://generativelanguage.googleapis.com/v1beta/files/k0gigsvirhiz:download?alt=media'
  )
)
generated_video_json={
  "video": {
    "uri": "https://generativelanguage.googleapis.com/v1beta/files/k0gigsvirhiz:download?alt=media",
    "video_bytes": null,
    "mime_type": null
  }
}
download_target_type=<class 'google.genai.types.Video'>
download_target_repr=Video(uri=https://generativelanguage.googleapis.com/v1beta/files/k0gigsvirhiz:download?alt=media, video_bytes=None, mime_type=None)
download_target_json={
  "uri": "https://generativelanguage.googleapis.com/v1beta/files/k0gigsvirhiz:download?alt=media",
  "video_bytes": null,
  "mime_type": null
}
raw_output_path=C:\Project\CAP_2000_Vocab_Project\workspaces\vocab\Ep18_0271_0280\04_images\animations\scene_17__v01__raw.mp4
raw_video_size_bytes=2595968
STEP 4.5/4 strip audio track from generated video
DONE animation generated
saved_to=C:\Project\CAP_2000_Vocab_Project\workspaces\vocab\Ep18_0271_0280\04_images\animations\scene_17__v01.mp4
DEFAULT RESULT scene_id=17 status=updated path=C:\Project\CAP_2000_Vocab_Project\workspaces\vocab\Ep18_0271_0280\04_images\animations\scene_17__v01.mp4
SCENE RESULT scene_id=17 status=ok path=C:\Project\CAP_2000_Vocab_Project\workspaces\vocab\Ep18_0271_0280\04_images\animations\scene_17__v01.mp4

===== BATCH SCENE 7/8 | scene_id=18 =====
STEP A generate animation prompt scene_id=18
Generating safe animation prompt for Scene 18...
prompt_source=model
saved_to=C:\Project\CAP_2000_Vocab_Project\workspaces\vocab\Ep18_0271_0280\03_storyboards\storyboard.csv
A subtle educational scene. John and Mary gently shift their weight, exchanging calm, friendly glances as they prepare. The large screen featuring the question mark softly glows, with a very gentle, slow pulse. A smooth, almost imperceptible camera push-in maintains focus on the quiz setup, creating a warm, inviting atmosphere for the upcoming educational moment. Soft ambient light subtly wavers, enhancing continuity.
PROMPT RESULT scene_id=18 status=ok
STEP B generate animation video scene_id=18
STEP 1/4 validate inputs
scene_id=18
image_path=C:\Project\CAP_2000_Vocab_Project\workspaces\vocab\Ep18_0271_0280\04_images\ai_generated\img_671.82.png
output_path=C:\Project\CAP_2000_Vocab_Project\workspaces\vocab\Ep18_0271_0280\04_images\animations\scene_18__v01.mp4
duration_seconds=8
video_model=veo-2.0-generate-001
poll_seconds=10
person_generation=allow_adult
image_mime_type=image/png
image_size_bytes=1831446
prompt_length=421
prompt_preview=A subtle educational scene. John and Mary gently shift their weight, exchanging calm, friendly glances as they prepare. The large screen featuring the question mark softly glows, with a very gentle, slow pulse. A smooth, almost imperceptible camera push-in maintains focus on the quiz setup, creating a warm, inviting atmosphere for the upcoming educational moment. Soft ambient light subtly wavers, enhancing continuity.
video_config={
  "http_options": null,
  "number_of_videos": 1,
  "output_gcs_uri": null,
  "fps": null,
  "duration_seconds": 8,
  "seed": null,
  "aspect_ratio": "16:9",
  "resolution": null,
  "person_generation": "allow_adult",
  "pubsub_topic": null,
  "negative_prompt": null,
  "enhance_prompt": null,
  "generate_audio": null,
  "last_frame": null,
  "reference_images": null,
  "mask": null,
  "compression_quality": null,
  "labels": null
}
STEP 2/4 submit image-to-video request
operation_submitted_done=None

===== DEBUG OPERATION [after_submit] =====
operation_type=<class 'google.genai.types.GenerateVideosOperation'>
operation_done=None
operation_name=models/veo-2.0-generate-001/operations/ugca2cnpr6tg
operation_id=None
operation_error=None
operation_metadata=null
operation_result_type=<class 'NoneType'>
operation_response_type=<class 'NoneType'>
operation_repr=GenerateVideosOperation(
  name='models/veo-2.0-generate-001/operations/ugca2cnpr6tg'
)
STEP 3/4 polling operation poll_count=1 wait_seconds=10
operation_status_done=True
operation_status_error={'code': 3, 'message': 'The input image contains content that has been blocked by your current safety settings for person/face generation. If you think this was an error, send feedback.'}

===== DEBUG OPERATION [after_polling_done] =====
operation_type=<class 'google.genai.types.GenerateVideosOperation'>
operation_done=True
operation_name=models/veo-2.0-generate-001/operations/ugca2cnpr6tg
operation_id=None
operation_error={'code': 3, 'message': 'The input image contains content that has been blocked by your current safety settings for person/face generation. If you think this was an error, send feedback.'}
operation_metadata=null
operation_result_type=<class 'NoneType'>
operation_response_type=<class 'NoneType'>
operation_repr=GenerateVideosOperation(
  done=True,
  error={
    'code': 3,
    'message': 'The input image contains content that has been blocked by your current safety settings for person/face generation. If you think this was an error, send feedback.'
  },
  name='models/veo-2.0-generate-001/operations/ugca2cnpr6tg'
)

===== DEBUG RESULT [after_polling_done] =====
result_is_none=True
result_type=<class 'NoneType'>
SCENE RESULT scene_id=18 status=error error=ʵeͦQAȺݦw]wפUGJϤ]tHyeAثeo image-to-video ]w\͡C
ĳBz覡G
1. ΤtMHyϤ
2. Χ󴫳oi scene 
3. o scene OdRAϤAϥΰʵe
error_code=3
error_message=The input image contains content that has been blocked by your current safety settings for person/face generation. If you think this was an error, send feedback.
Traceback (most recent call last):
  File "C:\Project\CAP_2000_Vocab_Project\scripts\generate_all_scene_animations.py", line 170, in run_batch_animation_for_episode
    output_path = generate_scene_animation(ep_num, scene_id)
                  ^^^^^^^^^^^^^^^^^^^^^^^^^^^^^^^^^^^^^^^^^^
  File "C:\Project\CAP_2000_Vocab_Project\scripts\generate_scene_animation.py", line 482, in generate_scene_animation
    raise SceneAnimationError(format_operation_failure(operation, operation_error))
generate_scene_animation.SceneAnimationError: ʵeͦQAȺݦw]wפUGJϤ]tHyeAثeo image-to-video ]w\͡C
ĳBz覡G
1. ΤtMHyϤ
2. Χ󴫳oi scene 
3. o scene OdRAϤAϥΰʵe
error_code=3
error_message=The input image contains content that has been blocked by your current safety settings for person/face generation. If you think this was an error, send feedback.

===== BATCH SCENE 8/8 | scene_id=20 =====
STEP A generate animation prompt scene_id=20
Generating safe animation prompt for Scene 20...
prompt_source=model
saved_to=C:\Project\CAP_2000_Vocab_Project\workspaces\vocab\Ep18_0271_0280\03_storyboards\storyboard.csv
A subtle camera slowly zooms out as John and Mary offer gentle, friendly goodbye waves from their vibrant podcast studio. The social media icons for like, subscribe, and comment float serenely upwards, each icon subtly shimmering with soft light. The studio lighting softly pulses, maintaining a cheerful and calm atmosphere, creating a seamless and inviting conclusion to the educational segment.
PROMPT RESULT scene_id=20 status=ok
STEP B generate animation video scene_id=20
STEP 1/4 validate inputs
scene_id=20
image_path=C:\Project\CAP_2000_Vocab_Project\workspaces\vocab\Ep18_0271_0280\04_images\ai_generated\img_717.42.png
output_path=C:\Project\CAP_2000_Vocab_Project\workspaces\vocab\Ep18_0271_0280\04_images\animations\scene_20__v01.mp4
duration_seconds=8
video_model=veo-2.0-generate-001
poll_seconds=10
person_generation=allow_adult
image_mime_type=image/png
image_size_bytes=2367196
prompt_length=397
prompt_preview=A subtle camera slowly zooms out as John and Mary offer gentle, friendly goodbye waves from their vibrant podcast studio. The social media icons for like, subscribe, and comment float serenely upwards, each icon subtly shimmering with soft light. The studio lighting softly pulses, maintaining a cheerful and calm atmosphere, creating a seamless and inviting conclusion to the educational segment.
video_config={
  "http_options": null,
  "number_of_videos": 1,
  "output_gcs_uri": null,
  "fps": null,
  "duration_seconds": 8,
  "seed": null,
  "aspect_ratio": "16:9",
  "resolution": null,
  "person_generation": "allow_adult",
  "pubsub_topic": null,
  "negative_prompt": null,
  "enhance_prompt": null,
  "generate_audio": null,
  "last_frame": null,
  "reference_images": null,
  "mask": null,
  "compression_quality": null,
  "labels": null
}
STEP 2/4 submit image-to-video request
operation_submitted_done=None

===== DEBUG OPERATION [after_submit] =====
operation_type=<class 'google.genai.types.GenerateVideosOperation'>
operation_done=None
operation_name=models/veo-2.0-generate-001/operations/x9vzbo8goio4
operation_id=None
operation_error=None
operation_metadata=null
operation_result_type=<class 'NoneType'>
operation_response_type=<class 'NoneType'>
operation_repr=GenerateVideosOperation(
  name='models/veo-2.0-generate-001/operations/x9vzbo8goio4'
)
STEP 3/4 polling operation poll_count=1 wait_seconds=10
operation_status_done=True
operation_status_error={'code': 3, 'message': 'The input image contains content that has been blocked by your current safety settings for person/face generation. If you think this was an error, send feedback.'}

===== DEBUG OPERATION [after_polling_done] =====
operation_type=<class 'google.genai.types.GenerateVideosOperation'>
operation_done=True
operation_name=models/veo-2.0-generate-001/operations/x9vzbo8goio4
operation_id=None
operation_error={'code': 3, 'message': 'The input image contains content that has been blocked by your current safety settings for person/face generation. If you think this was an error, send feedback.'}
operation_metadata=null
operation_result_type=<class 'NoneType'>
operation_response_type=<class 'NoneType'>
operation_repr=GenerateVideosOperation(
  done=True,
  error={
    'code': 3,
    'message': 'The input image contains content that has been blocked by your current safety settings for person/face generation. If you think this was an error, send feedback.'
  },
  name='models/veo-2.0-generate-001/operations/x9vzbo8goio4'
)

===== DEBUG RESULT [after_polling_done] =====
result_is_none=True
result_type=<class 'NoneType'>
SCENE RESULT scene_id=20 status=error error=ʵeͦQAȺݦw]wפUGJϤ]tHyeAثeo image-to-video ]w\͡C
ĳBz覡G
1. ΤtMHyϤ
2. Χ󴫳oi scene 
3. o scene OdRAϤAϥΰʵe
error_code=3
error_message=The input image contains content that has been blocked by your current safety settings for person/face generation. If you think this was an error, send feedback.
Traceback (most recent call last):
  File "C:\Project\CAP_2000_Vocab_Project\scripts\generate_all_scene_animations.py", line 170, in run_batch_animation_for_episode
    output_path = generate_scene_animation(ep_num, scene_id)
                  ^^^^^^^^^^^^^^^^^^^^^^^^^^^^^^^^^^^^^^^^^^
  File "C:\Project\CAP_2000_Vocab_Project\scripts\generate_scene_animation.py", line 482, in generate_scene_animation
    raise SceneAnimationError(format_operation_failure(operation, operation_error))
generate_scene_animation.SceneAnimationError: ʵeͦQAȺݦw]wפUGJϤ]tHyeAثeo image-to-video ]w\͡C
ĳBz覡G
1. ΤtMHyϤ
2. Χ󴫳oi scene 
3. o scene OdRAϤAϥΰʵe
error_code=3
error_message=The input image contains content that has been blocked by your current safety settings for person/face generation. If you think this was an error, send feedback.

===== BATCH SUMMARY =====
total=8
prompt_success=8
animation_success=3
default_updated=3
skipped=0
failed=5
prompt_success_scene_ids=1,2,4,9,13,17,18,20
animation_success_scene_ids=4,9,17
default_updated_scene_ids=4,9,17
failed_scene scene_id=1 message=ʵeͦQAȺݦw]wפUGJϤ]tHyeAثeo image-to-video ]w\͡C
ĳBz覡G
1. ΤtMHyϤ
2. Χ󴫳oi scene 
3. o scene OdRAϤAϥΰʵe
error_code=3
error_message=The input image contains content that has been blocked by your current safety settings for person/face generation. If you think this was an error, send feedback.
failed_scene scene_id=2 message=ʵeͦ@~wAAȺݦ^~C
operation_error={'code': 3, 'message': "The prompt could not be submitted. This prompt contains sensitive words that violate Google's Responsible AI practices. Try rephrasing your prompt, or contact your Google representative to request allowlisting."}
metadata=null
failed_scene scene_id=13 message=ʵeͦQAȺݦw]wפUGJϤ]tHyeAثeo image-to-video ]w\͡C
ĳBz覡G
1. ΤtMHyϤ
2. Χ󴫳oi scene 
3. o scene OdRAϤAϥΰʵe
error_code=3
error_message=The input image contains content that has been blocked by your current safety settings for person/face generation. If you think this was an error, send feedback.
failed_scene scene_id=18 message=ʵeͦQAȺݦw]wפUGJϤ]tHyeAثeo image-to-video ]w\͡C
ĳBz覡G
1. ΤtMHyϤ
2. Χ󴫳oi scene 
3. o scene OdRAϤAϥΰʵe
error_code=3
error_message=The input image contains content that has been blocked by your current safety settings for person/face generation. If you think this was an error, send feedback.
failed_scene scene_id=20 message=ʵeͦQAȺݦw]wפUGJϤ]tHyeAثeo image-to-video ]w\͡C
ĳBz覡G
1. ΤtMHyϤ
2. Χ󴫳oi scene 
3. o scene OdRAϤAϥΰʵe
error_code=3
error_message=The input image contains content that has been blocked by your current safety settings for person/face generation. If you think this was an error, send feedback.
Batch completed with failures. Prompt generation and animation generation continued for later scenes.
===== BATCH ANIMATION END =====
[schedule] batch animation exit_code=1
[schedule] episode 18 failed stage 4.1 (error)
[schedule] start episode 19 (5/6) stage 4.1
[schedule] launch batch animation command=['C:\\Users\\User\\AppData\\Local\\Programs\\Python\\Python311\\python.exe', '-u', 'C:\\Project\\CAP_2000_Vocab_Project\\scripts\\generate_all_scene_animations.py', '--ep', '19']
===== BATCH ANIMATION START =====
episode=19
episode_folder=C:\Project\CAP_2000_Vocab_Project\workspaces\vocab\Ep19_0281_0290
storyboard_csv=C:\Project\CAP_2000_Vocab_Project\workspaces\vocab\Ep19_0281_0290\03_storyboards\storyboard.csv
ai_scene_count=10

===== BATCH SCENE 1/10 | scene_id=1 =====
STEP A generate animation prompt scene_id=1
Generating safe animation prompt for Scene 1...
prompt_source=model
saved_to=C:\Project\CAP_2000_Vocab_Project\workspaces\vocab\Ep19_0281_0290\03_storyboards\storyboard.csv
A gentle, almost imperceptible camera push-in subtly enhances the vibrant podcast studio setting. John on the left offers a calm, friendly wave, his green hoodie and headset gently shifting. Mary on the right provides a soft, welcoming hand gesture, her blonde pigtails swaying subtly. The studios soft lighting maintains a warm, continuous glow, creating a serene and inviting atmosphere for the educational program opening. Both hosts keep friendly, mild expressions, ensuring a smooth and pleasant visual flow for their introduction.
PROMPT RESULT scene_id=1 status=ok
STEP B generate animation video scene_id=1
STEP 1/4 validate inputs
scene_id=1
image_path=C:\Project\CAP_2000_Vocab_Project\workspaces\vocab\Ep19_0281_0290\04_images\ai_generated\img_0.0.png
output_path=C:\Project\CAP_2000_Vocab_Project\workspaces\vocab\Ep19_0281_0290\04_images\animations\scene_1__v01.mp4
duration_seconds=8
video_model=veo-2.0-generate-001
poll_seconds=10
person_generation=allow_adult
image_mime_type=image/png
image_size_bytes=1813166
prompt_length=537
prompt_preview=A gentle, almost imperceptible camera push-in subtly enhances the vibrant podcast studio setting. John on the left offers a calm, friendly wave, his green hoodie and headset gently shifting. Mary on the right provides a soft, welcoming hand gesture, her blonde pigtails swaying subtly. The studios soft lighting maintains a warm, continuous glow, creating a serene and inviting atmosphere for the educational program opening. Both hosts keep friendly, mild expressions, ensuring a smooth and pleasan
video_config={
  "http_options": null,
  "number_of_videos": 1,
  "output_gcs_uri": null,
  "fps": null,
  "duration_seconds": 8,
  "seed": null,
  "aspect_ratio": "16:9",
  "resolution": null,
  "person_generation": "allow_adult",
  "pubsub_topic": null,
  "negative_prompt": null,
  "enhance_prompt": null,
  "generate_audio": null,
  "last_frame": null,
  "reference_images": null,
  "mask": null,
  "compression_quality": null,
  "labels": null
}
STEP 2/4 submit image-to-video request
operation_submitted_done=None

===== DEBUG OPERATION [after_submit] =====
operation_type=<class 'google.genai.types.GenerateVideosOperation'>
operation_done=None
operation_name=models/veo-2.0-generate-001/operations/5s7nejygjfkj
operation_id=None
operation_error=None
operation_metadata=null
operation_result_type=<class 'NoneType'>
operation_response_type=<class 'NoneType'>
operation_repr=GenerateVideosOperation(
  name='models/veo-2.0-generate-001/operations/5s7nejygjfkj'
)
STEP 3/4 polling operation poll_count=1 wait_seconds=10
operation_status_done=None
operation_status_error=None
STEP 3/4 polling operation poll_count=2 wait_seconds=10
operation_status_done=None
operation_status_error=None
STEP 3/4 polling operation poll_count=3 wait_seconds=10
operation_status_done=True
operation_status_error=None

===== DEBUG OPERATION [after_polling_done] =====
operation_type=<class 'google.genai.types.GenerateVideosOperation'>
operation_done=True
operation_name=models/veo-2.0-generate-001/operations/5s7nejygjfkj
operation_id=None
operation_error=None
operation_metadata=null
operation_result_type=<class 'google.genai.types.GenerateVideosResponse'>
operation_response_type=<class 'google.genai.types.GenerateVideosResponse'>
operation_repr=GenerateVideosOperation(
  done=True,
  name='models/veo-2.0-generate-001/operations/5s7nejygjfkj',
  response=GenerateVideosResponse(
    generated_videos=[
      GeneratedVideo(
        video=Video(
          uri='https://generativelanguage.googleapis.com/v1beta/files/4li0sjn2mpki:download?alt=media'
        )
      ),
    ]
  ),
  result=GenerateVideosResponse(
    generated_videos=[
      GeneratedVideo(
        video=Video(
          uri='https://generativelanguage.googleapis.com/v1beta/files/4li0sjn2mpki:download?alt=media'
        )
      ),
    ]
  )
)

===== DEBUG RESULT [after_polling_done] =====
result_is_none=False
result_type=<class 'google.genai.types.GenerateVideosResponse'>
result_repr=GenerateVideosResponse(
  generated_videos=[
    GeneratedVideo(
      video=Video(
        uri='https://generativelanguage.googleapis.com/v1beta/files/4li0sjn2mpki:download?alt=media'
      )
    ),
  ]
)
result_json={
  "generated_videos": [
    {
      "video": {
        "uri": "https://generativelanguage.googleapis.com/v1beta/files/4li0sjn2mpki:download?alt=media",
        "video_bytes": null,
        "mime_type": null
      }
    }
  ],
  "rai_media_filtered_count": null,
  "rai_media_filtered_reasons": null
}
result_attrs=['construct', 'copy', 'dict', 'from_orm', 'generated_videos', 'json', 'model_computed_fields', 'model_config', 'model_construct', 'model_copy', 'model_dump', 'model_dump_json', 'model_extra', 'model_fields', 'model_fields_set', 'model_json_schema', 'model_parametrized_name', 'model_post_init', 'model_rebuild', 'model_validate', 'model_validate_json', 'model_validate_strings', 'parse_file', 'parse_obj', 'parse_raw', 'rai_media_filtered_count', 'rai_media_filtered_reasons', 'schema', 'schema_json', 'to_json_dict', 'update_forward_refs', 'validate']
generated_videos_exists=True
generated_videos_len=1
generated_video_0_type=<class 'google.genai.types.GeneratedVideo'>
generated_video_0_repr=GeneratedVideo(
  video=Video(
    uri='https://generativelanguage.googleapis.com/v1beta/files/4li0sjn2mpki:download?alt=media'
  )
)
generated_video_0_json={
  "video": {
    "uri": "https://generativelanguage.googleapis.com/v1beta/files/4li0sjn2mpki:download?alt=media",
    "video_bytes": null,
    "mime_type": null
  }
}
generated_video_0_video=Video(uri=https://generativelanguage.googleapis.com/v1beta/files/4li0sjn2mpki:download?alt=media, video_bytes=None, mime_type=None)
generated_video_0_uri=None
generated_video_0_name=None
STEP 4/4 download generated video

===== DEBUG DOWNLOAD TARGET =====
generated_video_type=<class 'google.genai.types.GeneratedVideo'>
generated_video_repr=GeneratedVideo(
  video=Video(
    uri='https://generativelanguage.googleapis.com/v1beta/files/4li0sjn2mpki:download?alt=media'
  )
)
generated_video_json={
  "video": {
    "uri": "https://generativelanguage.googleapis.com/v1beta/files/4li0sjn2mpki:download?alt=media",
    "video_bytes": null,
    "mime_type": null
  }
}
download_target_type=<class 'google.genai.types.Video'>
download_target_repr=Video(uri=https://generativelanguage.googleapis.com/v1beta/files/4li0sjn2mpki:download?alt=media, video_bytes=None, mime_type=None)
download_target_json={
  "uri": "https://generativelanguage.googleapis.com/v1beta/files/4li0sjn2mpki:download?alt=media",
  "video_bytes": null,
  "mime_type": null
}
raw_output_path=C:\Project\CAP_2000_Vocab_Project\workspaces\vocab\Ep19_0281_0290\04_images\animations\scene_1__v01__raw.mp4
raw_video_size_bytes=1359253
STEP 4.5/4 strip audio track from generated video
DONE animation generated
saved_to=C:\Project\CAP_2000_Vocab_Project\workspaces\vocab\Ep19_0281_0290\04_images\animations\scene_1__v01.mp4
DEFAULT RESULT scene_id=1 status=updated path=C:\Project\CAP_2000_Vocab_Project\workspaces\vocab\Ep19_0281_0290\04_images\animations\scene_1__v01.mp4
SCENE RESULT scene_id=1 status=ok path=C:\Project\CAP_2000_Vocab_Project\workspaces\vocab\Ep19_0281_0290\04_images\animations\scene_1__v01.mp4

===== BATCH SCENE 2/10 | scene_id=4 =====
STEP A generate animation prompt scene_id=4
Generating safe animation prompt for Scene 4...
prompt_source=model
saved_to=C:\Project\CAP_2000_Vocab_Project\workspaces\vocab\Ep19_0281_0290\03_storyboards\storyboard.csv
A gentle, almost imperceptible waft of steam rises from a nearby mug. Sunlight softly shimmers on the cereal box and bowl, creating a warm, inviting glow. The camera slowly glides sideways, revealing the peaceful kitchen space before a very subtle, gradual zoom out, emphasizing the calm preparation for a gentle morning routine. A serene atmosphere pervades, setting a quiet, comforting tone for daily habits.
PROMPT RESULT scene_id=4 status=ok
STEP B generate animation video scene_id=4
STEP 1/4 validate inputs
scene_id=4
image_path=C:\Project\CAP_2000_Vocab_Project\workspaces\vocab\Ep19_0281_0290\04_images\ai_generated\img_80.86.png
output_path=C:\Project\CAP_2000_Vocab_Project\workspaces\vocab\Ep19_0281_0290\04_images\animations\scene_4__v01.mp4
duration_seconds=7
video_model=veo-2.0-generate-001
poll_seconds=10
person_generation=allow_adult
image_mime_type=image/png
image_size_bytes=2360974
prompt_length=410
prompt_preview=A gentle, almost imperceptible waft of steam rises from a nearby mug. Sunlight softly shimmers on the cereal box and bowl, creating a warm, inviting glow. The camera slowly glides sideways, revealing the peaceful kitchen space before a very subtle, gradual zoom out, emphasizing the calm preparation for a gentle morning routine. A serene atmosphere pervades, setting a quiet, comforting tone for daily habits.
video_config={
  "http_options": null,
  "number_of_videos": 1,
  "output_gcs_uri": null,
  "fps": null,
  "duration_seconds": 7,
  "seed": null,
  "aspect_ratio": "16:9",
  "resolution": null,
  "person_generation": "allow_adult",
  "pubsub_topic": null,
  "negative_prompt": null,
  "enhance_prompt": null,
  "generate_audio": null,
  "last_frame": null,
  "reference_images": null,
  "mask": null,
  "compression_quality": null,
  "labels": null
}
STEP 2/4 submit image-to-video request
operation_submitted_done=None

===== DEBUG OPERATION [after_submit] =====
operation_type=<class 'google.genai.types.GenerateVideosOperation'>
operation_done=None
operation_name=models/veo-2.0-generate-001/operations/thea9i2caamw
operation_id=None
operation_error=None
operation_metadata=null
operation_result_type=<class 'NoneType'>
operation_response_type=<class 'NoneType'>
operation_repr=GenerateVideosOperation(
  name='models/veo-2.0-generate-001/operations/thea9i2caamw'
)
STEP 3/4 polling operation poll_count=1 wait_seconds=10
operation_status_done=None
operation_status_error=None
STEP 3/4 polling operation poll_count=2 wait_seconds=10
operation_status_done=None
operation_status_error=None
STEP 3/4 polling operation poll_count=3 wait_seconds=10
operation_status_done=True
operation_status_error=None

===== DEBUG OPERATION [after_polling_done] =====
operation_type=<class 'google.genai.types.GenerateVideosOperation'>
operation_done=True
operation_name=models/veo-2.0-generate-001/operations/thea9i2caamw
operation_id=None
operation_error=None
operation_metadata=null
operation_result_type=<class 'google.genai.types.GenerateVideosResponse'>
operation_response_type=<class 'google.genai.types.GenerateVideosResponse'>
operation_repr=GenerateVideosOperation(
  done=True,
  name='models/veo-2.0-generate-001/operations/thea9i2caamw',
  response=GenerateVideosResponse(
    generated_videos=[
      GeneratedVideo(
        video=Video(
          uri='https://generativelanguage.googleapis.com/v1beta/files/rcv1bnnfrxrr:download?alt=media'
        )
      ),
    ]
  ),
  result=GenerateVideosResponse(
    generated_videos=[
      GeneratedVideo(
        video=Video(
          uri='https://generativelanguage.googleapis.com/v1beta/files/rcv1bnnfrxrr:download?alt=media'
        )
      ),
    ]
  )
)

===== DEBUG RESULT [after_polling_done] =====
result_is_none=False
result_type=<class 'google.genai.types.GenerateVideosResponse'>
result_repr=GenerateVideosResponse(
  generated_videos=[
    GeneratedVideo(
      video=Video(
        uri='https://generativelanguage.googleapis.com/v1beta/files/rcv1bnnfrxrr:download?alt=media'
      )
    ),
  ]
)
result_json={
  "generated_videos": [
    {
      "video": {
        "uri": "https://generativelanguage.googleapis.com/v1beta/files/rcv1bnnfrxrr:download?alt=media",
        "video_bytes": null,
        "mime_type": null
      }
    }
  ],
  "rai_media_filtered_count": null,
  "rai_media_filtered_reasons": null
}
result_attrs=['construct', 'copy', 'dict', 'from_orm', 'generated_videos', 'json', 'model_computed_fields', 'model_config', 'model_construct', 'model_copy', 'model_dump', 'model_dump_json', 'model_extra', 'model_fields', 'model_fields_set', 'model_json_schema', 'model_parametrized_name', 'model_post_init', 'model_rebuild', 'model_validate', 'model_validate_json', 'model_validate_strings', 'parse_file', 'parse_obj', 'parse_raw', 'rai_media_filtered_count', 'rai_media_filtered_reasons', 'schema', 'schema_json', 'to_json_dict', 'update_forward_refs', 'validate']
generated_videos_exists=True
generated_videos_len=1
generated_video_0_type=<class 'google.genai.types.GeneratedVideo'>
generated_video_0_repr=GeneratedVideo(
  video=Video(
    uri='https://generativelanguage.googleapis.com/v1beta/files/rcv1bnnfrxrr:download?alt=media'
  )
)
generated_video_0_json={
  "video": {
    "uri": "https://generativelanguage.googleapis.com/v1beta/files/rcv1bnnfrxrr:download?alt=media",
    "video_bytes": null,
    "mime_type": null
  }
}
generated_video_0_video=Video(uri=https://generativelanguage.googleapis.com/v1beta/files/rcv1bnnfrxrr:download?alt=media, video_bytes=None, mime_type=None)
generated_video_0_uri=None
generated_video_0_name=None
STEP 4/4 download generated video

===== DEBUG DOWNLOAD TARGET =====
generated_video_type=<class 'google.genai.types.GeneratedVideo'>
generated_video_repr=GeneratedVideo(
  video=Video(
    uri='https://generativelanguage.googleapis.com/v1beta/files/rcv1bnnfrxrr:download?alt=media'
  )
)
generated_video_json={
  "video": {
    "uri": "https://generativelanguage.googleapis.com/v1beta/files/rcv1bnnfrxrr:download?alt=media",
    "video_bytes": null,
    "mime_type": null
  }
}
download_target_type=<class 'google.genai.types.Video'>
download_target_repr=Video(uri=https://generativelanguage.googleapis.com/v1beta/files/rcv1bnnfrxrr:download?alt=media, video_bytes=None, mime_type=None)
download_target_json={
  "uri": "https://generativelanguage.googleapis.com/v1beta/files/rcv1bnnfrxrr:download?alt=media",
  "video_bytes": null,
  "mime_type": null
}
raw_output_path=C:\Project\CAP_2000_Vocab_Project\workspaces\vocab\Ep19_0281_0290\04_images\animations\scene_4__v01__raw.mp4
raw_video_size_bytes=2232452
STEP 4.5/4 strip audio track from generated video
DONE animation generated
saved_to=C:\Project\CAP_2000_Vocab_Project\workspaces\vocab\Ep19_0281_0290\04_images\animations\scene_4__v01.mp4
DEFAULT RESULT scene_id=4 status=updated path=C:\Project\CAP_2000_Vocab_Project\workspaces\vocab\Ep19_0281_0290\04_images\animations\scene_4__v01.mp4
SCENE RESULT scene_id=4 status=ok path=C:\Project\CAP_2000_Vocab_Project\workspaces\vocab\Ep19_0281_0290\04_images\animations\scene_4__v01.mp4

===== BATCH SCENE 3/10 | scene_id=6 =====
STEP A generate animation prompt scene_id=6
Generating safe animation prompt for Scene 6...
prompt_source=model
saved_to=C:\Project\CAP_2000_Vocab_Project\workspaces\vocab\Ep19_0281_0290\03_storyboards\storyboard.csv
A cute 3D cartoon character, holding a bowl of cereal, calmly turns their head with a gentle, inquisitive expression, subtly looking across the bright dining room. The camera executes a slow, smooth, almost imperceptible dolly zoom out, gradually expanding the view of the inviting space. The character's stance remains relaxed, suggesting a thoughtful moment while seeking a comfortable seating option. This creates a tranquil visual continuity.
PROMPT RESULT scene_id=6 status=ok
STEP B generate animation video scene_id=6
STEP 1/4 validate inputs
scene_id=6
image_path=C:\Project\CAP_2000_Vocab_Project\workspaces\vocab\Ep19_0281_0290\04_images\ai_generated\img_109.1.png
output_path=C:\Project\CAP_2000_Vocab_Project\workspaces\vocab\Ep19_0281_0290\04_images\animations\scene_6__v01.mp4
duration_seconds=5
video_model=veo-2.0-generate-001
poll_seconds=10
person_generation=allow_adult
image_mime_type=image/png
image_size_bytes=2335972
prompt_length=446
prompt_preview=A cute 3D cartoon character, holding a bowl of cereal, calmly turns their head with a gentle, inquisitive expression, subtly looking across the bright dining room. The camera executes a slow, smooth, almost imperceptible dolly zoom out, gradually expanding the view of the inviting space. The character's stance remains relaxed, suggesting a thoughtful moment while seeking a comfortable seating option. This creates a tranquil visual continuity.
video_config={
  "http_options": null,
  "number_of_videos": 1,
  "output_gcs_uri": null,
  "fps": null,
  "duration_seconds": 5,
  "seed": null,
  "aspect_ratio": "16:9",
  "resolution": null,
  "person_generation": "allow_adult",
  "pubsub_topic": null,
  "negative_prompt": null,
  "enhance_prompt": null,
  "generate_audio": null,
  "last_frame": null,
  "reference_images": null,
  "mask": null,
  "compression_quality": null,
  "labels": null
}
STEP 2/4 submit image-to-video request
operation_submitted_done=None

===== DEBUG OPERATION [after_submit] =====
operation_type=<class 'google.genai.types.GenerateVideosOperation'>
operation_done=None
operation_name=models/veo-2.0-generate-001/operations/j9322iwb3u4f
operation_id=None
operation_error=None
operation_metadata=null
operation_result_type=<class 'NoneType'>
operation_response_type=<class 'NoneType'>
operation_repr=GenerateVideosOperation(
  name='models/veo-2.0-generate-001/operations/j9322iwb3u4f'
)
STEP 3/4 polling operation poll_count=1 wait_seconds=10
operation_status_done=None
operation_status_error=None
STEP 3/4 polling operation poll_count=2 wait_seconds=10
operation_status_done=None
operation_status_error=None
STEP 3/4 polling operation poll_count=3 wait_seconds=10
operation_status_done=True
operation_status_error=None

===== DEBUG OPERATION [after_polling_done] =====
operation_type=<class 'google.genai.types.GenerateVideosOperation'>
operation_done=True
operation_name=models/veo-2.0-generate-001/operations/j9322iwb3u4f
operation_id=None
operation_error=None
operation_metadata=null
operation_result_type=<class 'google.genai.types.GenerateVideosResponse'>
operation_response_type=<class 'google.genai.types.GenerateVideosResponse'>
operation_repr=GenerateVideosOperation(
  done=True,
  name='models/veo-2.0-generate-001/operations/j9322iwb3u4f',
  response=GenerateVideosResponse(
    generated_videos=[
      GeneratedVideo(
        video=Video(
          uri='https://generativelanguage.googleapis.com/v1beta/files/idyxxsz9gja2:download?alt=media'
        )
      ),
    ]
  ),
  result=GenerateVideosResponse(
    generated_videos=[
      GeneratedVideo(
        video=Video(
          uri='https://generativelanguage.googleapis.com/v1beta/files/idyxxsz9gja2:download?alt=media'
        )
      ),
    ]
  )
)

===== DEBUG RESULT [after_polling_done] =====
result_is_none=False
result_type=<class 'google.genai.types.GenerateVideosResponse'>
result_repr=GenerateVideosResponse(
  generated_videos=[
    GeneratedVideo(
      video=Video(
        uri='https://generativelanguage.googleapis.com/v1beta/files/idyxxsz9gja2:download?alt=media'
      )
    ),
  ]
)
result_json={
  "generated_videos": [
    {
      "video": {
        "uri": "https://generativelanguage.googleapis.com/v1beta/files/idyxxsz9gja2:download?alt=media",
        "video_bytes": null,
        "mime_type": null
      }
    }
  ],
  "rai_media_filtered_count": null,
  "rai_media_filtered_reasons": null
}
result_attrs=['construct', 'copy', 'dict', 'from_orm', 'generated_videos', 'json', 'model_computed_fields', 'model_config', 'model_construct', 'model_copy', 'model_dump', 'model_dump_json', 'model_extra', 'model_fields', 'model_fields_set', 'model_json_schema', 'model_parametrized_name', 'model_post_init', 'model_rebuild', 'model_validate', 'model_validate_json', 'model_validate_strings', 'parse_file', 'parse_obj', 'parse_raw', 'rai_media_filtered_count', 'rai_media_filtered_reasons', 'schema', 'schema_json', 'to_json_dict', 'update_forward_refs', 'validate']
generated_videos_exists=True
generated_videos_len=1
generated_video_0_type=<class 'google.genai.types.GeneratedVideo'>
generated_video_0_repr=GeneratedVideo(
  video=Video(
    uri='https://generativelanguage.googleapis.com/v1beta/files/idyxxsz9gja2:download?alt=media'
  )
)
generated_video_0_json={
  "video": {
    "uri": "https://generativelanguage.googleapis.com/v1beta/files/idyxxsz9gja2:download?alt=media",
    "video_bytes": null,
    "mime_type": null
  }
}
generated_video_0_video=Video(uri=https://generativelanguage.googleapis.com/v1beta/files/idyxxsz9gja2:download?alt=media, video_bytes=None, mime_type=None)
generated_video_0_uri=None
generated_video_0_name=None
STEP 4/4 download generated video

===== DEBUG DOWNLOAD TARGET =====
generated_video_type=<class 'google.genai.types.GeneratedVideo'>
generated_video_repr=GeneratedVideo(
  video=Video(
    uri='https://generativelanguage.googleapis.com/v1beta/files/idyxxsz9gja2:download?alt=media'
  )
)
generated_video_json={
  "video": {
    "uri": "https://generativelanguage.googleapis.com/v1beta/files/idyxxsz9gja2:download?alt=media",
    "video_bytes": null,
    "mime_type": null
  }
}
download_target_type=<class 'google.genai.types.Video'>
download_target_repr=Video(uri=https://generativelanguage.googleapis.com/v1beta/files/idyxxsz9gja2:download?alt=media, video_bytes=None, mime_type=None)
download_target_json={
  "uri": "https://generativelanguage.googleapis.com/v1beta/files/idyxxsz9gja2:download?alt=media",
  "video_bytes": null,
  "mime_type": null
}
raw_output_path=C:\Project\CAP_2000_Vocab_Project\workspaces\vocab\Ep19_0281_0290\04_images\animations\scene_6__v01__raw.mp4
raw_video_size_bytes=1317615
STEP 4.5/4 strip audio track from generated video
DONE animation generated
saved_to=C:\Project\CAP_2000_Vocab_Project\workspaces\vocab\Ep19_0281_0290\04_images\animations\scene_6__v01.mp4
DEFAULT RESULT scene_id=6 status=updated path=C:\Project\CAP_2000_Vocab_Project\workspaces\vocab\Ep19_0281_0290\04_images\animations\scene_6__v01.mp4
SCENE RESULT scene_id=6 status=ok path=C:\Project\CAP_2000_Vocab_Project\workspaces\vocab\Ep19_0281_0290\04_images\animations\scene_6__v01.mp4

===== BATCH SCENE 4/10 | scene_id=8 =====
STEP A generate animation prompt scene_id=8
Generating safe animation prompt for Scene 8...
prompt_source=model
saved_to=C:\Project\CAP_2000_Vocab_Project\workspaces\vocab\Ep19_0281_0290\03_storyboards\storyboard.csv
A gentle camera drift slowly reveals a vibrant 3D cartoon classroom, maintaining a cinematic wide shot. Teacher Mary stands serenely by the large green blackboard, her blonde pigtails subtly swaying as she turns with a calm, friendly demeanor. Soft studio lighting bathes the inviting space. She slowly raises her hand with a gentle gesture towards the board, preparing to engage with an educational concept. The atmosphere is peaceful and ready for learning, smoothly continuing the visual journey.
PROMPT RESULT scene_id=8 status=ok
STEP B generate animation video scene_id=8
STEP 1/4 validate inputs
scene_id=8
image_path=C:\Project\CAP_2000_Vocab_Project\workspaces\vocab\Ep19_0281_0290\04_images\ai_generated\img_130.42.png
output_path=C:\Project\CAP_2000_Vocab_Project\workspaces\vocab\Ep19_0281_0290\04_images\animations\scene_8__v01.mp4
duration_seconds=8
video_model=veo-2.0-generate-001
poll_seconds=10
person_generation=allow_adult
image_mime_type=image/png
image_size_bytes=2072227
prompt_length=499
prompt_preview=A gentle camera drift slowly reveals a vibrant 3D cartoon classroom, maintaining a cinematic wide shot. Teacher Mary stands serenely by the large green blackboard, her blonde pigtails subtly swaying as she turns with a calm, friendly demeanor. Soft studio lighting bathes the inviting space. She slowly raises her hand with a gentle gesture towards the board, preparing to engage with an educational concept. The atmosphere is peaceful and ready for learning, smoothly continuing the visual journey.
video_config={
  "http_options": null,
  "number_of_videos": 1,
  "output_gcs_uri": null,
  "fps": null,
  "duration_seconds": 8,
  "seed": null,
  "aspect_ratio": "16:9",
  "resolution": null,
  "person_generation": "allow_adult",
  "pubsub_topic": null,
  "negative_prompt": null,
  "enhance_prompt": null,
  "generate_audio": null,
  "last_frame": null,
  "reference_images": null,
  "mask": null,
  "compression_quality": null,
  "labels": null
}
STEP 2/4 submit image-to-video request
operation_submitted_done=None

===== DEBUG OPERATION [after_submit] =====
operation_type=<class 'google.genai.types.GenerateVideosOperation'>
operation_done=None
operation_name=models/veo-2.0-generate-001/operations/oq0oshazp429
operation_id=None
operation_error=None
operation_metadata=null
operation_result_type=<class 'NoneType'>
operation_response_type=<class 'NoneType'>
operation_repr=GenerateVideosOperation(
  name='models/veo-2.0-generate-001/operations/oq0oshazp429'
)
STEP 3/4 polling operation poll_count=1 wait_seconds=10
operation_status_done=True
operation_status_error={'code': 3, 'message': 'The input image contains content that has been blocked by your current safety settings for person/face generation. If you think this was an error, send feedback.'}

===== DEBUG OPERATION [after_polling_done] =====
operation_type=<class 'google.genai.types.GenerateVideosOperation'>
operation_done=True
operation_name=models/veo-2.0-generate-001/operations/oq0oshazp429
operation_id=None
operation_error={'code': 3, 'message': 'The input image contains content that has been blocked by your current safety settings for person/face generation. If you think this was an error, send feedback.'}
operation_metadata=null
operation_result_type=<class 'NoneType'>
operation_response_type=<class 'NoneType'>
operation_repr=GenerateVideosOperation(
  done=True,
  error={
    'code': 3,
    'message': 'The input image contains content that has been blocked by your current safety settings for person/face generation. If you think this was an error, send feedback.'
  },
  name='models/veo-2.0-generate-001/operations/oq0oshazp429'
)

===== DEBUG RESULT [after_polling_done] =====
result_is_none=True
result_type=<class 'NoneType'>
SCENE RESULT scene_id=8 status=error error=ʵeͦQAȺݦw]wפUGJϤ]tHyeAثeo image-to-video ]w\͡C
ĳBz覡G
1. ΤtMHyϤ
2. Χ󴫳oi scene 
3. o scene OdRAϤAϥΰʵe
error_code=3
error_message=The input image contains content that has been blocked by your current safety settings for person/face generation. If you think this was an error, send feedback.
Traceback (most recent call last):
  File "C:\Project\CAP_2000_Vocab_Project\scripts\generate_all_scene_animations.py", line 170, in run_batch_animation_for_episode
    output_path = generate_scene_animation(ep_num, scene_id)
                  ^^^^^^^^^^^^^^^^^^^^^^^^^^^^^^^^^^^^^^^^^^
  File "C:\Project\CAP_2000_Vocab_Project\scripts\generate_scene_animation.py", line 482, in generate_scene_animation
    raise SceneAnimationError(format_operation_failure(operation, operation_error))
generate_scene_animation.SceneAnimationError: ʵeͦQAȺݦw]wפUGJϤ]tHyeAثeo image-to-video ]w\͡C
ĳBz覡G
1. ΤtMHyϤ
2. Χ󴫳oi scene 
3. o scene OdRAϤAϥΰʵe
error_code=3
error_message=The input image contains content that has been blocked by your current safety settings for person/face generation. If you think this was an error, send feedback.

===== BATCH SCENE 5/10 | scene_id=10 =====
STEP A generate animation prompt scene_id=10
Generating safe animation prompt for Scene 10...
prompt_source=model
saved_to=C:\Project\CAP_2000_Vocab_Project\workspaces\vocab\Ep19_0281_0290\03_storyboards\storyboard.csv
A gentle camera movement slowly pushes in towards the blackboard. Handwritten notes subtly animate, calmly shifting and rearranging as if being thoughtfully processed by the student. The academic atmosphere is serene, with soft, consistent lighting. This scene conveys a quiet contemplation and internal processing of information, as the student's perspective gently focuses, reflecting on learned concepts and preparing to review them further in a calm, focused manner.
PROMPT RESULT scene_id=10 status=ok
STEP B generate animation video scene_id=10
STEP 1/4 validate inputs
scene_id=10
image_path=C:\Project\CAP_2000_Vocab_Project\workspaces\vocab\Ep19_0281_0290\04_images\ai_generated\img_167.8.png
output_path=C:\Project\CAP_2000_Vocab_Project\workspaces\vocab\Ep19_0281_0290\04_images\animations\scene_10__v01.mp4
duration_seconds=4
video_model=veo-2.0-generate-001
poll_seconds=10
person_generation=allow_adult
image_mime_type=image/png
image_size_bytes=2485200
prompt_length=470
prompt_preview=A gentle camera movement slowly pushes in towards the blackboard. Handwritten notes subtly animate, calmly shifting and rearranging as if being thoughtfully processed by the student. The academic atmosphere is serene, with soft, consistent lighting. This scene conveys a quiet contemplation and internal processing of information, as the student's perspective gently focuses, reflecting on learned concepts and preparing to review them further in a calm, focused manner.
video_config={
  "http_options": null,
  "number_of_videos": 1,
  "output_gcs_uri": null,
  "fps": null,
  "duration_seconds": 4,
  "seed": null,
  "aspect_ratio": "16:9",
  "resolution": null,
  "person_generation": "allow_adult",
  "pubsub_topic": null,
  "negative_prompt": null,
  "enhance_prompt": null,
  "generate_audio": null,
  "last_frame": null,
  "reference_images": null,
  "mask": null,
  "compression_quality": null,
  "labels": null
}
STEP 2/4 submit image-to-video request
SCENE RESULT scene_id=10 status=error error=ʵeͦШDѡG400 INVALID_ARGUMENT. {'error': {'code': 400, 'message': 'The number value for `durationSeconds` is out of bound. Please provide a value between 5 and 8, inclusive.', 'status': 'INVALID_ARGUMENT'}}
Traceback (most recent call last):
  File "C:\Project\CAP_2000_Vocab_Project\scripts\generate_scene_animation.py", line 420, in generate_scene_animation
    operation = client.models.generate_videos(
                ^^^^^^^^^^^^^^^^^^^^^^^^^^^^^^
  File "C:\Users\User\AppData\Local\Programs\Python\Python311\Lib\site-packages\google\genai\models.py", line 6531, in generate_videos
    return self._generate_videos(
           ^^^^^^^^^^^^^^^^^^^^^^
  File "C:\Users\User\AppData\Local\Programs\Python\Python311\Lib\site-packages\google\genai\models.py", line 5815, in _generate_videos
    response = self._api_client.request(
               ^^^^^^^^^^^^^^^^^^^^^^^^^
  File "C:\Users\User\AppData\Local\Programs\Python\Python311\Lib\site-packages\google\genai\_api_client.py", line 1532, in request
    response = self._request(http_request, http_options, stream=False)
               ^^^^^^^^^^^^^^^^^^^^^^^^^^^^^^^^^^^^^^^^^^^^^^^^^^^^^^^
  File "C:\Users\User\AppData\Local\Programs\Python\Python311\Lib\site-packages\google\genai\_api_client.py", line 1327, in _request
    return self._retry(self._request_once, http_request, stream)  # type: ignore[no-any-return]
           ^^^^^^^^^^^^^^^^^^^^^^^^^^^^^^^^^^^^^^^^^^^^^^^^^^^^^
  File "C:\Users\User\AppData\Local\Programs\Python\Python311\Lib\site-packages\tenacity\__init__.py", line 470, in __call__
    do = self.iter(retry_state=retry_state)
         ^^^^^^^^^^^^^^^^^^^^^^^^^^^^^^^^^^
  File "C:\Users\User\AppData\Local\Programs\Python\Python311\Lib\site-packages\tenacity\__init__.py", line 371, in iter
    result = action(retry_state)
             ^^^^^^^^^^^^^^^^^^^
  File "C:\Users\User\AppData\Local\Programs\Python\Python311\Lib\site-packages\tenacity\__init__.py", line 413, in exc_check
    raise retry_exc.reraise()
          ^^^^^^^^^^^^^^^^^^^
  File "C:\Users\User\AppData\Local\Programs\Python\Python311\Lib\site-packages\tenacity\__init__.py", line 184, in reraise
    raise self.last_attempt.result()
          ^^^^^^^^^^^^^^^^^^^^^^^^^^
  File "C:\Users\User\AppData\Local\Programs\Python\Python311\Lib\concurrent\futures\_base.py", line 449, in result
    return self.__get_result()
           ^^^^^^^^^^^^^^^^^^^
  File "C:\Users\User\AppData\Local\Programs\Python\Python311\Lib\concurrent\futures\_base.py", line 401, in __get_result
    raise self._exception
  File "C:\Users\User\AppData\Local\Programs\Python\Python311\Lib\site-packages\tenacity\__init__.py", line 473, in __call__
    result = fn(*args, **kwargs)
             ^^^^^^^^^^^^^^^^^^^
  File "C:\Users\User\AppData\Local\Programs\Python\Python311\Lib\site-packages\google\genai\_api_client.py", line 1304, in _request_once
    errors.APIError.raise_for_response(response)
  File "C:\Users\User\AppData\Local\Programs\Python\Python311\Lib\site-packages\google\genai\errors.py", line 155, in raise_for_response
    cls.raise_error(response.status_code, response_json, response)
  File "C:\Users\User\AppData\Local\Programs\Python\Python311\Lib\site-packages\google\genai\errors.py", line 184, in raise_error
    raise ClientError(status_code, response_json, response)
google.genai.errors.ClientError: 400 INVALID_ARGUMENT. {'error': {'code': 400, 'message': 'The number value for `durationSeconds` is out of bound. Please provide a value between 5 and 8, inclusive.', 'status': 'INVALID_ARGUMENT'}}

The above exception was the direct cause of the following exception:

Traceback (most recent call last):
  File "C:\Project\CAP_2000_Vocab_Project\scripts\generate_all_scene_animations.py", line 170, in run_batch_animation_for_episode
    output_path = generate_scene_animation(ep_num, scene_id)
                  ^^^^^^^^^^^^^^^^^^^^^^^^^^^^^^^^^^^^^^^^^^
  File "C:\Project\CAP_2000_Vocab_Project\scripts\generate_scene_animation.py", line 439, in generate_scene_animation
    raise SceneAnimationError(f"ʵeͦШDѡG{e}") from e
generate_scene_animation.SceneAnimationError: ʵeͦШDѡG400 INVALID_ARGUMENT. {'error': {'code': 400, 'message': 'The number value for `durationSeconds` is out of bound. Please provide a value between 5 and 8, inclusive.', 'status': 'INVALID_ARGUMENT'}}

===== BATCH SCENE 6/10 | scene_id=12 =====
STEP A generate animation prompt scene_id=12
Generating safe animation prompt for Scene 12...
prompt_source=model
saved_to=C:\Project\CAP_2000_Vocab_Project\workspaces\vocab\Ep19_0281_0290\03_storyboards\storyboard.csv
A cute 3D cartoon student, John, sits calmly at his desk, gently studying a multiple-choice question on a test paper. His hand subtly hovers over the options, considering his choice. A very slow, gentle camera push-in highlights the test paper as a soft glow emanates from one of the answer bubbles, suggesting a potential selection. The atmosphere remains calm and focused, with a seamless, continuous flow as John prepares to make an educated guess. Small supporting figures of hosts Mary and John maintain their calm presence at the scene's edges.
PROMPT RESULT scene_id=12 status=ok
STEP B generate animation video scene_id=12
STEP 1/4 validate inputs
scene_id=12
image_path=C:\Project\CAP_2000_Vocab_Project\workspaces\vocab\Ep19_0281_0290\04_images\ai_generated\img_191.12.png
output_path=C:\Project\CAP_2000_Vocab_Project\workspaces\vocab\Ep19_0281_0290\04_images\animations\scene_12__v01.mp4
duration_seconds=8
video_model=veo-2.0-generate-001
poll_seconds=10
person_generation=allow_adult
image_mime_type=image/png
image_size_bytes=2231396
prompt_length=550
prompt_preview=A cute 3D cartoon student, John, sits calmly at his desk, gently studying a multiple-choice question on a test paper. His hand subtly hovers over the options, considering his choice. A very slow, gentle camera push-in highlights the test paper as a soft glow emanates from one of the answer bubbles, suggesting a potential selection. The atmosphere remains calm and focused, with a seamless, continuous flow as John prepares to make an educated guess. Small supporting figures of hosts Mary and John 
video_config={
  "http_options": null,
  "number_of_videos": 1,
  "output_gcs_uri": null,
  "fps": null,
  "duration_seconds": 8,
  "seed": null,
  "aspect_ratio": "16:9",
  "resolution": null,
  "person_generation": "allow_adult",
  "pubsub_topic": null,
  "negative_prompt": null,
  "enhance_prompt": null,
  "generate_audio": null,
  "last_frame": null,
  "reference_images": null,
  "mask": null,
  "compression_quality": null,
  "labels": null
}
STEP 2/4 submit image-to-video request
operation_submitted_done=None

===== DEBUG OPERATION [after_submit] =====
operation_type=<class 'google.genai.types.GenerateVideosOperation'>
operation_done=None
operation_name=models/veo-2.0-generate-001/operations/nji239v0t876
operation_id=None
operation_error=None
operation_metadata=null
operation_result_type=<class 'NoneType'>
operation_response_type=<class 'NoneType'>
operation_repr=GenerateVideosOperation(
  name='models/veo-2.0-generate-001/operations/nji239v0t876'
)
STEP 3/4 polling operation poll_count=1 wait_seconds=10
operation_status_done=True
operation_status_error={'code': 3, 'message': 'The input image contains content that has been blocked by your current safety settings for person/face generation. If you think this was an error, send feedback.'}

===== DEBUG OPERATION [after_polling_done] =====
operation_type=<class 'google.genai.types.GenerateVideosOperation'>
operation_done=True
operation_name=models/veo-2.0-generate-001/operations/nji239v0t876
operation_id=None
operation_error={'code': 3, 'message': 'The input image contains content that has been blocked by your current safety settings for person/face generation. If you think this was an error, send feedback.'}
operation_metadata=null
operation_result_type=<class 'NoneType'>
operation_response_type=<class 'NoneType'>
operation_repr=GenerateVideosOperation(
  done=True,
  error={
    'code': 3,
    'message': 'The input image contains content that has been blocked by your current safety settings for person/face generation. If you think this was an error, send feedback.'
  },
  name='models/veo-2.0-generate-001/operations/nji239v0t876'
)

===== DEBUG RESULT [after_polling_done] =====
result_is_none=True
result_type=<class 'NoneType'>
SCENE RESULT scene_id=12 status=error error=ʵeͦQAȺݦw]wפUGJϤ]tHyeAثeo image-to-video ]w\͡C
ĳBz覡G
1. ΤtMHyϤ
2. Χ󴫳oi scene 
3. o scene OdRAϤAϥΰʵe
error_code=3
error_message=The input image contains content that has been blocked by your current safety settings for person/face generation. If you think this was an error, send feedback.
Traceback (most recent call last):
  File "C:\Project\CAP_2000_Vocab_Project\scripts\generate_all_scene_animations.py", line 170, in run_batch_animation_for_episode
    output_path = generate_scene_animation(ep_num, scene_id)
                  ^^^^^^^^^^^^^^^^^^^^^^^^^^^^^^^^^^^^^^^^^^
  File "C:\Project\CAP_2000_Vocab_Project\scripts\generate_scene_animation.py", line 482, in generate_scene_animation
    raise SceneAnimationError(format_operation_failure(operation, operation_error))
generate_scene_animation.SceneAnimationError: ʵeͦQAȺݦw]wפUGJϤ]tHyeAثeo image-to-video ]w\͡C
ĳBz覡G
1. ΤtMHyϤ
2. Χ󴫳oi scene 
3. o scene OdRAϤAϥΰʵe
error_code=3
error_message=The input image contains content that has been blocked by your current safety settings for person/face generation. If you think this was an error, send feedback.

===== BATCH SCENE 7/10 | scene_id=16 =====
STEP A generate animation prompt scene_id=16
Generating safe animation prompt for Scene 16...
prompt_source=model
saved_to=C:\Project\CAP_2000_Vocab_Project\workspaces\vocab\Ep19_0281_0290\03_storyboards\storyboard.csv
The cozy living room scene gently comes to life. John and Mary subtly adjust their posture on the couch, their attention calmly drawn to the television. On the screen, the charismatic animated hero performs soft, educational gestures with smooth, flowing movements. The camera executes a slow, deliberate micro-zoom towards the TV, highlighting the character while maintaining the wide shot composition. Subtle ambient light softly undulates, creating a tranquil atmosphere suitable for focused learning and calm observation.
PROMPT RESULT scene_id=16 status=ok
STEP B generate animation video scene_id=16
STEP 1/4 validate inputs
scene_id=16
image_path=C:\Project\CAP_2000_Vocab_Project\workspaces\vocab\Ep19_0281_0290\04_images\ai_generated\img_268.92.png
output_path=C:\Project\CAP_2000_Vocab_Project\workspaces\vocab\Ep19_0281_0290\04_images\animations\scene_16__v01.mp4
duration_seconds=5
video_model=veo-2.0-generate-001
poll_seconds=10
person_generation=allow_adult
image_mime_type=image/png
image_size_bytes=2080542
prompt_length=525
prompt_preview=The cozy living room scene gently comes to life. John and Mary subtly adjust their posture on the couch, their attention calmly drawn to the television. On the screen, the charismatic animated hero performs soft, educational gestures with smooth, flowing movements. The camera executes a slow, deliberate micro-zoom towards the TV, highlighting the character while maintaining the wide shot composition. Subtle ambient light softly undulates, creating a tranquil atmosphere suitable for focused learn
video_config={
  "http_options": null,
  "number_of_videos": 1,
  "output_gcs_uri": null,
  "fps": null,
  "duration_seconds": 5,
  "seed": null,
  "aspect_ratio": "16:9",
  "resolution": null,
  "person_generation": "allow_adult",
  "pubsub_topic": null,
  "negative_prompt": null,
  "enhance_prompt": null,
  "generate_audio": null,
  "last_frame": null,
  "reference_images": null,
  "mask": null,
  "compression_quality": null,
  "labels": null
}
STEP 2/4 submit image-to-video request
operation_submitted_done=None

===== DEBUG OPERATION [after_submit] =====
operation_type=<class 'google.genai.types.GenerateVideosOperation'>
operation_done=None
operation_name=models/veo-2.0-generate-001/operations/0vt04ivl8i4u
operation_id=None
operation_error=None
operation_metadata=null
operation_result_type=<class 'NoneType'>
operation_response_type=<class 'NoneType'>
operation_repr=GenerateVideosOperation(
  name='models/veo-2.0-generate-001/operations/0vt04ivl8i4u'
)
STEP 3/4 polling operation poll_count=1 wait_seconds=10
operation_status_done=None
operation_status_error=None
STEP 3/4 polling operation poll_count=2 wait_seconds=10
operation_status_done=None
operation_status_error=None
STEP 3/4 polling operation poll_count=3 wait_seconds=10
operation_status_done=True
operation_status_error=None

===== DEBUG OPERATION [after_polling_done] =====
operation_type=<class 'google.genai.types.GenerateVideosOperation'>
operation_done=True
operation_name=models/veo-2.0-generate-001/operations/0vt04ivl8i4u
operation_id=None
operation_error=None
operation_metadata=null
operation_result_type=<class 'google.genai.types.GenerateVideosResponse'>
operation_response_type=<class 'google.genai.types.GenerateVideosResponse'>
operation_repr=GenerateVideosOperation(
  done=True,
  name='models/veo-2.0-generate-001/operations/0vt04ivl8i4u',
  response=GenerateVideosResponse(
    generated_videos=[
      GeneratedVideo(
        video=Video(
          uri='https://generativelanguage.googleapis.com/v1beta/files/46sav0vt73bs:download?alt=media'
        )
      ),
    ]
  ),
  result=GenerateVideosResponse(
    generated_videos=[
      GeneratedVideo(
        video=Video(
          uri='https://generativelanguage.googleapis.com/v1beta/files/46sav0vt73bs:download?alt=media'
        )
      ),
    ]
  )
)

===== DEBUG RESULT [after_polling_done] =====
result_is_none=False
result_type=<class 'google.genai.types.GenerateVideosResponse'>
result_repr=GenerateVideosResponse(
  generated_videos=[
    GeneratedVideo(
      video=Video(
        uri='https://generativelanguage.googleapis.com/v1beta/files/46sav0vt73bs:download?alt=media'
      )
    ),
  ]
)
result_json={
  "generated_videos": [
    {
      "video": {
        "uri": "https://generativelanguage.googleapis.com/v1beta/files/46sav0vt73bs:download?alt=media",
        "video_bytes": null,
        "mime_type": null
      }
    }
  ],
  "rai_media_filtered_count": null,
  "rai_media_filtered_reasons": null
}
result_attrs=['construct', 'copy', 'dict', 'from_orm', 'generated_videos', 'json', 'model_computed_fields', 'model_config', 'model_construct', 'model_copy', 'model_dump', 'model_dump_json', 'model_extra', 'model_fields', 'model_fields_set', 'model_json_schema', 'model_parametrized_name', 'model_post_init', 'model_rebuild', 'model_validate', 'model_validate_json', 'model_validate_strings', 'parse_file', 'parse_obj', 'parse_raw', 'rai_media_filtered_count', 'rai_media_filtered_reasons', 'schema', 'schema_json', 'to_json_dict', 'update_forward_refs', 'validate']
generated_videos_exists=True
generated_videos_len=1
generated_video_0_type=<class 'google.genai.types.GeneratedVideo'>
generated_video_0_repr=GeneratedVideo(
  video=Video(
    uri='https://generativelanguage.googleapis.com/v1beta/files/46sav0vt73bs:download?alt=media'
  )
)
generated_video_0_json={
  "video": {
    "uri": "https://generativelanguage.googleapis.com/v1beta/files/46sav0vt73bs:download?alt=media",
    "video_bytes": null,
    "mime_type": null
  }
}
generated_video_0_video=Video(uri=https://generativelanguage.googleapis.com/v1beta/files/46sav0vt73bs:download?alt=media, video_bytes=None, mime_type=None)
generated_video_0_uri=None
generated_video_0_name=None
STEP 4/4 download generated video

===== DEBUG DOWNLOAD TARGET =====
generated_video_type=<class 'google.genai.types.GeneratedVideo'>
generated_video_repr=GeneratedVideo(
  video=Video(
    uri='https://generativelanguage.googleapis.com/v1beta/files/46sav0vt73bs:download?alt=media'
  )
)
generated_video_json={
  "video": {
    "uri": "https://generativelanguage.googleapis.com/v1beta/files/46sav0vt73bs:download?alt=media",
    "video_bytes": null,
    "mime_type": null
  }
}
download_target_type=<class 'google.genai.types.Video'>
download_target_repr=Video(uri=https://generativelanguage.googleapis.com/v1beta/files/46sav0vt73bs:download?alt=media, video_bytes=None, mime_type=None)
download_target_json={
  "uri": "https://generativelanguage.googleapis.com/v1beta/files/46sav0vt73bs:download?alt=media",
  "video_bytes": null,
  "mime_type": null
}
raw_output_path=C:\Project\CAP_2000_Vocab_Project\workspaces\vocab\Ep19_0281_0290\04_images\animations\scene_16__v01__raw.mp4
raw_video_size_bytes=622156
STEP 4.5/4 strip audio track from generated video
DONE animation generated
saved_to=C:\Project\CAP_2000_Vocab_Project\workspaces\vocab\Ep19_0281_0290\04_images\animations\scene_16__v01.mp4
DEFAULT RESULT scene_id=16 status=updated path=C:\Project\CAP_2000_Vocab_Project\workspaces\vocab\Ep19_0281_0290\04_images\animations\scene_16__v01.mp4
SCENE RESULT scene_id=16 status=ok path=C:\Project\CAP_2000_Vocab_Project\workspaces\vocab\Ep19_0281_0290\04_images\animations\scene_16__v01.mp4

===== BATCH SCENE 8/10 | scene_id=18 =====
STEP A generate animation prompt scene_id=18
Generating safe animation prompt for Scene 18...
prompt_source=model
saved_to=C:\Project\CAP_2000_Vocab_Project\workspaces\vocab\Ep19_0281_0290\03_storyboards\storyboard.csv
A cinematic wide shot subtly animates as soft ambient light gently shifts across the coffee table. The smartphone's low-battery icon on its screen displays a very gentle, rhythmic pulse, softly glowing red to indicate a need for power. The camera maintains a calm, steady focus, with imperceptible, slow movement to enhance the serene atmosphere. The scene flows smoothly, emphasizing the quiet transition to a routine charging moment, preserving a peaceful, educational tone suitable for a silent background animation.
PROMPT RESULT scene_id=18 status=ok
STEP B generate animation video scene_id=18
STEP 1/4 validate inputs
scene_id=18
image_path=C:\Project\CAP_2000_Vocab_Project\workspaces\vocab\Ep19_0281_0290\04_images\ai_generated\img_294.78.png
output_path=C:\Project\CAP_2000_Vocab_Project\workspaces\vocab\Ep19_0281_0290\04_images\animations\scene_18__v01.mp4
duration_seconds=5
video_model=veo-2.0-generate-001
poll_seconds=10
person_generation=allow_adult
image_mime_type=image/png
image_size_bytes=1883922
prompt_length=519
prompt_preview=A cinematic wide shot subtly animates as soft ambient light gently shifts across the coffee table. The smartphone's low-battery icon on its screen displays a very gentle, rhythmic pulse, softly glowing red to indicate a need for power. The camera maintains a calm, steady focus, with imperceptible, slow movement to enhance the serene atmosphere. The scene flows smoothly, emphasizing the quiet transition to a routine charging moment, preserving a peaceful, educational tone suitable for a silent ba
video_config={
  "http_options": null,
  "number_of_videos": 1,
  "output_gcs_uri": null,
  "fps": null,
  "duration_seconds": 5,
  "seed": null,
  "aspect_ratio": "16:9",
  "resolution": null,
  "person_generation": "allow_adult",
  "pubsub_topic": null,
  "negative_prompt": null,
  "enhance_prompt": null,
  "generate_audio": null,
  "last_frame": null,
  "reference_images": null,
  "mask": null,
  "compression_quality": null,
  "labels": null
}
STEP 2/4 submit image-to-video request
operation_submitted_done=None

===== DEBUG OPERATION [after_submit] =====
operation_type=<class 'google.genai.types.GenerateVideosOperation'>
operation_done=None
operation_name=models/veo-2.0-generate-001/operations/ti36k1ld7oza
operation_id=None
operation_error=None
operation_metadata=null
operation_result_type=<class 'NoneType'>
operation_response_type=<class 'NoneType'>
operation_repr=GenerateVideosOperation(
  name='models/veo-2.0-generate-001/operations/ti36k1ld7oza'
)
STEP 3/4 polling operation poll_count=1 wait_seconds=10
operation_status_done=None
operation_status_error=None
STEP 3/4 polling operation poll_count=2 wait_seconds=10
operation_status_done=None
operation_status_error=None
STEP 3/4 polling operation poll_count=3 wait_seconds=10
operation_status_done=True
operation_status_error=None

===== DEBUG OPERATION [after_polling_done] =====
operation_type=<class 'google.genai.types.GenerateVideosOperation'>
operation_done=True
operation_name=models/veo-2.0-generate-001/operations/ti36k1ld7oza
operation_id=None
operation_error=None
operation_metadata=null
operation_result_type=<class 'google.genai.types.GenerateVideosResponse'>
operation_response_type=<class 'google.genai.types.GenerateVideosResponse'>
operation_repr=GenerateVideosOperation(
  done=True,
  name='models/veo-2.0-generate-001/operations/ti36k1ld7oza',
  response=GenerateVideosResponse(
    generated_videos=[
      GeneratedVideo(
        video=Video(
          uri='https://generativelanguage.googleapis.com/v1beta/files/x34nuvjli3jl:download?alt=media'
        )
      ),
    ]
  ),
  result=GenerateVideosResponse(
    generated_videos=[
      GeneratedVideo(
        video=Video(
          uri='https://generativelanguage.googleapis.com/v1beta/files/x34nuvjli3jl:download?alt=media'
        )
      ),
    ]
  )
)

===== DEBUG RESULT [after_polling_done] =====
result_is_none=False
result_type=<class 'google.genai.types.GenerateVideosResponse'>
result_repr=GenerateVideosResponse(
  generated_videos=[
    GeneratedVideo(
      video=Video(
        uri='https://generativelanguage.googleapis.com/v1beta/files/x34nuvjli3jl:download?alt=media'
      )
    ),
  ]
)
result_json={
  "generated_videos": [
    {
      "video": {
        "uri": "https://generativelanguage.googleapis.com/v1beta/files/x34nuvjli3jl:download?alt=media",
        "video_bytes": null,
        "mime_type": null
      }
    }
  ],
  "rai_media_filtered_count": null,
  "rai_media_filtered_reasons": null
}
result_attrs=['construct', 'copy', 'dict', 'from_orm', 'generated_videos', 'json', 'model_computed_fields', 'model_config', 'model_construct', 'model_copy', 'model_dump', 'model_dump_json', 'model_extra', 'model_fields', 'model_fields_set', 'model_json_schema', 'model_parametrized_name', 'model_post_init', 'model_rebuild', 'model_validate', 'model_validate_json', 'model_validate_strings', 'parse_file', 'parse_obj', 'parse_raw', 'rai_media_filtered_count', 'rai_media_filtered_reasons', 'schema', 'schema_json', 'to_json_dict', 'update_forward_refs', 'validate']
generated_videos_exists=True
generated_videos_len=1
generated_video_0_type=<class 'google.genai.types.GeneratedVideo'>
generated_video_0_repr=GeneratedVideo(
  video=Video(
    uri='https://generativelanguage.googleapis.com/v1beta/files/x34nuvjli3jl:download?alt=media'
  )
)
generated_video_0_json={
  "video": {
    "uri": "https://generativelanguage.googleapis.com/v1beta/files/x34nuvjli3jl:download?alt=media",
    "video_bytes": null,
    "mime_type": null
  }
}
generated_video_0_video=Video(uri=https://generativelanguage.googleapis.com/v1beta/files/x34nuvjli3jl:download?alt=media, video_bytes=None, mime_type=None)
generated_video_0_uri=None
generated_video_0_name=None
STEP 4/4 download generated video

===== DEBUG DOWNLOAD TARGET =====
generated_video_type=<class 'google.genai.types.GeneratedVideo'>
generated_video_repr=GeneratedVideo(
  video=Video(
    uri='https://generativelanguage.googleapis.com/v1beta/files/x34nuvjli3jl:download?alt=media'
  )
)
generated_video_json={
  "video": {
    "uri": "https://generativelanguage.googleapis.com/v1beta/files/x34nuvjli3jl:download?alt=media",
    "video_bytes": null,
    "mime_type": null
  }
}
download_target_type=<class 'google.genai.types.Video'>
download_target_repr=Video(uri=https://generativelanguage.googleapis.com/v1beta/files/x34nuvjli3jl:download?alt=media, video_bytes=None, mime_type=None)
download_target_json={
  "uri": "https://generativelanguage.googleapis.com/v1beta/files/x34nuvjli3jl:download?alt=media",
  "video_bytes": null,
  "mime_type": null
}
raw_output_path=C:\Project\CAP_2000_Vocab_Project\workspaces\vocab\Ep19_0281_0290\04_images\animations\scene_18__v01__raw.mp4
raw_video_size_bytes=704060
STEP 4.5/4 strip audio track from generated video
DONE animation generated
saved_to=C:\Project\CAP_2000_Vocab_Project\workspaces\vocab\Ep19_0281_0290\04_images\animations\scene_18__v01.mp4
DEFAULT RESULT scene_id=18 status=updated path=C:\Project\CAP_2000_Vocab_Project\workspaces\vocab\Ep19_0281_0290\04_images\animations\scene_18__v01.mp4
SCENE RESULT scene_id=18 status=ok path=C:\Project\CAP_2000_Vocab_Project\workspaces\vocab\Ep19_0281_0290\04_images\animations\scene_18__v01.mp4

===== BATCH SCENE 9/10 | scene_id=20 =====
STEP A generate animation prompt scene_id=20
Generating safe animation prompt for Scene 20...
prompt_source=model
saved_to=C:\Project\CAP_2000_Vocab_Project\workspaces\vocab\Ep19_0281_0290\03_storyboards\storyboard.csv
A gentle scene unfolds in the podcast studio. Mary subtly shifts her stylized question mark card, which softly sways. John's hand offers a calm, inviting gesture towards the audience, preparing them for an engaging quiz. The camera executes a very slow, smooth push-out, subtly widening the view of the studio. Soft studio lights emit a warm, steady glow, fostering a peaceful and welcoming atmosphere, ensuring seamless continuity into the educational segment.
PROMPT RESULT scene_id=20 status=ok
STEP B generate animation video scene_id=20
STEP 1/4 validate inputs
scene_id=20
image_path=C:\Project\CAP_2000_Vocab_Project\workspaces\vocab\Ep19_0281_0290\04_images\ai_generated\img_324.78.png
output_path=C:\Project\CAP_2000_Vocab_Project\workspaces\vocab\Ep19_0281_0290\04_images\animations\scene_20__v01.mp4
duration_seconds=8
video_model=veo-2.0-generate-001
poll_seconds=10
person_generation=allow_adult
image_mime_type=image/png
image_size_bytes=2152823
prompt_length=461
prompt_preview=A gentle scene unfolds in the podcast studio. Mary subtly shifts her stylized question mark card, which softly sways. John's hand offers a calm, inviting gesture towards the audience, preparing them for an engaging quiz. The camera executes a very slow, smooth push-out, subtly widening the view of the studio. Soft studio lights emit a warm, steady glow, fostering a peaceful and welcoming atmosphere, ensuring seamless continuity into the educational segment.
video_config={
  "http_options": null,
  "number_of_videos": 1,
  "output_gcs_uri": null,
  "fps": null,
  "duration_seconds": 8,
  "seed": null,
  "aspect_ratio": "16:9",
  "resolution": null,
  "person_generation": "allow_adult",
  "pubsub_topic": null,
  "negative_prompt": null,
  "enhance_prompt": null,
  "generate_audio": null,
  "last_frame": null,
  "reference_images": null,
  "mask": null,
  "compression_quality": null,
  "labels": null
}
STEP 2/4 submit image-to-video request
operation_submitted_done=None

===== DEBUG OPERATION [after_submit] =====
operation_type=<class 'google.genai.types.GenerateVideosOperation'>
operation_done=None
operation_name=models/veo-2.0-generate-001/operations/ni9i12dydboz
operation_id=None
operation_error=None
operation_metadata=null
operation_result_type=<class 'NoneType'>
operation_response_type=<class 'NoneType'>
operation_repr=GenerateVideosOperation(
  name='models/veo-2.0-generate-001/operations/ni9i12dydboz'
)
STEP 3/4 polling operation poll_count=1 wait_seconds=10
operation_status_done=None
operation_status_error=None
STEP 3/4 polling operation poll_count=2 wait_seconds=10
operation_status_done=None
operation_status_error=None
STEP 3/4 polling operation poll_count=3 wait_seconds=10
operation_status_done=None
operation_status_error=None
STEP 3/4 polling operation poll_count=4 wait_seconds=10
operation_status_done=True
operation_status_error=None

===== DEBUG OPERATION [after_polling_done] =====
operation_type=<class 'google.genai.types.GenerateVideosOperation'>
operation_done=True
operation_name=models/veo-2.0-generate-001/operations/ni9i12dydboz
operation_id=None
operation_error=None
operation_metadata=null
operation_result_type=<class 'google.genai.types.GenerateVideosResponse'>
operation_response_type=<class 'google.genai.types.GenerateVideosResponse'>
operation_repr=GenerateVideosOperation(
  done=True,
  name='models/veo-2.0-generate-001/operations/ni9i12dydboz',
  response=GenerateVideosResponse(
    generated_videos=[
      GeneratedVideo(
        video=Video(
          uri='https://generativelanguage.googleapis.com/v1beta/files/yal68uwq7qj6:download?alt=media'
        )
      ),
    ]
  ),
  result=GenerateVideosResponse(
    generated_videos=[
      GeneratedVideo(
        video=Video(
          uri='https://generativelanguage.googleapis.com/v1beta/files/yal68uwq7qj6:download?alt=media'
        )
      ),
    ]
  )
)

===== DEBUG RESULT [after_polling_done] =====
result_is_none=False
result_type=<class 'google.genai.types.GenerateVideosResponse'>
result_repr=GenerateVideosResponse(
  generated_videos=[
    GeneratedVideo(
      video=Video(
        uri='https://generativelanguage.googleapis.com/v1beta/files/yal68uwq7qj6:download?alt=media'
      )
    ),
  ]
)
result_json={
  "generated_videos": [
    {
      "video": {
        "uri": "https://generativelanguage.googleapis.com/v1beta/files/yal68uwq7qj6:download?alt=media",
        "video_bytes": null,
        "mime_type": null
      }
    }
  ],
  "rai_media_filtered_count": null,
  "rai_media_filtered_reasons": null
}
result_attrs=['construct', 'copy', 'dict', 'from_orm', 'generated_videos', 'json', 'model_computed_fields', 'model_config', 'model_construct', 'model_copy', 'model_dump', 'model_dump_json', 'model_extra', 'model_fields', 'model_fields_set', 'model_json_schema', 'model_parametrized_name', 'model_post_init', 'model_rebuild', 'model_validate', 'model_validate_json', 'model_validate_strings', 'parse_file', 'parse_obj', 'parse_raw', 'rai_media_filtered_count', 'rai_media_filtered_reasons', 'schema', 'schema_json', 'to_json_dict', 'update_forward_refs', 'validate']
generated_videos_exists=True
generated_videos_len=1
generated_video_0_type=<class 'google.genai.types.GeneratedVideo'>
generated_video_0_repr=GeneratedVideo(
  video=Video(
    uri='https://generativelanguage.googleapis.com/v1beta/files/yal68uwq7qj6:download?alt=media'
  )
)
generated_video_0_json={
  "video": {
    "uri": "https://generativelanguage.googleapis.com/v1beta/files/yal68uwq7qj6:download?alt=media",
    "video_bytes": null,
    "mime_type": null
  }
}
generated_video_0_video=Video(uri=https://generativelanguage.googleapis.com/v1beta/files/yal68uwq7qj6:download?alt=media, video_bytes=None, mime_type=None)
generated_video_0_uri=None
generated_video_0_name=None
STEP 4/4 download generated video

===== DEBUG DOWNLOAD TARGET =====
generated_video_type=<class 'google.genai.types.GeneratedVideo'>
generated_video_repr=GeneratedVideo(
  video=Video(
    uri='https://generativelanguage.googleapis.com/v1beta/files/yal68uwq7qj6:download?alt=media'
  )
)
generated_video_json={
  "video": {
    "uri": "https://generativelanguage.googleapis.com/v1beta/files/yal68uwq7qj6:download?alt=media",
    "video_bytes": null,
    "mime_type": null
  }
}
download_target_type=<class 'google.genai.types.Video'>
download_target_repr=Video(uri=https://generativelanguage.googleapis.com/v1beta/files/yal68uwq7qj6:download?alt=media, video_bytes=None, mime_type=None)
download_target_json={
  "uri": "https://generativelanguage.googleapis.com/v1beta/files/yal68uwq7qj6:download?alt=media",
  "video_bytes": null,
  "mime_type": null
}
raw_output_path=C:\Project\CAP_2000_Vocab_Project\workspaces\vocab\Ep19_0281_0290\04_images\animations\scene_20__v01__raw.mp4
raw_video_size_bytes=2217901
STEP 4.5/4 strip audio track from generated video
DONE animation generated
saved_to=C:\Project\CAP_2000_Vocab_Project\workspaces\vocab\Ep19_0281_0290\04_images\animations\scene_20__v01.mp4
DEFAULT RESULT scene_id=20 status=updated path=C:\Project\CAP_2000_Vocab_Project\workspaces\vocab\Ep19_0281_0290\04_images\animations\scene_20__v01.mp4
SCENE RESULT scene_id=20 status=ok path=C:\Project\CAP_2000_Vocab_Project\workspaces\vocab\Ep19_0281_0290\04_images\animations\scene_20__v01.mp4

===== BATCH SCENE 10/10 | scene_id=22 =====
STEP A generate animation prompt scene_id=22
Generating safe animation prompt for Scene 22...
prompt_source=model
saved_to=C:\Project\CAP_2000_Vocab_Project\workspaces\vocab\Ep19_0281_0290\03_storyboards\storyboard.csv
A gentle educational outro scene unfolds as John and Mary slowly wave goodbye from their vibrant podcast studio, maintaining friendly smiles. Soft studio lighting gently illuminates the wide shot. The "Like", "Subscribe", and "Comment" icons float playfully and subtly around them, drifting upwards then softly descending in a continuous, calm loop. A very slow, almost imperceptible wide shot camera drift creates a steady, peaceful atmosphere, perfect for background animation, with John's hair and Mary's pigtails subtly swaying.
PROMPT RESULT scene_id=22 status=ok
STEP B generate animation video scene_id=22
STEP 1/4 validate inputs
scene_id=22
image_path=C:\Project\CAP_2000_Vocab_Project\workspaces\vocab\Ep19_0281_0290\04_images\ai_generated\img_356.58.png
output_path=C:\Project\CAP_2000_Vocab_Project\workspaces\vocab\Ep19_0281_0290\04_images\animations\scene_22__v01.mp4
duration_seconds=8
video_model=veo-2.0-generate-001
poll_seconds=10
person_generation=allow_adult
image_mime_type=image/png
image_size_bytes=2287436
prompt_length=532
prompt_preview=A gentle educational outro scene unfolds as John and Mary slowly wave goodbye from their vibrant podcast studio, maintaining friendly smiles. Soft studio lighting gently illuminates the wide shot. The "Like", "Subscribe", and "Comment" icons float playfully and subtly around them, drifting upwards then softly descending in a continuous, calm loop. A very slow, almost imperceptible wide shot camera drift creates a steady, peaceful atmosphere, perfect for background animation, with John's hair and
video_config={
  "http_options": null,
  "number_of_videos": 1,
  "output_gcs_uri": null,
  "fps": null,
  "duration_seconds": 8,
  "seed": null,
  "aspect_ratio": "16:9",
  "resolution": null,
  "person_generation": "allow_adult",
  "pubsub_topic": null,
  "negative_prompt": null,
  "enhance_prompt": null,
  "generate_audio": null,
  "last_frame": null,
  "reference_images": null,
  "mask": null,
  "compression_quality": null,
  "labels": null
}
STEP 2/4 submit image-to-video request
operation_submitted_done=None

===== DEBUG OPERATION [after_submit] =====
operation_type=<class 'google.genai.types.GenerateVideosOperation'>
operation_done=None
operation_name=models/veo-2.0-generate-001/operations/z2ckwof9b6ow
operation_id=None
operation_error=None
operation_metadata=null
operation_result_type=<class 'NoneType'>
operation_response_type=<class 'NoneType'>
operation_repr=GenerateVideosOperation(
  name='models/veo-2.0-generate-001/operations/z2ckwof9b6ow'
)
STEP 3/4 polling operation poll_count=1 wait_seconds=10
operation_status_done=None
operation_status_error=None
STEP 3/4 polling operation poll_count=2 wait_seconds=10
operation_status_done=None
operation_status_error=None
STEP 3/4 polling operation poll_count=3 wait_seconds=10
operation_status_done=True
operation_status_error=None

===== DEBUG OPERATION [after_polling_done] =====
operation_type=<class 'google.genai.types.GenerateVideosOperation'>
operation_done=True
operation_name=models/veo-2.0-generate-001/operations/z2ckwof9b6ow
operation_id=None
operation_error=None
operation_metadata=null
operation_result_type=<class 'google.genai.types.GenerateVideosResponse'>
operation_response_type=<class 'google.genai.types.GenerateVideosResponse'>
operation_repr=GenerateVideosOperation(
  done=True,
  name='models/veo-2.0-generate-001/operations/z2ckwof9b6ow',
  response=GenerateVideosResponse(
    generated_videos=[
      GeneratedVideo(
        video=Video(
          uri='https://generativelanguage.googleapis.com/v1beta/files/c9w2is21qkpb:download?alt=media'
        )
      ),
    ]
  ),
  result=GenerateVideosResponse(
    generated_videos=[
      GeneratedVideo(
        video=Video(
          uri='https://generativelanguage.googleapis.com/v1beta/files/c9w2is21qkpb:download?alt=media'
        )
      ),
    ]
  )
)

===== DEBUG RESULT [after_polling_done] =====
result_is_none=False
result_type=<class 'google.genai.types.GenerateVideosResponse'>
result_repr=GenerateVideosResponse(
  generated_videos=[
    GeneratedVideo(
      video=Video(
        uri='https://generativelanguage.googleapis.com/v1beta/files/c9w2is21qkpb:download?alt=media'
      )
    ),
  ]
)
result_json={
  "generated_videos": [
    {
      "video": {
        "uri": "https://generativelanguage.googleapis.com/v1beta/files/c9w2is21qkpb:download?alt=media",
        "video_bytes": null,
        "mime_type": null
      }
    }
  ],
  "rai_media_filtered_count": null,
  "rai_media_filtered_reasons": null
}
result_attrs=['construct', 'copy', 'dict', 'from_orm', 'generated_videos', 'json', 'model_computed_fields', 'model_config', 'model_construct', 'model_copy', 'model_dump', 'model_dump_json', 'model_extra', 'model_fields', 'model_fields_set', 'model_json_schema', 'model_parametrized_name', 'model_post_init', 'model_rebuild', 'model_validate', 'model_validate_json', 'model_validate_strings', 'parse_file', 'parse_obj', 'parse_raw', 'rai_media_filtered_count', 'rai_media_filtered_reasons', 'schema', 'schema_json', 'to_json_dict', 'update_forward_refs', 'validate']
generated_videos_exists=True
generated_videos_len=1
generated_video_0_type=<class 'google.genai.types.GeneratedVideo'>
generated_video_0_repr=GeneratedVideo(
  video=Video(
    uri='https://generativelanguage.googleapis.com/v1beta/files/c9w2is21qkpb:download?alt=media'
  )
)
generated_video_0_json={
  "video": {
    "uri": "https://generativelanguage.googleapis.com/v1beta/files/c9w2is21qkpb:download?alt=media",
    "video_bytes": null,
    "mime_type": null
  }
}
generated_video_0_video=Video(uri=https://generativelanguage.googleapis.com/v1beta/files/c9w2is21qkpb:download?alt=media, video_bytes=None, mime_type=None)
generated_video_0_uri=None
generated_video_0_name=None
STEP 4/4 download generated video

===== DEBUG DOWNLOAD TARGET =====
generated_video_type=<class 'google.genai.types.GeneratedVideo'>
generated_video_repr=GeneratedVideo(
  video=Video(
    uri='https://generativelanguage.googleapis.com/v1beta/files/c9w2is21qkpb:download?alt=media'
  )
)
generated_video_json={
  "video": {
    "uri": "https://generativelanguage.googleapis.com/v1beta/files/c9w2is21qkpb:download?alt=media",
    "video_bytes": null,
    "mime_type": null
  }
}
download_target_type=<class 'google.genai.types.Video'>
download_target_repr=Video(uri=https://generativelanguage.googleapis.com/v1beta/files/c9w2is21qkpb:download?alt=media, video_bytes=None, mime_type=None)
download_target_json={
  "uri": "https://generativelanguage.googleapis.com/v1beta/files/c9w2is21qkpb:download?alt=media",
  "video_bytes": null,
  "mime_type": null
}
raw_output_path=C:\Project\CAP_2000_Vocab_Project\workspaces\vocab\Ep19_0281_0290\04_images\animations\scene_22__v01__raw.mp4
raw_video_size_bytes=1938747
STEP 4.5/4 strip audio track from generated video
DONE animation generated
saved_to=C:\Project\CAP_2000_Vocab_Project\workspaces\vocab\Ep19_0281_0290\04_images\animations\scene_22__v01.mp4
DEFAULT RESULT scene_id=22 status=updated path=C:\Project\CAP_2000_Vocab_Project\workspaces\vocab\Ep19_0281_0290\04_images\animations\scene_22__v01.mp4
SCENE RESULT scene_id=22 status=ok path=C:\Project\CAP_2000_Vocab_Project\workspaces\vocab\Ep19_0281_0290\04_images\animations\scene_22__v01.mp4

===== BATCH SUMMARY =====
total=10
prompt_success=10
animation_success=7
default_updated=7
skipped=0
failed=3
prompt_success_scene_ids=1,4,6,8,10,12,16,18,20,22
animation_success_scene_ids=1,4,6,16,18,20,22
default_updated_scene_ids=1,4,6,16,18,20,22
failed_scene scene_id=8 message=ʵeͦQAȺݦw]wפUGJϤ]tHyeAثeo image-to-video ]w\͡C
ĳBz覡G
1. ΤtMHyϤ
2. Χ󴫳oi scene 
3. o scene OdRAϤAϥΰʵe
error_code=3
error_message=The input image contains content that has been blocked by your current safety settings for person/face generation. If you think this was an error, send feedback.
failed_scene scene_id=10 message=ʵeͦШDѡG400 INVALID_ARGUMENT. {'error': {'code': 400, 'message': 'The number value for `durationSeconds` is out of bound. Please provide a value between 5 and 8, inclusive.', 'status': 'INVALID_ARGUMENT'}}
failed_scene scene_id=12 message=ʵeͦQAȺݦw]wפUGJϤ]tHyeAثeo image-to-video ]w\͡C
ĳBz覡G
1. ΤtMHyϤ
2. Χ󴫳oi scene 
3. o scene OdRAϤAϥΰʵe
error_code=3
error_message=The input image contains content that has been blocked by your current safety settings for person/face generation. If you think this was an error, send feedback.
Batch completed with failures. Prompt generation and animation generation continued for later scenes.
===== BATCH ANIMATION END =====
[schedule] batch animation exit_code=1
[schedule] episode 19 failed stage 4.1 (error)
[schedule] start episode 20 (6/6) stage 4.1
[schedule] launch batch animation command=['C:\\Users\\User\\AppData\\Local\\Programs\\Python\\Python311\\python.exe', '-u', 'C:\\Project\\CAP_2000_Vocab_Project\\scripts\\generate_all_scene_animations.py', '--ep', '20']
===== BATCH ANIMATION START =====
episode=20
episode_folder=C:\Project\CAP_2000_Vocab_Project\workspaces\vocab\Ep20_0291_0300
storyboard_csv=C:\Project\CAP_2000_Vocab_Project\workspaces\vocab\Ep20_0291_0300\03_storyboards\storyboard.csv
ai_scene_count=7

===== BATCH SCENE 1/7 | scene_id=1 =====
STEP A generate animation prompt scene_id=1
Generating safe animation prompt for Scene 1...
prompt_source=model
saved_to=C:\Project\CAP_2000_Vocab_Project\workspaces\vocab\Ep20_0291_0300\03_storyboards\storyboard.csv
A gentle camera drift subtly pans across John and Mary at their podcasting desk, as they share soft, friendly glances. John offers a small, calm nod while Mary makes a gentle, inviting hand gesture towards the audience. The microphones remain still. Warm studio lighting softly shifts, maintaining a peaceful, inviting atmosphere suitable for an educational introduction with continuous, mild motion, perfect for a silent background animation.
PROMPT RESULT scene_id=1 status=ok
STEP B generate animation video scene_id=1
STEP 1/4 validate inputs
scene_id=1
image_path=C:\Project\CAP_2000_Vocab_Project\workspaces\vocab\Ep20_0291_0300\04_images\ai_generated\img_0.0.png
output_path=C:\Project\CAP_2000_Vocab_Project\workspaces\vocab\Ep20_0291_0300\04_images\animations\scene_1__v01.mp4
duration_seconds=8
video_model=veo-2.0-generate-001
poll_seconds=10
person_generation=allow_adult
image_mime_type=image/png
image_size_bytes=2202419
prompt_length=443
prompt_preview=A gentle camera drift subtly pans across John and Mary at their podcasting desk, as they share soft, friendly glances. John offers a small, calm nod while Mary makes a gentle, inviting hand gesture towards the audience. The microphones remain still. Warm studio lighting softly shifts, maintaining a peaceful, inviting atmosphere suitable for an educational introduction with continuous, mild motion, perfect for a silent background animation.
video_config={
  "http_options": null,
  "number_of_videos": 1,
  "output_gcs_uri": null,
  "fps": null,
  "duration_seconds": 8,
  "seed": null,
  "aspect_ratio": "16:9",
  "resolution": null,
  "person_generation": "allow_adult",
  "pubsub_topic": null,
  "negative_prompt": null,
  "enhance_prompt": null,
  "generate_audio": null,
  "last_frame": null,
  "reference_images": null,
  "mask": null,
  "compression_quality": null,
  "labels": null
}
STEP 2/4 submit image-to-video request
operation_submitted_done=None

===== DEBUG OPERATION [after_submit] =====
operation_type=<class 'google.genai.types.GenerateVideosOperation'>
operation_done=None
operation_name=models/veo-2.0-generate-001/operations/fzbolvixexz9
operation_id=None
operation_error=None
operation_metadata=null
operation_result_type=<class 'NoneType'>
operation_response_type=<class 'NoneType'>
operation_repr=GenerateVideosOperation(
  name='models/veo-2.0-generate-001/operations/fzbolvixexz9'
)
STEP 3/4 polling operation poll_count=1 wait_seconds=10
operation_status_done=None
operation_status_error=None
STEP 3/4 polling operation poll_count=2 wait_seconds=10
operation_status_done=None
operation_status_error=None
STEP 3/4 polling operation poll_count=3 wait_seconds=10
operation_status_done=True
operation_status_error=None

===== DEBUG OPERATION [after_polling_done] =====
operation_type=<class 'google.genai.types.GenerateVideosOperation'>
operation_done=True
operation_name=models/veo-2.0-generate-001/operations/fzbolvixexz9
operation_id=None
operation_error=None
operation_metadata=null
operation_result_type=<class 'google.genai.types.GenerateVideosResponse'>
operation_response_type=<class 'google.genai.types.GenerateVideosResponse'>
operation_repr=GenerateVideosOperation(
  done=True,
  name='models/veo-2.0-generate-001/operations/fzbolvixexz9',
  response=GenerateVideosResponse(
    generated_videos=[
      GeneratedVideo(
        video=Video(
          uri='https://generativelanguage.googleapis.com/v1beta/files/b71eihn66va0:download?alt=media'
        )
      ),
    ]
  ),
  result=GenerateVideosResponse(
    generated_videos=[
      GeneratedVideo(
        video=Video(
          uri='https://generativelanguage.googleapis.com/v1beta/files/b71eihn66va0:download?alt=media'
        )
      ),
    ]
  )
)

===== DEBUG RESULT [after_polling_done] =====
result_is_none=False
result_type=<class 'google.genai.types.GenerateVideosResponse'>
result_repr=GenerateVideosResponse(
  generated_videos=[
    GeneratedVideo(
      video=Video(
        uri='https://generativelanguage.googleapis.com/v1beta/files/b71eihn66va0:download?alt=media'
      )
    ),
  ]
)
result_json={
  "generated_videos": [
    {
      "video": {
        "uri": "https://generativelanguage.googleapis.com/v1beta/files/b71eihn66va0:download?alt=media",
        "video_bytes": null,
        "mime_type": null
      }
    }
  ],
  "rai_media_filtered_count": null,
  "rai_media_filtered_reasons": null
}
result_attrs=['construct', 'copy', 'dict', 'from_orm', 'generated_videos', 'json', 'model_computed_fields', 'model_config', 'model_construct', 'model_copy', 'model_dump', 'model_dump_json', 'model_extra', 'model_fields', 'model_fields_set', 'model_json_schema', 'model_parametrized_name', 'model_post_init', 'model_rebuild', 'model_validate', 'model_validate_json', 'model_validate_strings', 'parse_file', 'parse_obj', 'parse_raw', 'rai_media_filtered_count', 'rai_media_filtered_reasons', 'schema', 'schema_json', 'to_json_dict', 'update_forward_refs', 'validate']
generated_videos_exists=True
generated_videos_len=1
generated_video_0_type=<class 'google.genai.types.GeneratedVideo'>
generated_video_0_repr=GeneratedVideo(
  video=Video(
    uri='https://generativelanguage.googleapis.com/v1beta/files/b71eihn66va0:download?alt=media'
  )
)
generated_video_0_json={
  "video": {
    "uri": "https://generativelanguage.googleapis.com/v1beta/files/b71eihn66va0:download?alt=media",
    "video_bytes": null,
    "mime_type": null
  }
}
generated_video_0_video=Video(uri=https://generativelanguage.googleapis.com/v1beta/files/b71eihn66va0:download?alt=media, video_bytes=None, mime_type=None)
generated_video_0_uri=None
generated_video_0_name=None
STEP 4/4 download generated video

===== DEBUG DOWNLOAD TARGET =====
generated_video_type=<class 'google.genai.types.GeneratedVideo'>
generated_video_repr=GeneratedVideo(
  video=Video(
    uri='https://generativelanguage.googleapis.com/v1beta/files/b71eihn66va0:download?alt=media'
  )
)
generated_video_json={
  "video": {
    "uri": "https://generativelanguage.googleapis.com/v1beta/files/b71eihn66va0:download?alt=media",
    "video_bytes": null,
    "mime_type": null
  }
}
download_target_type=<class 'google.genai.types.Video'>
download_target_repr=Video(uri=https://generativelanguage.googleapis.com/v1beta/files/b71eihn66va0:download?alt=media, video_bytes=None, mime_type=None)
download_target_json={
  "uri": "https://generativelanguage.googleapis.com/v1beta/files/b71eihn66va0:download?alt=media",
  "video_bytes": null,
  "mime_type": null
}
raw_output_path=C:\Project\CAP_2000_Vocab_Project\workspaces\vocab\Ep20_0291_0300\04_images\animations\scene_1__v01__raw.mp4
raw_video_size_bytes=1890210
STEP 4.5/4 strip audio track from generated video
DONE animation generated
saved_to=C:\Project\CAP_2000_Vocab_Project\workspaces\vocab\Ep20_0291_0300\04_images\animations\scene_1__v01.mp4
DEFAULT RESULT scene_id=1 status=updated path=C:\Project\CAP_2000_Vocab_Project\workspaces\vocab\Ep20_0291_0300\04_images\animations\scene_1__v01.mp4
SCENE RESULT scene_id=1 status=ok path=C:\Project\CAP_2000_Vocab_Project\workspaces\vocab\Ep20_0291_0300\04_images\animations\scene_1__v01.mp4

===== BATCH SCENE 2/7 | scene_id=2 =====
STEP A generate animation prompt scene_id=2
Generating safe animation prompt for Scene 2...
prompt_source=model
saved_to=C:\Project\CAP_2000_Vocab_Project\workspaces\vocab\Ep20_0291_0300\03_storyboards\storyboard.csv
John gently gestures towards the large screen, which subtly glows, inviting attention to the 'PREVIOUS QUIZ' text. Mary offers a slight nod, maintaining a friendly, calm demeanor. The camera slowly and smoothly glides to subtly reveal the impending quiz answer display, creating a continuous, warm educational atmosphere. Subtle graphic elements gently animate on the screen, preparing for the next segment.
PROMPT RESULT scene_id=2 status=ok
STEP B generate animation video scene_id=2
STEP 1/4 validate inputs
scene_id=2
image_path=C:\Project\CAP_2000_Vocab_Project\workspaces\vocab\Ep20_0291_0300\04_images\ai_generated\img_10.42.png
output_path=C:\Project\CAP_2000_Vocab_Project\workspaces\vocab\Ep20_0291_0300\04_images\animations\scene_2__v01.mp4
duration_seconds=5
video_model=veo-2.0-generate-001
poll_seconds=10
person_generation=allow_adult
image_mime_type=image/png
image_size_bytes=2195611
prompt_length=407
prompt_preview=John gently gestures towards the large screen, which subtly glows, inviting attention to the 'PREVIOUS QUIZ' text. Mary offers a slight nod, maintaining a friendly, calm demeanor. The camera slowly and smoothly glides to subtly reveal the impending quiz answer display, creating a continuous, warm educational atmosphere. Subtle graphic elements gently animate on the screen, preparing for the next segment.
video_config={
  "http_options": null,
  "number_of_videos": 1,
  "output_gcs_uri": null,
  "fps": null,
  "duration_seconds": 5,
  "seed": null,
  "aspect_ratio": "16:9",
  "resolution": null,
  "person_generation": "allow_adult",
  "pubsub_topic": null,
  "negative_prompt": null,
  "enhance_prompt": null,
  "generate_audio": null,
  "last_frame": null,
  "reference_images": null,
  "mask": null,
  "compression_quality": null,
  "labels": null
}
STEP 2/4 submit image-to-video request
operation_submitted_done=None

===== DEBUG OPERATION [after_submit] =====
operation_type=<class 'google.genai.types.GenerateVideosOperation'>
operation_done=None
operation_name=models/veo-2.0-generate-001/operations/l2spijafbqnh
operation_id=None
operation_error=None
operation_metadata=null
operation_result_type=<class 'NoneType'>
operation_response_type=<class 'NoneType'>
operation_repr=GenerateVideosOperation(
  name='models/veo-2.0-generate-001/operations/l2spijafbqnh'
)
STEP 3/4 polling operation poll_count=1 wait_seconds=10
operation_status_done=None
operation_status_error=None
STEP 3/4 polling operation poll_count=2 wait_seconds=10
operation_status_done=None
operation_status_error=None
STEP 3/4 polling operation poll_count=3 wait_seconds=10
operation_status_done=True
operation_status_error=None

===== DEBUG OPERATION [after_polling_done] =====
operation_type=<class 'google.genai.types.GenerateVideosOperation'>
operation_done=True
operation_name=models/veo-2.0-generate-001/operations/l2spijafbqnh
operation_id=None
operation_error=None
operation_metadata=null
operation_result_type=<class 'google.genai.types.GenerateVideosResponse'>
operation_response_type=<class 'google.genai.types.GenerateVideosResponse'>
operation_repr=GenerateVideosOperation(
  done=True,
  name='models/veo-2.0-generate-001/operations/l2spijafbqnh',
  response=GenerateVideosResponse(
    generated_videos=[
      GeneratedVideo(
        video=Video(
          uri='https://generativelanguage.googleapis.com/v1beta/files/rali3gdm6pc1:download?alt=media'
        )
      ),
    ]
  ),
  result=GenerateVideosResponse(
    generated_videos=[
      GeneratedVideo(
        video=Video(
          uri='https://generativelanguage.googleapis.com/v1beta/files/rali3gdm6pc1:download?alt=media'
        )
      ),
    ]
  )
)

===== DEBUG RESULT [after_polling_done] =====
result_is_none=False
result_type=<class 'google.genai.types.GenerateVideosResponse'>
result_repr=GenerateVideosResponse(
  generated_videos=[
    GeneratedVideo(
      video=Video(
        uri='https://generativelanguage.googleapis.com/v1beta/files/rali3gdm6pc1:download?alt=media'
      )
    ),
  ]
)
result_json={
  "generated_videos": [
    {
      "video": {
        "uri": "https://generativelanguage.googleapis.com/v1beta/files/rali3gdm6pc1:download?alt=media",
        "video_bytes": null,
        "mime_type": null
      }
    }
  ],
  "rai_media_filtered_count": null,
  "rai_media_filtered_reasons": null
}
result_attrs=['construct', 'copy', 'dict', 'from_orm', 'generated_videos', 'json', 'model_computed_fields', 'model_config', 'model_construct', 'model_copy', 'model_dump', 'model_dump_json', 'model_extra', 'model_fields', 'model_fields_set', 'model_json_schema', 'model_parametrized_name', 'model_post_init', 'model_rebuild', 'model_validate', 'model_validate_json', 'model_validate_strings', 'parse_file', 'parse_obj', 'parse_raw', 'rai_media_filtered_count', 'rai_media_filtered_reasons', 'schema', 'schema_json', 'to_json_dict', 'update_forward_refs', 'validate']
generated_videos_exists=True
generated_videos_len=1
generated_video_0_type=<class 'google.genai.types.GeneratedVideo'>
generated_video_0_repr=GeneratedVideo(
  video=Video(
    uri='https://generativelanguage.googleapis.com/v1beta/files/rali3gdm6pc1:download?alt=media'
  )
)
generated_video_0_json={
  "video": {
    "uri": "https://generativelanguage.googleapis.com/v1beta/files/rali3gdm6pc1:download?alt=media",
    "video_bytes": null,
    "mime_type": null
  }
}
generated_video_0_video=Video(uri=https://generativelanguage.googleapis.com/v1beta/files/rali3gdm6pc1:download?alt=media, video_bytes=None, mime_type=None)
generated_video_0_uri=None
generated_video_0_name=None
STEP 4/4 download generated video

===== DEBUG DOWNLOAD TARGET =====
generated_video_type=<class 'google.genai.types.GeneratedVideo'>
generated_video_repr=GeneratedVideo(
  video=Video(
    uri='https://generativelanguage.googleapis.com/v1beta/files/rali3gdm6pc1:download?alt=media'
  )
)
generated_video_json={
  "video": {
    "uri": "https://generativelanguage.googleapis.com/v1beta/files/rali3gdm6pc1:download?alt=media",
    "video_bytes": null,
    "mime_type": null
  }
}
download_target_type=<class 'google.genai.types.Video'>
download_target_repr=Video(uri=https://generativelanguage.googleapis.com/v1beta/files/rali3gdm6pc1:download?alt=media, video_bytes=None, mime_type=None)
download_target_json={
  "uri": "https://generativelanguage.googleapis.com/v1beta/files/rali3gdm6pc1:download?alt=media",
  "video_bytes": null,
  "mime_type": null
}
raw_output_path=C:\Project\CAP_2000_Vocab_Project\workspaces\vocab\Ep20_0291_0300\04_images\animations\scene_2__v01__raw.mp4
raw_video_size_bytes=1377144
STEP 4.5/4 strip audio track from generated video
DONE animation generated
saved_to=C:\Project\CAP_2000_Vocab_Project\workspaces\vocab\Ep20_0291_0300\04_images\animations\scene_2__v01.mp4
DEFAULT RESULT scene_id=2 status=updated path=C:\Project\CAP_2000_Vocab_Project\workspaces\vocab\Ep20_0291_0300\04_images\animations\scene_2__v01.mp4
SCENE RESULT scene_id=2 status=ok path=C:\Project\CAP_2000_Vocab_Project\workspaces\vocab\Ep20_0291_0300\04_images\animations\scene_2__v01.mp4

===== BATCH SCENE 3/7 | scene_id=4 =====
STEP A generate animation prompt scene_id=4
Generating safe animation prompt for Scene 4...
prompt_source=model
saved_to=C:\Project\CAP_2000_Vocab_Project\workspaces\vocab\Ep20_0291_0300\03_storyboards\storyboard.csv
The camera subtly glides forward, revealing John and Mary in their podcast studio, observing the gently rotating holographic vocabulary words floating before them. They share calm, anticipatory expressions and subtle nods, Mary occasionally gesturing with a mild hand movement towards the softly glowing educational icons. The entire scene maintains a serene atmosphere of focused learning and discovery, with continuous, soft studio lighting.
PROMPT RESULT scene_id=4 status=ok
STEP B generate animation video scene_id=4
STEP 1/4 validate inputs
scene_id=4
image_path=C:\Project\CAP_2000_Vocab_Project\workspaces\vocab\Ep20_0291_0300\04_images\ai_generated\img_59.22.png
output_path=C:\Project\CAP_2000_Vocab_Project\workspaces\vocab\Ep20_0291_0300\04_images\animations\scene_4__v01.mp4
duration_seconds=8
video_model=veo-2.0-generate-001
poll_seconds=10
person_generation=allow_adult
image_mime_type=image/png
image_size_bytes=2134645
prompt_length=443
prompt_preview=The camera subtly glides forward, revealing John and Mary in their podcast studio, observing the gently rotating holographic vocabulary words floating before them. They share calm, anticipatory expressions and subtle nods, Mary occasionally gesturing with a mild hand movement towards the softly glowing educational icons. The entire scene maintains a serene atmosphere of focused learning and discovery, with continuous, soft studio lighting.
video_config={
  "http_options": null,
  "number_of_videos": 1,
  "output_gcs_uri": null,
  "fps": null,
  "duration_seconds": 8,
  "seed": null,
  "aspect_ratio": "16:9",
  "resolution": null,
  "person_generation": "allow_adult",
  "pubsub_topic": null,
  "negative_prompt": null,
  "enhance_prompt": null,
  "generate_audio": null,
  "last_frame": null,
  "reference_images": null,
  "mask": null,
  "compression_quality": null,
  "labels": null
}
STEP 2/4 submit image-to-video request
operation_submitted_done=None

===== DEBUG OPERATION [after_submit] =====
operation_type=<class 'google.genai.types.GenerateVideosOperation'>
operation_done=None
operation_name=models/veo-2.0-generate-001/operations/76ta5dachksw
operation_id=None
operation_error=None
operation_metadata=null
operation_result_type=<class 'NoneType'>
operation_response_type=<class 'NoneType'>
operation_repr=GenerateVideosOperation(
  name='models/veo-2.0-generate-001/operations/76ta5dachksw'
)
STEP 3/4 polling operation poll_count=1 wait_seconds=10
operation_status_done=None
operation_status_error=None
STEP 3/4 polling operation poll_count=2 wait_seconds=10
operation_status_done=None
operation_status_error=None
STEP 3/4 polling operation poll_count=3 wait_seconds=10
operation_status_done=None
operation_status_error=None
STEP 3/4 polling operation poll_count=4 wait_seconds=10
operation_status_done=True
operation_status_error=None

===== DEBUG OPERATION [after_polling_done] =====
operation_type=<class 'google.genai.types.GenerateVideosOperation'>
operation_done=True
operation_name=models/veo-2.0-generate-001/operations/76ta5dachksw
operation_id=None
operation_error=None
operation_metadata=null
operation_result_type=<class 'google.genai.types.GenerateVideosResponse'>
operation_response_type=<class 'google.genai.types.GenerateVideosResponse'>
operation_repr=GenerateVideosOperation(
  done=True,
  name='models/veo-2.0-generate-001/operations/76ta5dachksw',
  response=GenerateVideosResponse(
    generated_videos=[
      GeneratedVideo(
        video=Video(
          uri='https://generativelanguage.googleapis.com/v1beta/files/82k2xme3o89l:download?alt=media'
        )
      ),
    ]
  ),
  result=GenerateVideosResponse(
    generated_videos=[
      GeneratedVideo(
        video=Video(
          uri='https://generativelanguage.googleapis.com/v1beta/files/82k2xme3o89l:download?alt=media'
        )
      ),
    ]
  )
)

===== DEBUG RESULT [after_polling_done] =====
result_is_none=False
result_type=<class 'google.genai.types.GenerateVideosResponse'>
result_repr=GenerateVideosResponse(
  generated_videos=[
    GeneratedVideo(
      video=Video(
        uri='https://generativelanguage.googleapis.com/v1beta/files/82k2xme3o89l:download?alt=media'
      )
    ),
  ]
)
result_json={
  "generated_videos": [
    {
      "video": {
        "uri": "https://generativelanguage.googleapis.com/v1beta/files/82k2xme3o89l:download?alt=media",
        "video_bytes": null,
        "mime_type": null
      }
    }
  ],
  "rai_media_filtered_count": null,
  "rai_media_filtered_reasons": null
}
result_attrs=['construct', 'copy', 'dict', 'from_orm', 'generated_videos', 'json', 'model_computed_fields', 'model_config', 'model_construct', 'model_copy', 'model_dump', 'model_dump_json', 'model_extra', 'model_fields', 'model_fields_set', 'model_json_schema', 'model_parametrized_name', 'model_post_init', 'model_rebuild', 'model_validate', 'model_validate_json', 'model_validate_strings', 'parse_file', 'parse_obj', 'parse_raw', 'rai_media_filtered_count', 'rai_media_filtered_reasons', 'schema', 'schema_json', 'to_json_dict', 'update_forward_refs', 'validate']
generated_videos_exists=True
generated_videos_len=1
generated_video_0_type=<class 'google.genai.types.GeneratedVideo'>
generated_video_0_repr=GeneratedVideo(
  video=Video(
    uri='https://generativelanguage.googleapis.com/v1beta/files/82k2xme3o89l:download?alt=media'
  )
)
generated_video_0_json={
  "video": {
    "uri": "https://generativelanguage.googleapis.com/v1beta/files/82k2xme3o89l:download?alt=media",
    "video_bytes": null,
    "mime_type": null
  }
}
generated_video_0_video=Video(uri=https://generativelanguage.googleapis.com/v1beta/files/82k2xme3o89l:download?alt=media, video_bytes=None, mime_type=None)
generated_video_0_uri=None
generated_video_0_name=None
STEP 4/4 download generated video

===== DEBUG DOWNLOAD TARGET =====
generated_video_type=<class 'google.genai.types.GeneratedVideo'>
generated_video_repr=GeneratedVideo(
  video=Video(
    uri='https://generativelanguage.googleapis.com/v1beta/files/82k2xme3o89l:download?alt=media'
  )
)
generated_video_json={
  "video": {
    "uri": "https://generativelanguage.googleapis.com/v1beta/files/82k2xme3o89l:download?alt=media",
    "video_bytes": null,
    "mime_type": null
  }
}
download_target_type=<class 'google.genai.types.Video'>
download_target_repr=Video(uri=https://generativelanguage.googleapis.com/v1beta/files/82k2xme3o89l:download?alt=media, video_bytes=None, mime_type=None)
download_target_json={
  "uri": "https://generativelanguage.googleapis.com/v1beta/files/82k2xme3o89l:download?alt=media",
  "video_bytes": null,
  "mime_type": null
}
raw_output_path=C:\Project\CAP_2000_Vocab_Project\workspaces\vocab\Ep20_0291_0300\04_images\animations\scene_4__v01__raw.mp4
raw_video_size_bytes=2228916
STEP 4.5/4 strip audio track from generated video
DONE animation generated
saved_to=C:\Project\CAP_2000_Vocab_Project\workspaces\vocab\Ep20_0291_0300\04_images\animations\scene_4__v01.mp4
DEFAULT RESULT scene_id=4 status=updated path=C:\Project\CAP_2000_Vocab_Project\workspaces\vocab\Ep20_0291_0300\04_images\animations\scene_4__v01.mp4
SCENE RESULT scene_id=4 status=ok path=C:\Project\CAP_2000_Vocab_Project\workspaces\vocab\Ep20_0291_0300\04_images\animations\scene_4__v01.mp4

===== BATCH SCENE 4/7 | scene_id=11 =====
STEP A generate animation prompt scene_id=11
Generating safe animation prompt for Scene 11...
prompt_source=model
saved_to=C:\Project\CAP_2000_Vocab_Project\workspaces\vocab\Ep20_0291_0300\03_storyboards\storyboard.csv
A vibrant 3D cartoon sports stadium is shown in a wide, cinematic shot. Fans in the stands gently sway and offer mild, encouraging gestures with soft smiles. Subtle shifts in the stadium's dynamic lighting create a pleasant, inviting atmosphere. The camera slowly and smoothly pans across the friendly crowd, revealing the detailed scene with a calm, educational flow.
PROMPT RESULT scene_id=11 status=ok
STEP B generate animation video scene_id=11
STEP 1/4 validate inputs
scene_id=11
image_path=C:\Project\CAP_2000_Vocab_Project\workspaces\vocab\Ep20_0291_0300\04_images\ai_generated\img_248.9.png
output_path=C:\Project\CAP_2000_Vocab_Project\workspaces\vocab\Ep20_0291_0300\04_images\animations\scene_11__v01.mp4
duration_seconds=4
video_model=veo-2.0-generate-001
poll_seconds=10
person_generation=allow_adult
image_mime_type=image/png
image_size_bytes=3263198
prompt_length=368
prompt_preview=A vibrant 3D cartoon sports stadium is shown in a wide, cinematic shot. Fans in the stands gently sway and offer mild, encouraging gestures with soft smiles. Subtle shifts in the stadium's dynamic lighting create a pleasant, inviting atmosphere. The camera slowly and smoothly pans across the friendly crowd, revealing the detailed scene with a calm, educational flow.
video_config={
  "http_options": null,
  "number_of_videos": 1,
  "output_gcs_uri": null,
  "fps": null,
  "duration_seconds": 4,
  "seed": null,
  "aspect_ratio": "16:9",
  "resolution": null,
  "person_generation": "allow_adult",
  "pubsub_topic": null,
  "negative_prompt": null,
  "enhance_prompt": null,
  "generate_audio": null,
  "last_frame": null,
  "reference_images": null,
  "mask": null,
  "compression_quality": null,
  "labels": null
}
STEP 2/4 submit image-to-video request
SCENE RESULT scene_id=11 status=error error=ʵeͦШDѡG400 INVALID_ARGUMENT. {'error': {'code': 400, 'message': 'The number value for `durationSeconds` is out of bound. Please provide a value between 5 and 8, inclusive.', 'status': 'INVALID_ARGUMENT'}}
Traceback (most recent call last):
  File "C:\Project\CAP_2000_Vocab_Project\scripts\generate_scene_animation.py", line 420, in generate_scene_animation
    operation = client.models.generate_videos(
                ^^^^^^^^^^^^^^^^^^^^^^^^^^^^^^
  File "C:\Users\User\AppData\Local\Programs\Python\Python311\Lib\site-packages\google\genai\models.py", line 6531, in generate_videos
    return self._generate_videos(
           ^^^^^^^^^^^^^^^^^^^^^^
  File "C:\Users\User\AppData\Local\Programs\Python\Python311\Lib\site-packages\google\genai\models.py", line 5815, in _generate_videos
    response = self._api_client.request(
               ^^^^^^^^^^^^^^^^^^^^^^^^^
  File "C:\Users\User\AppData\Local\Programs\Python\Python311\Lib\site-packages\google\genai\_api_client.py", line 1532, in request
    response = self._request(http_request, http_options, stream=False)
               ^^^^^^^^^^^^^^^^^^^^^^^^^^^^^^^^^^^^^^^^^^^^^^^^^^^^^^^
  File "C:\Users\User\AppData\Local\Programs\Python\Python311\Lib\site-packages\google\genai\_api_client.py", line 1327, in _request
    return self._retry(self._request_once, http_request, stream)  # type: ignore[no-any-return]
           ^^^^^^^^^^^^^^^^^^^^^^^^^^^^^^^^^^^^^^^^^^^^^^^^^^^^^
  File "C:\Users\User\AppData\Local\Programs\Python\Python311\Lib\site-packages\tenacity\__init__.py", line 470, in __call__
    do = self.iter(retry_state=retry_state)
         ^^^^^^^^^^^^^^^^^^^^^^^^^^^^^^^^^^
  File "C:\Users\User\AppData\Local\Programs\Python\Python311\Lib\site-packages\tenacity\__init__.py", line 371, in iter
    result = action(retry_state)
             ^^^^^^^^^^^^^^^^^^^
  File "C:\Users\User\AppData\Local\Programs\Python\Python311\Lib\site-packages\tenacity\__init__.py", line 413, in exc_check
    raise retry_exc.reraise()
          ^^^^^^^^^^^^^^^^^^^
  File "C:\Users\User\AppData\Local\Programs\Python\Python311\Lib\site-packages\tenacity\__init__.py", line 184, in reraise
    raise self.last_attempt.result()
          ^^^^^^^^^^^^^^^^^^^^^^^^^^
  File "C:\Users\User\AppData\Local\Programs\Python\Python311\Lib\concurrent\futures\_base.py", line 449, in result
    return self.__get_result()
           ^^^^^^^^^^^^^^^^^^^
  File "C:\Users\User\AppData\Local\Programs\Python\Python311\Lib\concurrent\futures\_base.py", line 401, in __get_result
    raise self._exception
  File "C:\Users\User\AppData\Local\Programs\Python\Python311\Lib\site-packages\tenacity\__init__.py", line 473, in __call__
    result = fn(*args, **kwargs)
             ^^^^^^^^^^^^^^^^^^^
  File "C:\Users\User\AppData\Local\Programs\Python\Python311\Lib\site-packages\google\genai\_api_client.py", line 1304, in _request_once
    errors.APIError.raise_for_response(response)
  File "C:\Users\User\AppData\Local\Programs\Python\Python311\Lib\site-packages\google\genai\errors.py", line 155, in raise_for_response
    cls.raise_error(response.status_code, response_json, response)
  File "C:\Users\User\AppData\Local\Programs\Python\Python311\Lib\site-packages\google\genai\errors.py", line 184, in raise_error
    raise ClientError(status_code, response_json, response)
google.genai.errors.ClientError: 400 INVALID_ARGUMENT. {'error': {'code': 400, 'message': 'The number value for `durationSeconds` is out of bound. Please provide a value between 5 and 8, inclusive.', 'status': 'INVALID_ARGUMENT'}}

The above exception was the direct cause of the following exception:

Traceback (most recent call last):
  File "C:\Project\CAP_2000_Vocab_Project\scripts\generate_all_scene_animations.py", line 170, in run_batch_animation_for_episode
    output_path = generate_scene_animation(ep_num, scene_id)
                  ^^^^^^^^^^^^^^^^^^^^^^^^^^^^^^^^^^^^^^^^^^
  File "C:\Project\CAP_2000_Vocab_Project\scripts\generate_scene_animation.py", line 439, in generate_scene_animation
    raise SceneAnimationError(f"ʵeͦШDѡG{e}") from e
generate_scene_animation.SceneAnimationError: ʵeͦШDѡG400 INVALID_ARGUMENT. {'error': {'code': 400, 'message': 'The number value for `durationSeconds` is out of bound. Please provide a value between 5 and 8, inclusive.', 'status': 'INVALID_ARGUMENT'}}

===== BATCH SCENE 5/7 | scene_id=14 =====
STEP A generate animation prompt scene_id=14
Generating safe animation prompt for Scene 14...
prompt_source=model
saved_to=C:\Project\CAP_2000_Vocab_Project\workspaces\vocab\Ep20_0291_0300\03_storyboards\storyboard.csv
A gentle breeze subtly ruffles John's hair and Mary's pigtails as they stand calmly on the sports field sidelines. John subtly brings a hand to his stomach with a mild, introspective gesture, signaling a natural energy need. Mary offers a warm, encouraging smile, then gently gestures with an open hand towards the inviting food stand in the distance. The camera slowly tracks or very subtly pans right, smoothly revealing a bit more of the background. The scene maintains a peaceful, educational atmosphere for seamless continuity.
PROMPT RESULT scene_id=14 status=ok
STEP B generate animation video scene_id=14
STEP 1/4 validate inputs
scene_id=14
image_path=C:\Project\CAP_2000_Vocab_Project\workspaces\vocab\Ep20_0291_0300\04_images\ai_generated\img_289.48.png
output_path=C:\Project\CAP_2000_Vocab_Project\workspaces\vocab\Ep20_0291_0300\04_images\animations\scene_14__v01.mp4
duration_seconds=7
video_model=veo-2.0-generate-001
poll_seconds=10
person_generation=allow_adult
image_mime_type=image/png
image_size_bytes=2280672
prompt_length=532
prompt_preview=A gentle breeze subtly ruffles John's hair and Mary's pigtails as they stand calmly on the sports field sidelines. John subtly brings a hand to his stomach with a mild, introspective gesture, signaling a natural energy need. Mary offers a warm, encouraging smile, then gently gestures with an open hand towards the inviting food stand in the distance. The camera slowly tracks or very subtly pans right, smoothly revealing a bit more of the background. The scene maintains a peaceful, educational atm
video_config={
  "http_options": null,
  "number_of_videos": 1,
  "output_gcs_uri": null,
  "fps": null,
  "duration_seconds": 7,
  "seed": null,
  "aspect_ratio": "16:9",
  "resolution": null,
  "person_generation": "allow_adult",
  "pubsub_topic": null,
  "negative_prompt": null,
  "enhance_prompt": null,
  "generate_audio": null,
  "last_frame": null,
  "reference_images": null,
  "mask": null,
  "compression_quality": null,
  "labels": null
}
STEP 2/4 submit image-to-video request
operation_submitted_done=None

===== DEBUG OPERATION [after_submit] =====
operation_type=<class 'google.genai.types.GenerateVideosOperation'>
operation_done=None
operation_name=models/veo-2.0-generate-001/operations/vac3ysy3m3so
operation_id=None
operation_error=None
operation_metadata=null
operation_result_type=<class 'NoneType'>
operation_response_type=<class 'NoneType'>
operation_repr=GenerateVideosOperation(
  name='models/veo-2.0-generate-001/operations/vac3ysy3m3so'
)
STEP 3/4 polling operation poll_count=1 wait_seconds=10
operation_status_done=True
operation_status_error={'code': 3, 'message': "The prompt could not be submitted. This prompt contains sensitive words that violate Google's Responsible AI practices. Try rephrasing your prompt, or contact your Google representative to request allowlisting."}

===== DEBUG OPERATION [after_polling_done] =====
operation_type=<class 'google.genai.types.GenerateVideosOperation'>
operation_done=True
operation_name=models/veo-2.0-generate-001/operations/vac3ysy3m3so
operation_id=None
operation_error={'code': 3, 'message': "The prompt could not be submitted. This prompt contains sensitive words that violate Google's Responsible AI practices. Try rephrasing your prompt, or contact your Google representative to request allowlisting."}
operation_metadata=null
operation_result_type=<class 'NoneType'>
operation_response_type=<class 'NoneType'>
operation_repr=GenerateVideosOperation(
  done=True,
  error={
    'code': 3,
    'message': "The prompt could not be submitted. This prompt contains sensitive words that violate Google's Responsible AI practices. Try rephrasing your prompt, or contact your Google representative to request allowlisting."
  },
  name='models/veo-2.0-generate-001/operations/vac3ysy3m3so'
)

===== DEBUG RESULT [after_polling_done] =====
result_is_none=True
result_type=<class 'NoneType'>
WARN safe_prompt_retry scene_id=14 reason=operation_error
retry_animation_prompt=A calm educational animation of [0:04:49.480000-->0:04:49.780000] L, | [0:04:50.020000-->0:04:51.800000] ۰հնbۤ@, | [0:04:51.980000-->0:04:53.080000] {lnSjFC | [0:04:53.240000-->0:04:53.600000] , | [0:04:53.740000-->0:04:56.440000] AݭnɥR@IqFC, with subtle breathing, gentle head turns, small hand gestures, soft infographic motion, and slow camera drift. Keep the original subjects, layout, props, and colors unchanged. Maintain friendly expressions, soft studio lighting, light background parallax, and smooth Pixar-like continuity throughout.
STEP 2/4 submit image-to-video request
operation_submitted_done=None

===== DEBUG OPERATION [after_submit] =====
operation_type=<class 'google.genai.types.GenerateVideosOperation'>
operation_done=None
operation_name=models/veo-2.0-generate-001/operations/pql50wt7bs3l
operation_id=None
operation_error=None
operation_metadata=null
operation_result_type=<class 'NoneType'>
operation_response_type=<class 'NoneType'>
operation_repr=GenerateVideosOperation(
  name='models/veo-2.0-generate-001/operations/pql50wt7bs3l'
)
STEP 3/4 polling operation poll_count=1 wait_seconds=10
operation_status_done=None
operation_status_error=None
STEP 3/4 polling operation poll_count=2 wait_seconds=10
operation_status_done=None
operation_status_error=None
STEP 3/4 polling operation poll_count=3 wait_seconds=10
operation_status_done=None
operation_status_error=None
STEP 3/4 polling operation poll_count=4 wait_seconds=10
operation_status_done=True
operation_status_error=None

===== DEBUG OPERATION [after_polling_done] =====
operation_type=<class 'google.genai.types.GenerateVideosOperation'>
operation_done=True
operation_name=models/veo-2.0-generate-001/operations/pql50wt7bs3l
operation_id=None
operation_error=None
operation_metadata=null
operation_result_type=<class 'google.genai.types.GenerateVideosResponse'>
operation_response_type=<class 'google.genai.types.GenerateVideosResponse'>
operation_repr=GenerateVideosOperation(
  done=True,
  name='models/veo-2.0-generate-001/operations/pql50wt7bs3l',
  response=GenerateVideosResponse(
    rai_media_filtered_count=1,
    rai_media_filtered_reasons=[
      "1 videos were filtered out because they violated Gemini API's usage guidelines. You will not be charged for blocked videos. Try rephrasing the prompt. If you think this was an error, send feedback.",
    ]
  ),
  result=GenerateVideosResponse(
    rai_media_filtered_count=1,
    rai_media_filtered_reasons=[
      "1 videos were filtered out because they violated Gemini API's usage guidelines. You will not be charged for blocked videos. Try rephrasing the prompt. If you think this was an error, send feedback.",
    ]
  )
)

===== DEBUG RESULT [after_polling_done] =====
result_is_none=False
result_type=<class 'google.genai.types.GenerateVideosResponse'>
result_repr=GenerateVideosResponse(
  rai_media_filtered_count=1,
  rai_media_filtered_reasons=[
    "1 videos were filtered out because they violated Gemini API's usage guidelines. You will not be charged for blocked videos. Try rephrasing the prompt. If you think this was an error, send feedback.",
  ]
)
result_json={
  "generated_videos": null,
  "rai_media_filtered_count": 1,
  "rai_media_filtered_reasons": [
    "1 videos were filtered out because they violated Gemini API's usage guidelines. You will not be charged for blocked videos. Try rephrasing the prompt. If you think this was an error, send feedback."
  ]
}
result_attrs=['construct', 'copy', 'dict', 'from_orm', 'generated_videos', 'json', 'model_computed_fields', 'model_config', 'model_construct', 'model_copy', 'model_dump', 'model_dump_json', 'model_extra', 'model_fields', 'model_fields_set', 'model_json_schema', 'model_parametrized_name', 'model_post_init', 'model_rebuild', 'model_validate', 'model_validate_json', 'model_validate_strings', 'parse_file', 'parse_obj', 'parse_raw', 'rai_media_filtered_count', 'rai_media_filtered_reasons', 'schema', 'schema_json', 'to_json_dict', 'update_forward_refs', 'validate']
generated_videos_exists=False
SCENE RESULT scene_id=14 status=error error=ʵeͦ@~wAXvQAȺݤef/ϥάFLoA]S^iUvC
ĳBz覡G
1. sg animation promptAקKMIBˡBĬΨLiĲoFyz
2. CHjסA令󤤩ʡBоǦBũMʧ@
3. Yo scene @QסAOdRAϤAϥΰʵe
filtered_count=1
filtered_reasons=
1 videos were filtered out because they violated Gemini API's usage guidelines. You will not be charged for blocked videos. Try rephrasing the prompt. If you think this was an error, send feedback.
Traceback (most recent call last):
  File "C:\Project\CAP_2000_Vocab_Project\scripts\generate_all_scene_animations.py", line 170, in run_batch_animation_for_episode
    output_path = generate_scene_animation(ep_num, scene_id)
                  ^^^^^^^^^^^^^^^^^^^^^^^^^^^^^^^^^^^^^^^^^^
  File "C:\Project\CAP_2000_Vocab_Project\scripts\generate_scene_animation.py", line 503, in generate_scene_animation
    raise SceneAnimationError(format_result_policy_filtered(result))
generate_scene_animation.SceneAnimationError: ʵeͦ@~wAXvQAȺݤef/ϥάFLoA]S^iUvC
ĳBz覡G
1. sg animation promptAקKMIBˡBĬΨLiĲoFyz
2. CHjסA令󤤩ʡBоǦBũMʧ@
3. Yo scene @QסAOdRAϤAϥΰʵe
filtered_count=1
filtered_reasons=
1 videos were filtered out because they violated Gemini API's usage guidelines. You will not be charged for blocked videos. Try rephrasing the prompt. If you think this was an error, send feedback.

===== BATCH SCENE 6/7 | scene_id=17 =====
STEP A generate animation prompt scene_id=17
Generating safe animation prompt for Scene 17...
prompt_source=model
saved_to=C:\Project\CAP_2000_Vocab_Project\workspaces\vocab\Ep20_0291_0300\03_storyboards\storyboard.csv
A gentle, slow camera pull back slightly reveals the educational podcast studio. John and Mary exhibit subtle, calm hand gestures and slight head turns, indicating quiet anticipation. The large question mark icon on the screen behind them softly pulses with a gentle, continuous glow. The atmosphere remains peaceful and focused, preparing for the upcoming educational quiz segment with a seamless, flowing transition.
PROMPT RESULT scene_id=17 status=ok
STEP B generate animation video scene_id=17
STEP 1/4 validate inputs
scene_id=17
image_path=C:\Project\CAP_2000_Vocab_Project\workspaces\vocab\Ep20_0291_0300\04_images\ai_generated\img_398.56.png
output_path=C:\Project\CAP_2000_Vocab_Project\workspaces\vocab\Ep20_0291_0300\04_images\animations\scene_17__v01.mp4
duration_seconds=7
video_model=veo-2.0-generate-001
poll_seconds=10
person_generation=allow_adult
image_mime_type=image/png
image_size_bytes=1849287
prompt_length=418
prompt_preview=A gentle, slow camera pull back slightly reveals the educational podcast studio. John and Mary exhibit subtle, calm hand gestures and slight head turns, indicating quiet anticipation. The large question mark icon on the screen behind them softly pulses with a gentle, continuous glow. The atmosphere remains peaceful and focused, preparing for the upcoming educational quiz segment with a seamless, flowing transition.
video_config={
  "http_options": null,
  "number_of_videos": 1,
  "output_gcs_uri": null,
  "fps": null,
  "duration_seconds": 7,
  "seed": null,
  "aspect_ratio": "16:9",
  "resolution": null,
  "person_generation": "allow_adult",
  "pubsub_topic": null,
  "negative_prompt": null,
  "enhance_prompt": null,
  "generate_audio": null,
  "last_frame": null,
  "reference_images": null,
  "mask": null,
  "compression_quality": null,
  "labels": null
}
STEP 2/4 submit image-to-video request
operation_submitted_done=None

===== DEBUG OPERATION [after_submit] =====
operation_type=<class 'google.genai.types.GenerateVideosOperation'>
operation_done=None
operation_name=models/veo-2.0-generate-001/operations/56aahqf346iw
operation_id=None
operation_error=None
operation_metadata=null
operation_result_type=<class 'NoneType'>
operation_response_type=<class 'NoneType'>
operation_repr=GenerateVideosOperation(
  name='models/veo-2.0-generate-001/operations/56aahqf346iw'
)
STEP 3/4 polling operation poll_count=1 wait_seconds=10
operation_status_done=None
operation_status_error=None
STEP 3/4 polling operation poll_count=2 wait_seconds=10
operation_status_done=None
operation_status_error=None
STEP 3/4 polling operation poll_count=3 wait_seconds=10
operation_status_done=True
operation_status_error=None

===== DEBUG OPERATION [after_polling_done] =====
operation_type=<class 'google.genai.types.GenerateVideosOperation'>
operation_done=True
operation_name=models/veo-2.0-generate-001/operations/56aahqf346iw
operation_id=None
operation_error=None
operation_metadata=null
operation_result_type=<class 'google.genai.types.GenerateVideosResponse'>
operation_response_type=<class 'google.genai.types.GenerateVideosResponse'>
operation_repr=GenerateVideosOperation(
  done=True,
  name='models/veo-2.0-generate-001/operations/56aahqf346iw',
  response=GenerateVideosResponse(
    rai_media_filtered_count=1,
    rai_media_filtered_reasons=[
      "1 videos were filtered out because they violated Gemini API's usage guidelines. You will not be charged for blocked videos. Try rephrasing the prompt. If you think this was an error, send feedback.",
    ]
  ),
  result=GenerateVideosResponse(
    rai_media_filtered_count=1,
    rai_media_filtered_reasons=[
      "1 videos were filtered out because they violated Gemini API's usage guidelines. You will not be charged for blocked videos. Try rephrasing the prompt. If you think this was an error, send feedback.",
    ]
  )
)

===== DEBUG RESULT [after_polling_done] =====
result_is_none=False
result_type=<class 'google.genai.types.GenerateVideosResponse'>
result_repr=GenerateVideosResponse(
  rai_media_filtered_count=1,
  rai_media_filtered_reasons=[
    "1 videos were filtered out because they violated Gemini API's usage guidelines. You will not be charged for blocked videos. Try rephrasing the prompt. If you think this was an error, send feedback.",
  ]
)
result_json={
  "generated_videos": null,
  "rai_media_filtered_count": 1,
  "rai_media_filtered_reasons": [
    "1 videos were filtered out because they violated Gemini API's usage guidelines. You will not be charged for blocked videos. Try rephrasing the prompt. If you think this was an error, send feedback."
  ]
}
result_attrs=['construct', 'copy', 'dict', 'from_orm', 'generated_videos', 'json', 'model_computed_fields', 'model_config', 'model_construct', 'model_copy', 'model_dump', 'model_dump_json', 'model_extra', 'model_fields', 'model_fields_set', 'model_json_schema', 'model_parametrized_name', 'model_post_init', 'model_rebuild', 'model_validate', 'model_validate_json', 'model_validate_strings', 'parse_file', 'parse_obj', 'parse_raw', 'rai_media_filtered_count', 'rai_media_filtered_reasons', 'schema', 'schema_json', 'to_json_dict', 'update_forward_refs', 'validate']
generated_videos_exists=False
WARN safe_prompt_retry scene_id=17 reason=policy_filtered
retry_animation_prompt=A calm educational animation of [0:06:38.560000-->0:06:38.800000] n, | [0:06:39.100000-->0:06:41.320000] gFoh_rs, | [0:06:41.480000-->0:06:42.780000] W禬@UC | [0:06:43.160000-->0:06:46.140000] SFڭHp窺ɶoC, with subtle breathing, gentle head turns, small hand gestures, soft infographic motion, and slow camera drift. Keep the original subjects, layout, props, and colors unchanged. Maintain friendly expressions, soft studio lighting, light background parallax, and smooth Pixar-like continuity throughout.
STEP 2/4 submit image-to-video request
operation_submitted_done=None

===== DEBUG OPERATION [after_submit] =====
operation_type=<class 'google.genai.types.GenerateVideosOperation'>
operation_done=None
operation_name=models/veo-2.0-generate-001/operations/5lvmnz2d13l3
operation_id=None
operation_error=None
operation_metadata=null
operation_result_type=<class 'NoneType'>
operation_response_type=<class 'NoneType'>
operation_repr=GenerateVideosOperation(
  name='models/veo-2.0-generate-001/operations/5lvmnz2d13l3'
)
STEP 3/4 polling operation poll_count=1 wait_seconds=10
operation_status_done=None
operation_status_error=None
STEP 3/4 polling operation poll_count=2 wait_seconds=10
operation_status_done=None
operation_status_error=None
STEP 3/4 polling operation poll_count=3 wait_seconds=10
operation_status_done=None
operation_status_error=None
STEP 3/4 polling operation poll_count=4 wait_seconds=10
operation_status_done=True
operation_status_error=None

===== DEBUG OPERATION [after_polling_done] =====
operation_type=<class 'google.genai.types.GenerateVideosOperation'>
operation_done=True
operation_name=models/veo-2.0-generate-001/operations/5lvmnz2d13l3
operation_id=None
operation_error=None
operation_metadata=null
operation_result_type=<class 'google.genai.types.GenerateVideosResponse'>
operation_response_type=<class 'google.genai.types.GenerateVideosResponse'>
operation_repr=GenerateVideosOperation(
  done=True,
  name='models/veo-2.0-generate-001/operations/5lvmnz2d13l3',
  response=GenerateVideosResponse(
    generated_videos=[
      GeneratedVideo(
        video=Video(
          uri='https://generativelanguage.googleapis.com/v1beta/files/2065qt0fo7yq:download?alt=media'
        )
      ),
    ]
  ),
  result=GenerateVideosResponse(
    generated_videos=[
      GeneratedVideo(
        video=Video(
          uri='https://generativelanguage.googleapis.com/v1beta/files/2065qt0fo7yq:download?alt=media'
        )
      ),
    ]
  )
)

===== DEBUG RESULT [after_polling_done] =====
result_is_none=False
result_type=<class 'google.genai.types.GenerateVideosResponse'>
result_repr=GenerateVideosResponse(
  generated_videos=[
    GeneratedVideo(
      video=Video(
        uri='https://generativelanguage.googleapis.com/v1beta/files/2065qt0fo7yq:download?alt=media'
      )
    ),
  ]
)
result_json={
  "generated_videos": [
    {
      "video": {
        "uri": "https://generativelanguage.googleapis.com/v1beta/files/2065qt0fo7yq:download?alt=media",
        "video_bytes": null,
        "mime_type": null
      }
    }
  ],
  "rai_media_filtered_count": null,
  "rai_media_filtered_reasons": null
}
result_attrs=['construct', 'copy', 'dict', 'from_orm', 'generated_videos', 'json', 'model_computed_fields', 'model_config', 'model_construct', 'model_copy', 'model_dump', 'model_dump_json', 'model_extra', 'model_fields', 'model_fields_set', 'model_json_schema', 'model_parametrized_name', 'model_post_init', 'model_rebuild', 'model_validate', 'model_validate_json', 'model_validate_strings', 'parse_file', 'parse_obj', 'parse_raw', 'rai_media_filtered_count', 'rai_media_filtered_reasons', 'schema', 'schema_json', 'to_json_dict', 'update_forward_refs', 'validate']
generated_videos_exists=True
generated_videos_len=1
generated_video_0_type=<class 'google.genai.types.GeneratedVideo'>
generated_video_0_repr=GeneratedVideo(
  video=Video(
    uri='https://generativelanguage.googleapis.com/v1beta/files/2065qt0fo7yq:download?alt=media'
  )
)
generated_video_0_json={
  "video": {
    "uri": "https://generativelanguage.googleapis.com/v1beta/files/2065qt0fo7yq:download?alt=media",
    "video_bytes": null,
    "mime_type": null
  }
}
generated_video_0_video=Video(uri=https://generativelanguage.googleapis.com/v1beta/files/2065qt0fo7yq:download?alt=media, video_bytes=None, mime_type=None)
generated_video_0_uri=None
generated_video_0_name=None
STEP 4/4 download generated video

===== DEBUG DOWNLOAD TARGET =====
generated_video_type=<class 'google.genai.types.GeneratedVideo'>
generated_video_repr=GeneratedVideo(
  video=Video(
    uri='https://generativelanguage.googleapis.com/v1beta/files/2065qt0fo7yq:download?alt=media'
  )
)
generated_video_json={
  "video": {
    "uri": "https://generativelanguage.googleapis.com/v1beta/files/2065qt0fo7yq:download?alt=media",
    "video_bytes": null,
    "mime_type": null
  }
}
download_target_type=<class 'google.genai.types.Video'>
download_target_repr=Video(uri=https://generativelanguage.googleapis.com/v1beta/files/2065qt0fo7yq:download?alt=media, video_bytes=None, mime_type=None)
download_target_json={
  "uri": "https://generativelanguage.googleapis.com/v1beta/files/2065qt0fo7yq:download?alt=media",
  "video_bytes": null,
  "mime_type": null
}
raw_output_path=C:\Project\CAP_2000_Vocab_Project\workspaces\vocab\Ep20_0291_0300\04_images\animations\scene_17__v01__raw.mp4
raw_video_size_bytes=1403106
STEP 4.5/4 strip audio track from generated video
DONE animation generated
saved_to=C:\Project\CAP_2000_Vocab_Project\workspaces\vocab\Ep20_0291_0300\04_images\animations\scene_17__v01.mp4
DEFAULT RESULT scene_id=17 status=updated path=C:\Project\CAP_2000_Vocab_Project\workspaces\vocab\Ep20_0291_0300\04_images\animations\scene_17__v01.mp4
SCENE RESULT scene_id=17 status=ok path=C:\Project\CAP_2000_Vocab_Project\workspaces\vocab\Ep20_0291_0300\04_images\animations\scene_17__v01.mp4

===== BATCH SCENE 7/7 | scene_id=19 =====
STEP A generate animation prompt scene_id=19
Generating safe animation prompt for Scene 19...
prompt_source=model
saved_to=C:\Project\CAP_2000_Vocab_Project\workspaces\vocab\Ep20_0291_0300\03_storyboards\storyboard.csv
A gentle camera subtly pushes in on John and Mary in their podcast studio. They offer calm, friendly waves towards the audience with soft smiles. The show's logo on the screen behind them subtly brightens and dims. Their movements are smooth and continuous, maintaining a peaceful, inviting atmosphere suitable for an educational program's conclusion, subtly encouraging audience engagement.
PROMPT RESULT scene_id=19 status=ok
STEP B generate animation video scene_id=19
STEP 1/4 validate inputs
scene_id=19
image_path=C:\Project\CAP_2000_Vocab_Project\workspaces\vocab\Ep20_0291_0300\04_images\ai_generated\img_436.46.png
output_path=C:\Project\CAP_2000_Vocab_Project\workspaces\vocab\Ep20_0291_0300\04_images\animations\scene_19__v01.mp4
duration_seconds=8
video_model=veo-2.0-generate-001
poll_seconds=10
person_generation=allow_adult
image_mime_type=image/png
image_size_bytes=2128906
prompt_length=391
prompt_preview=A gentle camera subtly pushes in on John and Mary in their podcast studio. They offer calm, friendly waves towards the audience with soft smiles. The show's logo on the screen behind them subtly brightens and dims. Their movements are smooth and continuous, maintaining a peaceful, inviting atmosphere suitable for an educational program's conclusion, subtly encouraging audience engagement.
video_config={
  "http_options": null,
  "number_of_videos": 1,
  "output_gcs_uri": null,
  "fps": null,
  "duration_seconds": 8,
  "seed": null,
  "aspect_ratio": "16:9",
  "resolution": null,
  "person_generation": "allow_adult",
  "pubsub_topic": null,
  "negative_prompt": null,
  "enhance_prompt": null,
  "generate_audio": null,
  "last_frame": null,
  "reference_images": null,
  "mask": null,
  "compression_quality": null,
  "labels": null
}
STEP 2/4 submit image-to-video request
operation_submitted_done=None

===== DEBUG OPERATION [after_submit] =====
operation_type=<class 'google.genai.types.GenerateVideosOperation'>
operation_done=None
operation_name=models/veo-2.0-generate-001/operations/f6st0jotkecg
operation_id=None
operation_error=None
operation_metadata=null
operation_result_type=<class 'NoneType'>
operation_response_type=<class 'NoneType'>
operation_repr=GenerateVideosOperation(
  name='models/veo-2.0-generate-001/operations/f6st0jotkecg'
)
STEP 3/4 polling operation poll_count=1 wait_seconds=10
operation_status_done=None
operation_status_error=None
STEP 3/4 polling operation poll_count=2 wait_seconds=10
operation_status_done=None
operation_status_error=None
STEP 3/4 polling operation poll_count=3 wait_seconds=10
operation_status_done=True
operation_status_error=None

===== DEBUG OPERATION [after_polling_done] =====
operation_type=<class 'google.genai.types.GenerateVideosOperation'>
operation_done=True
operation_name=models/veo-2.0-generate-001/operations/f6st0jotkecg
operation_id=None
operation_error=None
operation_metadata=null
operation_result_type=<class 'google.genai.types.GenerateVideosResponse'>
operation_response_type=<class 'google.genai.types.GenerateVideosResponse'>
operation_repr=GenerateVideosOperation(
  done=True,
  name='models/veo-2.0-generate-001/operations/f6st0jotkecg',
  response=GenerateVideosResponse(
    rai_media_filtered_count=1,
    rai_media_filtered_reasons=[
      "1 videos were filtered out because they violated Gemini API's usage guidelines. You will not be charged for blocked videos. Try rephrasing the prompt. If you think this was an error, send feedback.",
    ]
  ),
  result=GenerateVideosResponse(
    rai_media_filtered_count=1,
    rai_media_filtered_reasons=[
      "1 videos were filtered out because they violated Gemini API's usage guidelines. You will not be charged for blocked videos. Try rephrasing the prompt. If you think this was an error, send feedback.",
    ]
  )
)

===== DEBUG RESULT [after_polling_done] =====
result_is_none=False
result_type=<class 'google.genai.types.GenerateVideosResponse'>
result_repr=GenerateVideosResponse(
  rai_media_filtered_count=1,
  rai_media_filtered_reasons=[
    "1 videos were filtered out because they violated Gemini API's usage guidelines. You will not be charged for blocked videos. Try rephrasing the prompt. If you think this was an error, send feedback.",
  ]
)
result_json={
  "generated_videos": null,
  "rai_media_filtered_count": 1,
  "rai_media_filtered_reasons": [
    "1 videos were filtered out because they violated Gemini API's usage guidelines. You will not be charged for blocked videos. Try rephrasing the prompt. If you think this was an error, send feedback."
  ]
}
result_attrs=['construct', 'copy', 'dict', 'from_orm', 'generated_videos', 'json', 'model_computed_fields', 'model_config', 'model_construct', 'model_copy', 'model_dump', 'model_dump_json', 'model_extra', 'model_fields', 'model_fields_set', 'model_json_schema', 'model_parametrized_name', 'model_post_init', 'model_rebuild', 'model_validate', 'model_validate_json', 'model_validate_strings', 'parse_file', 'parse_obj', 'parse_raw', 'rai_media_filtered_count', 'rai_media_filtered_reasons', 'schema', 'schema_json', 'to_json_dict', 'update_forward_refs', 'validate']
generated_videos_exists=False
WARN safe_prompt_retry scene_id=19 reason=policy_filtered
retry_animation_prompt=A calm educational animation of [0:07:16.460000-->0:07:16.700000] S, | [0:07:17-->0:07:18.700000] ۤvDԬݬݡC | [0:07:19.180000-->0:07:20.320000] CѤQӳr, | [0:07:20.840000-->0:07:21.720000] |ҨSDC | [0:07:21.720000-->0:07:22.960000] w`., with subtle breathing, gentle head turns, small hand gestures, soft infographic motion, and slow camera drift. Keep the original subjects, layout, props, and colors unchanged. Maintain friendly expressions, soft studio lighting, light background parallax, and smooth Pixar-like continuity throughout.
STEP 2/4 submit image-to-video request
operation_submitted_done=None

===== DEBUG OPERATION [after_submit] =====
operation_type=<class 'google.genai.types.GenerateVideosOperation'>
operation_done=None
operation_name=models/veo-2.0-generate-001/operations/ub7fqyw13s8e
operation_id=None
operation_error=None
operation_metadata=null
operation_result_type=<class 'NoneType'>
operation_response_type=<class 'NoneType'>
operation_repr=GenerateVideosOperation(
  name='models/veo-2.0-generate-001/operations/ub7fqyw13s8e'
)
STEP 3/4 polling operation poll_count=1 wait_seconds=10
operation_status_done=None
operation_status_error=None
STEP 3/4 polling operation poll_count=2 wait_seconds=10
operation_status_done=None
operation_status_error=None
STEP 3/4 polling operation poll_count=3 wait_seconds=10
operation_status_done=True
operation_status_error=None

===== DEBUG OPERATION [after_polling_done] =====
operation_type=<class 'google.genai.types.GenerateVideosOperation'>
operation_done=True
operation_name=models/veo-2.0-generate-001/operations/ub7fqyw13s8e
operation_id=None
operation_error=None
operation_metadata=null
operation_result_type=<class 'google.genai.types.GenerateVideosResponse'>
operation_response_type=<class 'google.genai.types.GenerateVideosResponse'>
operation_repr=GenerateVideosOperation(
  done=True,
  name='models/veo-2.0-generate-001/operations/ub7fqyw13s8e',
  response=GenerateVideosResponse(
    rai_media_filtered_count=1,
    rai_media_filtered_reasons=[
      "1 videos were filtered out because they violated Gemini API's usage guidelines. You will not be charged for blocked videos. Try rephrasing the prompt. If you think this was an error, send feedback.",
    ]
  ),
  result=GenerateVideosResponse(
    rai_media_filtered_count=1,
    rai_media_filtered_reasons=[
      "1 videos were filtered out because they violated Gemini API's usage guidelines. You will not be charged for blocked videos. Try rephrasing the prompt. If you think this was an error, send feedback.",
    ]
  )
)

===== DEBUG RESULT [after_polling_done] =====
result_is_none=False
result_type=<class 'google.genai.types.GenerateVideosResponse'>
result_repr=GenerateVideosResponse(
  rai_media_filtered_count=1,
  rai_media_filtered_reasons=[
    "1 videos were filtered out because they violated Gemini API's usage guidelines. You will not be charged for blocked videos. Try rephrasing the prompt. If you think this was an error, send feedback.",
  ]
)
result_json={
  "generated_videos": null,
  "rai_media_filtered_count": 1,
  "rai_media_filtered_reasons": [
    "1 videos were filtered out because they violated Gemini API's usage guidelines. You will not be charged for blocked videos. Try rephrasing the prompt. If you think this was an error, send feedback."
  ]
}
result_attrs=['construct', 'copy', 'dict', 'from_orm', 'generated_videos', 'json', 'model_computed_fields', 'model_config', 'model_construct', 'model_copy', 'model_dump', 'model_dump_json', 'model_extra', 'model_fields', 'model_fields_set', 'model_json_schema', 'model_parametrized_name', 'model_post_init', 'model_rebuild', 'model_validate', 'model_validate_json', 'model_validate_strings', 'parse_file', 'parse_obj', 'parse_raw', 'rai_media_filtered_count', 'rai_media_filtered_reasons', 'schema', 'schema_json', 'to_json_dict', 'update_forward_refs', 'validate']
generated_videos_exists=False
SCENE RESULT scene_id=19 status=error error=ʵeͦ@~wAXvQAȺݤef/ϥάFLoA]S^iUvC
ĳBz覡G
1. sg animation promptAקKMIBˡBĬΨLiĲoFyz
2. CHjסA令󤤩ʡBоǦBũMʧ@
3. Yo scene @QסAOdRAϤAϥΰʵe
filtered_count=1
filtered_reasons=
1 videos were filtered out because they violated Gemini API's usage guidelines. You will not be charged for blocked videos. Try rephrasing the prompt. If you think this was an error, send feedback.
Traceback (most recent call last):
  File "C:\Project\CAP_2000_Vocab_Project\scripts\generate_all_scene_animations.py", line 170, in run_batch_animation_for_episode
    output_path = generate_scene_animation(ep_num, scene_id)
                  ^^^^^^^^^^^^^^^^^^^^^^^^^^^^^^^^^^^^^^^^^^
  File "C:\Project\CAP_2000_Vocab_Project\scripts\generate_scene_animation.py", line 503, in generate_scene_animation
    raise SceneAnimationError(format_result_policy_filtered(result))
generate_scene_animation.SceneAnimationError: ʵeͦ@~wAXvQAȺݤef/ϥάFLoA]S^iUvC
ĳBz覡G
1. sg animation promptAקKMIBˡBĬΨLiĲoFyz
2. CHjסA令󤤩ʡBоǦBũMʧ@
3. Yo scene @QסAOdRAϤAϥΰʵe
filtered_count=1
filtered_reasons=
1 videos were filtered out because they violated Gemini API's usage guidelines. You will not be charged for blocked videos. Try rephrasing the prompt. If you think this was an error, send feedback.

===== BATCH SUMMARY =====
total=7
prompt_success=7
animation_success=4
default_updated=4
skipped=0
failed=3
prompt_success_scene_ids=1,2,4,11,14,17,19
animation_success_scene_ids=1,2,4,17
default_updated_scene_ids=1,2,4,17
failed_scene scene_id=11 message=ʵeͦШDѡG400 INVALID_ARGUMENT. {'error': {'code': 400, 'message': 'The number value for `durationSeconds` is out of bound. Please provide a value between 5 and 8, inclusive.', 'status': 'INVALID_ARGUMENT'}}
failed_scene scene_id=14 message=ʵeͦ@~wAXvQAȺݤef/ϥάFLoA]S^iUvC
ĳBz覡G
1. sg animation promptAקKMIBˡBĬΨLiĲoFyz
2. CHjסA令󤤩ʡBоǦBũMʧ@
3. Yo scene @QסAOdRAϤAϥΰʵe
filtered_count=1
filtered_reasons=
1 videos were filtered out because they violated Gemini API's usage guidelines. You will not be charged for blocked videos. Try rephrasing the prompt. If you think this was an error, send feedback.
failed_scene scene_id=19 message=ʵeͦ@~wAXvQAȺݤef/ϥάFLoA]S^iUvC
ĳBz覡G
1. sg animation promptAקKMIBˡBĬΨLiĲoFyz
2. CHjסA令󤤩ʡBоǦBũMʧ@
3. Yo scene @QסAOdRAϤAϥΰʵe
filtered_count=1
filtered_reasons=
1 videos were filtered out because they violated Gemini API's usage guidelines. You will not be charged for blocked videos. Try rephrasing the prompt. If you think this was an error, send feedback.
Batch completed with failures. Prompt generation and animation generation continued for later scenes.
===== BATCH ANIMATION END =====
[schedule] batch animation exit_code=1
[schedule] episode 20 failed stage 4.1 (error)
[power] Restored normal sleep policy: Scheduled stage 4.1 (sched_stage4_1_ep15_20_20260428_193729)
[schedule] finished status=error completed=[] failed=[15, 16, 17, 18, 19, 20]
==== END schedule:sched_stage4_1_ep15_20_20260428_193729 | schedule:sched_stage4_1_ep15_20_20260428_193729 | 2026-04-28 20:19:15 ===
