
==== REGISTER schedule:sched_stage4_1_ep13_14_20260426_094420 | 排程執行 Stage 4.1 將所有 AI 圖片轉成動畫 | 2026-04-26 09:44:22 ====: CAP2000_Schedule_sched_stage4_1_ep13_14_20260426_094420 @ 2026-04-26T09:45:00 | mode=interactive | wake_to_run=true | note=registered with interactive token

==== RUN schedule:sched_stage4_1_ep13_14_20260426_094420 | stage 4.1 | 2026-04-26 09:45:00 ====: episodes=[13, 14] scheduled_at=2026-04-26 09:45
[power] Preventing system sleep: Scheduled stage 4.1 (sched_stage4_1_ep13_14_20260426_094420)
[schedule] starting queued stage run
[schedule] start episode 13 (1/2) stage 4.1
[schedule] launch batch animation command=['C:\\Users\\User\\AppData\\Local\\Programs\\Python\\Python311\\python.exe', '-u', 'C:\\Project\\CAP_2000_Vocab_Project\\scripts\\generate_all_scene_animations.py', '--ep', '13']
===== BATCH ANIMATION START =====
episode=13
episode_folder=C:\Project\CAP_2000_Vocab_Project\workspaces\vocab\Ep13_0221_0230
storyboard_csv=C:\Project\CAP_2000_Vocab_Project\workspaces\vocab\Ep13_0221_0230\03_storyboards\storyboard.csv
ai_scene_count=13

===== BATCH SCENE 1/13 | scene_id=1 =====
STEP A generate animation prompt scene_id=1
Generating safe animation prompt for Scene 1...
prompt_source=model
saved_to=C:\Project\CAP_2000_Vocab_Project\workspaces\vocab\Ep13_0221_0230\03_storyboards\storyboard.csv
A gentle, wide-shot scene in a cozy podcast studio. John, on the left, subtly gestures with one hand and nods slightly as he speaks into his microphone. Mary, on the right, offers a soft, encouraging hand movement and a gentle head tilt. Their lips move calmly, conversing in a friendly manner. The camera maintains a steady, serene focus on the educational setting, with a very slow, almost imperceptible zoom adding to the calm continuity. Subtle ambient light shifts softly, creating a warm, inviting atmosphere for the introduction.
PROMPT RESULT scene_id=1 status=ok
STEP B generate animation video scene_id=1
STEP 1/4 validate inputs
scene_id=1
image_path=C:\Project\CAP_2000_Vocab_Project\workspaces\vocab\Ep13_0221_0230\04_images\ai_generated\img_0.0.png
output_path=C:\Project\CAP_2000_Vocab_Project\workspaces\vocab\Ep13_0221_0230\04_images\animations\scene_1__v01.mp4
duration_seconds=8
video_model=veo-2.0-generate-001
poll_seconds=10
person_generation=allow_adult
image_mime_type=image/png
image_size_bytes=2237968
prompt_length=536
prompt_preview=A gentle, wide-shot scene in a cozy podcast studio. John, on the left, subtly gestures with one hand and nods slightly as he speaks into his microphone. Mary, on the right, offers a soft, encouraging hand movement and a gentle head tilt. Their lips move calmly, conversing in a friendly manner. The camera maintains a steady, serene focus on the educational setting, with a very slow, almost imperceptible zoom adding to the calm continuity. Subtle ambient light shifts softly, creating a warm, invit
video_config={
  "http_options": null,
  "number_of_videos": 1,
  "output_gcs_uri": null,
  "fps": null,
  "duration_seconds": 8,
  "seed": null,
  "aspect_ratio": "16:9",
  "resolution": null,
  "person_generation": "allow_adult",
  "pubsub_topic": null,
  "negative_prompt": null,
  "enhance_prompt": null,
  "generate_audio": null,
  "last_frame": null,
  "reference_images": null,
  "mask": null,
  "compression_quality": null,
  "labels": null
}
STEP 2/4 submit image-to-video request
operation_submitted_done=None

===== DEBUG OPERATION [after_submit] =====
operation_type=<class 'google.genai.types.GenerateVideosOperation'>
operation_done=None
operation_name=models/veo-2.0-generate-001/operations/37r1047741ai
operation_id=None
operation_error=None
operation_metadata=null
operation_result_type=<class 'NoneType'>
operation_response_type=<class 'NoneType'>
operation_repr=GenerateVideosOperation(
  name='models/veo-2.0-generate-001/operations/37r1047741ai'
)
STEP 3/4 polling operation poll_count=1 wait_seconds=10
operation_status_done=None
operation_status_error=None
STEP 3/4 polling operation poll_count=2 wait_seconds=10
operation_status_done=None
operation_status_error=None
STEP 3/4 polling operation poll_count=3 wait_seconds=10
operation_status_done=True
operation_status_error=None

===== DEBUG OPERATION [after_polling_done] =====
operation_type=<class 'google.genai.types.GenerateVideosOperation'>
operation_done=True
operation_name=models/veo-2.0-generate-001/operations/37r1047741ai
operation_id=None
operation_error=None
operation_metadata=null
operation_result_type=<class 'google.genai.types.GenerateVideosResponse'>
operation_response_type=<class 'google.genai.types.GenerateVideosResponse'>
operation_repr=GenerateVideosOperation(
  done=True,
  name='models/veo-2.0-generate-001/operations/37r1047741ai',
  response=GenerateVideosResponse(
    generated_videos=[
      GeneratedVideo(
        video=Video(
          uri='https://generativelanguage.googleapis.com/v1beta/files/b63rymtesekd:download?alt=media'
        )
      ),
    ]
  ),
  result=GenerateVideosResponse(
    generated_videos=[
      GeneratedVideo(
        video=Video(
          uri='https://generativelanguage.googleapis.com/v1beta/files/b63rymtesekd:download?alt=media'
        )
      ),
    ]
  )
)

===== DEBUG RESULT [after_polling_done] =====
result_is_none=False
result_type=<class 'google.genai.types.GenerateVideosResponse'>
result_repr=GenerateVideosResponse(
  generated_videos=[
    GeneratedVideo(
      video=Video(
        uri='https://generativelanguage.googleapis.com/v1beta/files/b63rymtesekd:download?alt=media'
      )
    ),
  ]
)
result_json={
  "generated_videos": [
    {
      "video": {
        "uri": "https://generativelanguage.googleapis.com/v1beta/files/b63rymtesekd:download?alt=media",
        "video_bytes": null,
        "mime_type": null
      }
    }
  ],
  "rai_media_filtered_count": null,
  "rai_media_filtered_reasons": null
}
result_attrs=['construct', 'copy', 'dict', 'from_orm', 'generated_videos', 'json', 'model_computed_fields', 'model_config', 'model_construct', 'model_copy', 'model_dump', 'model_dump_json', 'model_extra', 'model_fields', 'model_fields_set', 'model_json_schema', 'model_parametrized_name', 'model_post_init', 'model_rebuild', 'model_validate', 'model_validate_json', 'model_validate_strings', 'parse_file', 'parse_obj', 'parse_raw', 'rai_media_filtered_count', 'rai_media_filtered_reasons', 'schema', 'schema_json', 'to_json_dict', 'update_forward_refs', 'validate']
generated_videos_exists=True
generated_videos_len=1
generated_video_0_type=<class 'google.genai.types.GeneratedVideo'>
generated_video_0_repr=GeneratedVideo(
  video=Video(
    uri='https://generativelanguage.googleapis.com/v1beta/files/b63rymtesekd:download?alt=media'
  )
)
generated_video_0_json={
  "video": {
    "uri": "https://generativelanguage.googleapis.com/v1beta/files/b63rymtesekd:download?alt=media",
    "video_bytes": null,
    "mime_type": null
  }
}
generated_video_0_video=Video(uri=https://generativelanguage.googleapis.com/v1beta/files/b63rymtesekd:download?alt=media, video_bytes=None, mime_type=None)
generated_video_0_uri=None
generated_video_0_name=None
STEP 4/4 download generated video

===== DEBUG DOWNLOAD TARGET =====
generated_video_type=<class 'google.genai.types.GeneratedVideo'>
generated_video_repr=GeneratedVideo(
  video=Video(
    uri='https://generativelanguage.googleapis.com/v1beta/files/b63rymtesekd:download?alt=media'
  )
)
generated_video_json={
  "video": {
    "uri": "https://generativelanguage.googleapis.com/v1beta/files/b63rymtesekd:download?alt=media",
    "video_bytes": null,
    "mime_type": null
  }
}
download_target_type=<class 'google.genai.types.Video'>
download_target_repr=Video(uri=https://generativelanguage.googleapis.com/v1beta/files/b63rymtesekd:download?alt=media, video_bytes=None, mime_type=None)
download_target_json={
  "uri": "https://generativelanguage.googleapis.com/v1beta/files/b63rymtesekd:download?alt=media",
  "video_bytes": null,
  "mime_type": null
}
raw_output_path=C:\Project\CAP_2000_Vocab_Project\workspaces\vocab\Ep13_0221_0230\04_images\animations\scene_1__v01__raw.mp4
raw_video_size_bytes=1230464
STEP 4.5/4 strip audio track from generated video
DONE animation generated
saved_to=C:\Project\CAP_2000_Vocab_Project\workspaces\vocab\Ep13_0221_0230\04_images\animations\scene_1__v01.mp4
DEFAULT RESULT scene_id=1 status=updated path=C:\Project\CAP_2000_Vocab_Project\workspaces\vocab\Ep13_0221_0230\04_images\animations\scene_1__v01.mp4
SCENE RESULT scene_id=1 status=ok path=C:\Project\CAP_2000_Vocab_Project\workspaces\vocab\Ep13_0221_0230\04_images\animations\scene_1__v01.mp4

===== BATCH SCENE 2/13 | scene_id=3 =====
STEP A generate animation prompt scene_id=3
Generating safe animation prompt for Scene 3...
prompt_source=model
saved_to=C:\Project\CAP_2000_Vocab_Project\workspaces\vocab\Ep13_0221_0230\03_storyboards\storyboard.csv
The sun gently ascends outside the window, casting a subtle, warm glow across the scene. A calendar page softly turns to reveal a fresh, new day. John and Mary, in their familiar positions, offer calm, inviting gestures towards the brightening window and calendar, subtly introducing the concept of morning routines. A slight, smooth camera push-in or gentle pan subtly guides focus, creating a seamless and peaceful transition into the day's first educational topic. The atmosphere remains consistently cheerful, serene, and encouraging for learning.
PROMPT RESULT scene_id=3 status=ok
STEP B generate animation video scene_id=3
STEP 1/4 validate inputs
scene_id=3
image_path=C:\Project\CAP_2000_Vocab_Project\workspaces\vocab\Ep13_0221_0230\04_images\ai_generated\img_69.2.png
output_path=C:\Project\CAP_2000_Vocab_Project\workspaces\vocab\Ep13_0221_0230\04_images\animations\scene_3__v01.mp4
duration_seconds=7
video_model=veo-2.0-generate-001
poll_seconds=10
person_generation=allow_adult
image_mime_type=image/png
image_size_bytes=2160223
prompt_length=551
prompt_preview=The sun gently ascends outside the window, casting a subtle, warm glow across the scene. A calendar page softly turns to reveal a fresh, new day. John and Mary, in their familiar positions, offer calm, inviting gestures towards the brightening window and calendar, subtly introducing the concept of morning routines. A slight, smooth camera push-in or gentle pan subtly guides focus, creating a seamless and peaceful transition into the day's first educational topic. The atmosphere remains consisten
video_config={
  "http_options": null,
  "number_of_videos": 1,
  "output_gcs_uri": null,
  "fps": null,
  "duration_seconds": 7,
  "seed": null,
  "aspect_ratio": "16:9",
  "resolution": null,
  "person_generation": "allow_adult",
  "pubsub_topic": null,
  "negative_prompt": null,
  "enhance_prompt": null,
  "generate_audio": null,
  "last_frame": null,
  "reference_images": null,
  "mask": null,
  "compression_quality": null,
  "labels": null
}
STEP 2/4 submit image-to-video request
operation_submitted_done=None

===== DEBUG OPERATION [after_submit] =====
operation_type=<class 'google.genai.types.GenerateVideosOperation'>
operation_done=None
operation_name=models/veo-2.0-generate-001/operations/aau46xgxqm38
operation_id=None
operation_error=None
operation_metadata=null
operation_result_type=<class 'NoneType'>
operation_response_type=<class 'NoneType'>
operation_repr=GenerateVideosOperation(
  name='models/veo-2.0-generate-001/operations/aau46xgxqm38'
)
STEP 3/4 polling operation poll_count=1 wait_seconds=10
operation_status_done=None
operation_status_error=None
STEP 3/4 polling operation poll_count=2 wait_seconds=10
operation_status_done=None
operation_status_error=None
STEP 3/4 polling operation poll_count=3 wait_seconds=10
operation_status_done=True
operation_status_error=None

===== DEBUG OPERATION [after_polling_done] =====
operation_type=<class 'google.genai.types.GenerateVideosOperation'>
operation_done=True
operation_name=models/veo-2.0-generate-001/operations/aau46xgxqm38
operation_id=None
operation_error=None
operation_metadata=null
operation_result_type=<class 'google.genai.types.GenerateVideosResponse'>
operation_response_type=<class 'google.genai.types.GenerateVideosResponse'>
operation_repr=GenerateVideosOperation(
  done=True,
  name='models/veo-2.0-generate-001/operations/aau46xgxqm38',
  response=GenerateVideosResponse(
    rai_media_filtered_count=1,
    rai_media_filtered_reasons=[
      "1 videos were filtered out because they violated Gemini API's usage guidelines. You will not be charged for blocked videos. Try rephrasing the prompt. If you think this was an error, send feedback.",
    ]
  ),
  result=GenerateVideosResponse(
    rai_media_filtered_count=1,
    rai_media_filtered_reasons=[
      "1 videos were filtered out because they violated Gemini API's usage guidelines. You will not be charged for blocked videos. Try rephrasing the prompt. If you think this was an error, send feedback.",
    ]
  )
)

===== DEBUG RESULT [after_polling_done] =====
result_is_none=False
result_type=<class 'google.genai.types.GenerateVideosResponse'>
result_repr=GenerateVideosResponse(
  rai_media_filtered_count=1,
  rai_media_filtered_reasons=[
    "1 videos were filtered out because they violated Gemini API's usage guidelines. You will not be charged for blocked videos. Try rephrasing the prompt. If you think this was an error, send feedback.",
  ]
)
result_json={
  "generated_videos": null,
  "rai_media_filtered_count": 1,
  "rai_media_filtered_reasons": [
    "1 videos were filtered out because they violated Gemini API's usage guidelines. You will not be charged for blocked videos. Try rephrasing the prompt. If you think this was an error, send feedback."
  ]
}
result_attrs=['construct', 'copy', 'dict', 'from_orm', 'generated_videos', 'json', 'model_computed_fields', 'model_config', 'model_construct', 'model_copy', 'model_dump', 'model_dump_json', 'model_extra', 'model_fields', 'model_fields_set', 'model_json_schema', 'model_parametrized_name', 'model_post_init', 'model_rebuild', 'model_validate', 'model_validate_json', 'model_validate_strings', 'parse_file', 'parse_obj', 'parse_raw', 'rai_media_filtered_count', 'rai_media_filtered_reasons', 'schema', 'schema_json', 'to_json_dict', 'update_forward_refs', 'validate']
generated_videos_exists=False
SCENE RESULT scene_id=3 status=error error=ʵeͦ@~wAXvQAȺݤef/ϥάFLoA]S^iUvC
ĳBz覡G
1. sg animation promptAקKMIBˡBĬΨLiĲoFyz
2. CHjסA令󤤩ʡBоǦBũMʧ@
3. Yo scene @QסAOdRAϤAϥΰʵe
filtered_count=1
filtered_reasons=
1 videos were filtered out because they violated Gemini API's usage guidelines. You will not be charged for blocked videos. Try rephrasing the prompt. If you think this was an error, send feedback.
Traceback (most recent call last):
  File "C:\Project\CAP_2000_Vocab_Project\scripts\generate_all_scene_animations.py", line 164, in run_batch_animation_for_episode
    output_path = generate_scene_animation(ep_num, scene_id)
                  ^^^^^^^^^^^^^^^^^^^^^^^^^^^^^^^^^^^^^^^^^^
  File "C:\Project\CAP_2000_Vocab_Project\scripts\generate_scene_animation.py", line 400, in generate_scene_animation
    raise SceneAnimationError(format_result_policy_filtered(result))
generate_scene_animation.SceneAnimationError: ʵeͦ@~wAXvQAȺݤef/ϥάFLoA]S^iUvC
ĳBz覡G
1. sg animation promptAקKMIBˡBĬΨLiĲoFyz
2. CHjסA令󤤩ʡBоǦBũMʧ@
3. Yo scene @QסAOdRAϤAϥΰʵe
filtered_count=1
filtered_reasons=
1 videos were filtered out because they violated Gemini API's usage guidelines. You will not be charged for blocked videos. Try rephrasing the prompt. If you think this was an error, send feedback.

===== BATCH SCENE 3/13 | scene_id=5 =====
STEP A generate animation prompt scene_id=5
Generating safe animation prompt for Scene 5...
prompt_source=model
saved_to=C:\Project\CAP_2000_Vocab_Project\workspaces\vocab\Ep13_0221_0230\03_storyboards\storyboard.csv
The brightly lit scene shows cute 3D cartoon cleaning supplies. Sponges gently puff and sway, while spray bottles subtly glint, rotating slightly to face forward. The camera slowly pans across the organized array of items on a countertop, maintaining a wide, cinematic view. A soft, warm light subtly illuminates the cheerful house interior, creating a peaceful atmosphere of readiness for a calm weekend cleaning session.
PROMPT RESULT scene_id=5 status=ok
STEP B generate animation video scene_id=5
STEP 1/4 validate inputs
scene_id=5
image_path=C:\Project\CAP_2000_Vocab_Project\workspaces\vocab\Ep13_0221_0230\04_images\ai_generated\img_181.12.png
output_path=C:\Project\CAP_2000_Vocab_Project\workspaces\vocab\Ep13_0221_0230\04_images\animations\scene_5__v01.mp4
duration_seconds=8
video_model=veo-2.0-generate-001
poll_seconds=10
person_generation=allow_adult
image_mime_type=image/png
image_size_bytes=2227544
prompt_length=422
prompt_preview=The brightly lit scene shows cute 3D cartoon cleaning supplies. Sponges gently puff and sway, while spray bottles subtly glint, rotating slightly to face forward. The camera slowly pans across the organized array of items on a countertop, maintaining a wide, cinematic view. A soft, warm light subtly illuminates the cheerful house interior, creating a peaceful atmosphere of readiness for a calm weekend cleaning session.
video_config={
  "http_options": null,
  "number_of_videos": 1,
  "output_gcs_uri": null,
  "fps": null,
  "duration_seconds": 8,
  "seed": null,
  "aspect_ratio": "16:9",
  "resolution": null,
  "person_generation": "allow_adult",
  "pubsub_topic": null,
  "negative_prompt": null,
  "enhance_prompt": null,
  "generate_audio": null,
  "last_frame": null,
  "reference_images": null,
  "mask": null,
  "compression_quality": null,
  "labels": null
}
STEP 2/4 submit image-to-video request
operation_submitted_done=None

===== DEBUG OPERATION [after_submit] =====
operation_type=<class 'google.genai.types.GenerateVideosOperation'>
operation_done=None
operation_name=models/veo-2.0-generate-001/operations/m4o7zme3lash
operation_id=None
operation_error=None
operation_metadata=null
operation_result_type=<class 'NoneType'>
operation_response_type=<class 'NoneType'>
operation_repr=GenerateVideosOperation(
  name='models/veo-2.0-generate-001/operations/m4o7zme3lash'
)
STEP 3/4 polling operation poll_count=1 wait_seconds=10
operation_status_done=None
operation_status_error=None
STEP 3/4 polling operation poll_count=2 wait_seconds=10
operation_status_done=None
operation_status_error=None
STEP 3/4 polling operation poll_count=3 wait_seconds=10
operation_status_done=True
operation_status_error=None

===== DEBUG OPERATION [after_polling_done] =====
operation_type=<class 'google.genai.types.GenerateVideosOperation'>
operation_done=True
operation_name=models/veo-2.0-generate-001/operations/m4o7zme3lash
operation_id=None
operation_error=None
operation_metadata=null
operation_result_type=<class 'google.genai.types.GenerateVideosResponse'>
operation_response_type=<class 'google.genai.types.GenerateVideosResponse'>
operation_repr=GenerateVideosOperation(
  done=True,
  name='models/veo-2.0-generate-001/operations/m4o7zme3lash',
  response=GenerateVideosResponse(
    generated_videos=[
      GeneratedVideo(
        video=Video(
          uri='https://generativelanguage.googleapis.com/v1beta/files/m1io7jlv8kx4:download?alt=media'
        )
      ),
    ]
  ),
  result=GenerateVideosResponse(
    generated_videos=[
      GeneratedVideo(
        video=Video(
          uri='https://generativelanguage.googleapis.com/v1beta/files/m1io7jlv8kx4:download?alt=media'
        )
      ),
    ]
  )
)

===== DEBUG RESULT [after_polling_done] =====
result_is_none=False
result_type=<class 'google.genai.types.GenerateVideosResponse'>
result_repr=GenerateVideosResponse(
  generated_videos=[
    GeneratedVideo(
      video=Video(
        uri='https://generativelanguage.googleapis.com/v1beta/files/m1io7jlv8kx4:download?alt=media'
      )
    ),
  ]
)
result_json={
  "generated_videos": [
    {
      "video": {
        "uri": "https://generativelanguage.googleapis.com/v1beta/files/m1io7jlv8kx4:download?alt=media",
        "video_bytes": null,
        "mime_type": null
      }
    }
  ],
  "rai_media_filtered_count": null,
  "rai_media_filtered_reasons": null
}
result_attrs=['construct', 'copy', 'dict', 'from_orm', 'generated_videos', 'json', 'model_computed_fields', 'model_config', 'model_construct', 'model_copy', 'model_dump', 'model_dump_json', 'model_extra', 'model_fields', 'model_fields_set', 'model_json_schema', 'model_parametrized_name', 'model_post_init', 'model_rebuild', 'model_validate', 'model_validate_json', 'model_validate_strings', 'parse_file', 'parse_obj', 'parse_raw', 'rai_media_filtered_count', 'rai_media_filtered_reasons', 'schema', 'schema_json', 'to_json_dict', 'update_forward_refs', 'validate']
generated_videos_exists=True
generated_videos_len=1
generated_video_0_type=<class 'google.genai.types.GeneratedVideo'>
generated_video_0_repr=GeneratedVideo(
  video=Video(
    uri='https://generativelanguage.googleapis.com/v1beta/files/m1io7jlv8kx4:download?alt=media'
  )
)
generated_video_0_json={
  "video": {
    "uri": "https://generativelanguage.googleapis.com/v1beta/files/m1io7jlv8kx4:download?alt=media",
    "video_bytes": null,
    "mime_type": null
  }
}
generated_video_0_video=Video(uri=https://generativelanguage.googleapis.com/v1beta/files/m1io7jlv8kx4:download?alt=media, video_bytes=None, mime_type=None)
generated_video_0_uri=None
generated_video_0_name=None
STEP 4/4 download generated video

===== DEBUG DOWNLOAD TARGET =====
generated_video_type=<class 'google.genai.types.GeneratedVideo'>
generated_video_repr=GeneratedVideo(
  video=Video(
    uri='https://generativelanguage.googleapis.com/v1beta/files/m1io7jlv8kx4:download?alt=media'
  )
)
generated_video_json={
  "video": {
    "uri": "https://generativelanguage.googleapis.com/v1beta/files/m1io7jlv8kx4:download?alt=media",
    "video_bytes": null,
    "mime_type": null
  }
}
download_target_type=<class 'google.genai.types.Video'>
download_target_repr=Video(uri=https://generativelanguage.googleapis.com/v1beta/files/m1io7jlv8kx4:download?alt=media, video_bytes=None, mime_type=None)
download_target_json={
  "uri": "https://generativelanguage.googleapis.com/v1beta/files/m1io7jlv8kx4:download?alt=media",
  "video_bytes": null,
  "mime_type": null
}
raw_output_path=C:\Project\CAP_2000_Vocab_Project\workspaces\vocab\Ep13_0221_0230\04_images\animations\scene_5__v01__raw.mp4
raw_video_size_bytes=1738011
STEP 4.5/4 strip audio track from generated video
DONE animation generated
saved_to=C:\Project\CAP_2000_Vocab_Project\workspaces\vocab\Ep13_0221_0230\04_images\animations\scene_5__v01.mp4
DEFAULT RESULT scene_id=5 status=updated path=C:\Project\CAP_2000_Vocab_Project\workspaces\vocab\Ep13_0221_0230\04_images\animations\scene_5__v01.mp4
SCENE RESULT scene_id=5 status=ok path=C:\Project\CAP_2000_Vocab_Project\workspaces\vocab\Ep13_0221_0230\04_images\animations\scene_5__v01.mp4

===== BATCH SCENE 4/13 | scene_id=7 =====
STEP A generate animation prompt scene_id=7
Generating safe animation prompt for Scene 7...
prompt_source=model
saved_to=C:\Project\CAP_2000_Vocab_Project\workspaces\vocab\Ep13_0221_0230\03_storyboards\storyboard.csv
A humorous 3D cartoon character, gently stretching after cleaning, feels a mild appetite. A soft thought bubble appears above, subtly revealing appetizing food visuals. The camera smoothly glides and transitions into a vibrant, welcoming buffet restaurant exterior, maintaining the wide shot. Slight, calm movements of leaves on nearby plants add to the tranquil atmosphere, preparing for a pleasant dining experience.
PROMPT RESULT scene_id=7 status=ok
STEP B generate animation video scene_id=7
STEP 1/4 validate inputs
scene_id=7
image_path=C:\Project\CAP_2000_Vocab_Project\workspaces\vocab\Ep13_0221_0230\04_images\ai_generated\img_191.48.png
output_path=C:\Project\CAP_2000_Vocab_Project\workspaces\vocab\Ep13_0221_0230\04_images\animations\scene_7__v01.mp4
duration_seconds=8
video_model=veo-2.0-generate-001
poll_seconds=10
person_generation=allow_adult
image_mime_type=image/png
image_size_bytes=2517899
prompt_length=418
prompt_preview=A humorous 3D cartoon character, gently stretching after cleaning, feels a mild appetite. A soft thought bubble appears above, subtly revealing appetizing food visuals. The camera smoothly glides and transitions into a vibrant, welcoming buffet restaurant exterior, maintaining the wide shot. Slight, calm movements of leaves on nearby plants add to the tranquil atmosphere, preparing for a pleasant dining experience.
video_config={
  "http_options": null,
  "number_of_videos": 1,
  "output_gcs_uri": null,
  "fps": null,
  "duration_seconds": 8,
  "seed": null,
  "aspect_ratio": "16:9",
  "resolution": null,
  "person_generation": "allow_adult",
  "pubsub_topic": null,
  "negative_prompt": null,
  "enhance_prompt": null,
  "generate_audio": null,
  "last_frame": null,
  "reference_images": null,
  "mask": null,
  "compression_quality": null,
  "labels": null
}
STEP 2/4 submit image-to-video request
operation_submitted_done=None

===== DEBUG OPERATION [after_submit] =====
operation_type=<class 'google.genai.types.GenerateVideosOperation'>
operation_done=None
operation_name=models/veo-2.0-generate-001/operations/34kdwk72kfz4
operation_id=None
operation_error=None
operation_metadata=null
operation_result_type=<class 'NoneType'>
operation_response_type=<class 'NoneType'>
operation_repr=GenerateVideosOperation(
  name='models/veo-2.0-generate-001/operations/34kdwk72kfz4'
)
STEP 3/4 polling operation poll_count=1 wait_seconds=10
operation_status_done=None
operation_status_error=None
STEP 3/4 polling operation poll_count=2 wait_seconds=10
operation_status_done=None
operation_status_error=None
STEP 3/4 polling operation poll_count=3 wait_seconds=10
operation_status_done=True
operation_status_error=None

===== DEBUG OPERATION [after_polling_done] =====
operation_type=<class 'google.genai.types.GenerateVideosOperation'>
operation_done=True
operation_name=models/veo-2.0-generate-001/operations/34kdwk72kfz4
operation_id=None
operation_error=None
operation_metadata=null
operation_result_type=<class 'google.genai.types.GenerateVideosResponse'>
operation_response_type=<class 'google.genai.types.GenerateVideosResponse'>
operation_repr=GenerateVideosOperation(
  done=True,
  name='models/veo-2.0-generate-001/operations/34kdwk72kfz4',
  response=GenerateVideosResponse(
    generated_videos=[
      GeneratedVideo(
        video=Video(
          uri='https://generativelanguage.googleapis.com/v1beta/files/d5okyg5zenwo:download?alt=media'
        )
      ),
    ]
  ),
  result=GenerateVideosResponse(
    generated_videos=[
      GeneratedVideo(
        video=Video(
          uri='https://generativelanguage.googleapis.com/v1beta/files/d5okyg5zenwo:download?alt=media'
        )
      ),
    ]
  )
)

===== DEBUG RESULT [after_polling_done] =====
result_is_none=False
result_type=<class 'google.genai.types.GenerateVideosResponse'>
result_repr=GenerateVideosResponse(
  generated_videos=[
    GeneratedVideo(
      video=Video(
        uri='https://generativelanguage.googleapis.com/v1beta/files/d5okyg5zenwo:download?alt=media'
      )
    ),
  ]
)
result_json={
  "generated_videos": [
    {
      "video": {
        "uri": "https://generativelanguage.googleapis.com/v1beta/files/d5okyg5zenwo:download?alt=media",
        "video_bytes": null,
        "mime_type": null
      }
    }
  ],
  "rai_media_filtered_count": null,
  "rai_media_filtered_reasons": null
}
result_attrs=['construct', 'copy', 'dict', 'from_orm', 'generated_videos', 'json', 'model_computed_fields', 'model_config', 'model_construct', 'model_copy', 'model_dump', 'model_dump_json', 'model_extra', 'model_fields', 'model_fields_set', 'model_json_schema', 'model_parametrized_name', 'model_post_init', 'model_rebuild', 'model_validate', 'model_validate_json', 'model_validate_strings', 'parse_file', 'parse_obj', 'parse_raw', 'rai_media_filtered_count', 'rai_media_filtered_reasons', 'schema', 'schema_json', 'to_json_dict', 'update_forward_refs', 'validate']
generated_videos_exists=True
generated_videos_len=1
generated_video_0_type=<class 'google.genai.types.GeneratedVideo'>
generated_video_0_repr=GeneratedVideo(
  video=Video(
    uri='https://generativelanguage.googleapis.com/v1beta/files/d5okyg5zenwo:download?alt=media'
  )
)
generated_video_0_json={
  "video": {
    "uri": "https://generativelanguage.googleapis.com/v1beta/files/d5okyg5zenwo:download?alt=media",
    "video_bytes": null,
    "mime_type": null
  }
}
generated_video_0_video=Video(uri=https://generativelanguage.googleapis.com/v1beta/files/d5okyg5zenwo:download?alt=media, video_bytes=None, mime_type=None)
generated_video_0_uri=None
generated_video_0_name=None
STEP 4/4 download generated video

===== DEBUG DOWNLOAD TARGET =====
generated_video_type=<class 'google.genai.types.GeneratedVideo'>
generated_video_repr=GeneratedVideo(
  video=Video(
    uri='https://generativelanguage.googleapis.com/v1beta/files/d5okyg5zenwo:download?alt=media'
  )
)
generated_video_json={
  "video": {
    "uri": "https://generativelanguage.googleapis.com/v1beta/files/d5okyg5zenwo:download?alt=media",
    "video_bytes": null,
    "mime_type": null
  }
}
download_target_type=<class 'google.genai.types.Video'>
download_target_repr=Video(uri=https://generativelanguage.googleapis.com/v1beta/files/d5okyg5zenwo:download?alt=media, video_bytes=None, mime_type=None)
download_target_json={
  "uri": "https://generativelanguage.googleapis.com/v1beta/files/d5okyg5zenwo:download?alt=media",
  "video_bytes": null,
  "mime_type": null
}
raw_output_path=C:\Project\CAP_2000_Vocab_Project\workspaces\vocab\Ep13_0221_0230\04_images\animations\scene_7__v01__raw.mp4
raw_video_size_bytes=2931760
STEP 4.5/4 strip audio track from generated video
DONE animation generated
saved_to=C:\Project\CAP_2000_Vocab_Project\workspaces\vocab\Ep13_0221_0230\04_images\animations\scene_7__v01.mp4
DEFAULT RESULT scene_id=7 status=updated path=C:\Project\CAP_2000_Vocab_Project\workspaces\vocab\Ep13_0221_0230\04_images\animations\scene_7__v01.mp4
SCENE RESULT scene_id=7 status=ok path=C:\Project\CAP_2000_Vocab_Project\workspaces\vocab\Ep13_0221_0230\04_images\animations\scene_7__v01.mp4

===== BATCH SCENE 5/13 | scene_id=9 =====
STEP A generate animation prompt scene_id=9
Generating safe animation prompt for Scene 9...
prompt_source=model
saved_to=C:\Project\CAP_2000_Vocab_Project\workspaces\vocab\Ep13_0221_0230\03_storyboards\storyboard.csv
In a brightly lit cartoon buffet, diners engage in calm, quiet conversation and gentle movements. A tiny, dark insect, a visual learning aid, slowly ascends the background wall. The camera executes a very subtle, smooth zoom, gently guiding attention towards the insect's unhurried progress. The bright, friendly atmosphere remains consistently calm, maintaining seamless continuity for an educational observation.
PROMPT RESULT scene_id=9 status=ok
STEP B generate animation video scene_id=9
STEP 1/4 validate inputs
scene_id=9
image_path=C:\Project\CAP_2000_Vocab_Project\workspaces\vocab\Ep13_0221_0230\04_images\ai_generated\img_247.5.png
output_path=C:\Project\CAP_2000_Vocab_Project\workspaces\vocab\Ep13_0221_0230\04_images\animations\scene_9__v01.mp4
duration_seconds=8
video_model=veo-2.0-generate-001
poll_seconds=10
person_generation=allow_adult
image_mime_type=image/png
image_size_bytes=2558778
prompt_length=414
prompt_preview=In a brightly lit cartoon buffet, diners engage in calm, quiet conversation and gentle movements. A tiny, dark insect, a visual learning aid, slowly ascends the background wall. The camera executes a very subtle, smooth zoom, gently guiding attention towards the insect's unhurried progress. The bright, friendly atmosphere remains consistently calm, maintaining seamless continuity for an educational observation.
video_config={
  "http_options": null,
  "number_of_videos": 1,
  "output_gcs_uri": null,
  "fps": null,
  "duration_seconds": 8,
  "seed": null,
  "aspect_ratio": "16:9",
  "resolution": null,
  "person_generation": "allow_adult",
  "pubsub_topic": null,
  "negative_prompt": null,
  "enhance_prompt": null,
  "generate_audio": null,
  "last_frame": null,
  "reference_images": null,
  "mask": null,
  "compression_quality": null,
  "labels": null
}
STEP 2/4 submit image-to-video request
operation_submitted_done=None

===== DEBUG OPERATION [after_submit] =====
operation_type=<class 'google.genai.types.GenerateVideosOperation'>
operation_done=None
operation_name=models/veo-2.0-generate-001/operations/a0m1ccea905n
operation_id=None
operation_error=None
operation_metadata=null
operation_result_type=<class 'NoneType'>
operation_response_type=<class 'NoneType'>
operation_repr=GenerateVideosOperation(
  name='models/veo-2.0-generate-001/operations/a0m1ccea905n'
)
STEP 3/4 polling operation poll_count=1 wait_seconds=10
operation_status_done=None
operation_status_error=None
STEP 3/4 polling operation poll_count=2 wait_seconds=10
operation_status_done=None
operation_status_error=None
STEP 3/4 polling operation poll_count=3 wait_seconds=10
operation_status_done=True
operation_status_error=None

===== DEBUG OPERATION [after_polling_done] =====
operation_type=<class 'google.genai.types.GenerateVideosOperation'>
operation_done=True
operation_name=models/veo-2.0-generate-001/operations/a0m1ccea905n
operation_id=None
operation_error=None
operation_metadata=null
operation_result_type=<class 'google.genai.types.GenerateVideosResponse'>
operation_response_type=<class 'google.genai.types.GenerateVideosResponse'>
operation_repr=GenerateVideosOperation(
  done=True,
  name='models/veo-2.0-generate-001/operations/a0m1ccea905n',
  response=GenerateVideosResponse(
    generated_videos=[
      GeneratedVideo(
        video=Video(
          uri='https://generativelanguage.googleapis.com/v1beta/files/1t6c7f1t5iq4:download?alt=media'
        )
      ),
    ]
  ),
  result=GenerateVideosResponse(
    generated_videos=[
      GeneratedVideo(
        video=Video(
          uri='https://generativelanguage.googleapis.com/v1beta/files/1t6c7f1t5iq4:download?alt=media'
        )
      ),
    ]
  )
)

===== DEBUG RESULT [after_polling_done] =====
result_is_none=False
result_type=<class 'google.genai.types.GenerateVideosResponse'>
result_repr=GenerateVideosResponse(
  generated_videos=[
    GeneratedVideo(
      video=Video(
        uri='https://generativelanguage.googleapis.com/v1beta/files/1t6c7f1t5iq4:download?alt=media'
      )
    ),
  ]
)
result_json={
  "generated_videos": [
    {
      "video": {
        "uri": "https://generativelanguage.googleapis.com/v1beta/files/1t6c7f1t5iq4:download?alt=media",
        "video_bytes": null,
        "mime_type": null
      }
    }
  ],
  "rai_media_filtered_count": null,
  "rai_media_filtered_reasons": null
}
result_attrs=['construct', 'copy', 'dict', 'from_orm', 'generated_videos', 'json', 'model_computed_fields', 'model_config', 'model_construct', 'model_copy', 'model_dump', 'model_dump_json', 'model_extra', 'model_fields', 'model_fields_set', 'model_json_schema', 'model_parametrized_name', 'model_post_init', 'model_rebuild', 'model_validate', 'model_validate_json', 'model_validate_strings', 'parse_file', 'parse_obj', 'parse_raw', 'rai_media_filtered_count', 'rai_media_filtered_reasons', 'schema', 'schema_json', 'to_json_dict', 'update_forward_refs', 'validate']
generated_videos_exists=True
generated_videos_len=1
generated_video_0_type=<class 'google.genai.types.GeneratedVideo'>
generated_video_0_repr=GeneratedVideo(
  video=Video(
    uri='https://generativelanguage.googleapis.com/v1beta/files/1t6c7f1t5iq4:download?alt=media'
  )
)
generated_video_0_json={
  "video": {
    "uri": "https://generativelanguage.googleapis.com/v1beta/files/1t6c7f1t5iq4:download?alt=media",
    "video_bytes": null,
    "mime_type": null
  }
}
generated_video_0_video=Video(uri=https://generativelanguage.googleapis.com/v1beta/files/1t6c7f1t5iq4:download?alt=media, video_bytes=None, mime_type=None)
generated_video_0_uri=None
generated_video_0_name=None
STEP 4/4 download generated video

===== DEBUG DOWNLOAD TARGET =====
generated_video_type=<class 'google.genai.types.GeneratedVideo'>
generated_video_repr=GeneratedVideo(
  video=Video(
    uri='https://generativelanguage.googleapis.com/v1beta/files/1t6c7f1t5iq4:download?alt=media'
  )
)
generated_video_json={
  "video": {
    "uri": "https://generativelanguage.googleapis.com/v1beta/files/1t6c7f1t5iq4:download?alt=media",
    "video_bytes": null,
    "mime_type": null
  }
}
download_target_type=<class 'google.genai.types.Video'>
download_target_repr=Video(uri=https://generativelanguage.googleapis.com/v1beta/files/1t6c7f1t5iq4:download?alt=media, video_bytes=None, mime_type=None)
download_target_json={
  "uri": "https://generativelanguage.googleapis.com/v1beta/files/1t6c7f1t5iq4:download?alt=media",
  "video_bytes": null,
  "mime_type": null
}
raw_output_path=C:\Project\CAP_2000_Vocab_Project\workspaces\vocab\Ep13_0221_0230\04_images\animations\scene_9__v01__raw.mp4
raw_video_size_bytes=3165878
STEP 4.5/4 strip audio track from generated video
DONE animation generated
saved_to=C:\Project\CAP_2000_Vocab_Project\workspaces\vocab\Ep13_0221_0230\04_images\animations\scene_9__v01.mp4
DEFAULT RESULT scene_id=9 status=updated path=C:\Project\CAP_2000_Vocab_Project\workspaces\vocab\Ep13_0221_0230\04_images\animations\scene_9__v01.mp4
SCENE RESULT scene_id=9 status=ok path=C:\Project\CAP_2000_Vocab_Project\workspaces\vocab\Ep13_0221_0230\04_images\animations\scene_9__v01.mp4

===== BATCH SCENE 6/13 | scene_id=11 =====
STEP A generate animation prompt scene_id=11
Generating safe animation prompt for Scene 11...
prompt_source=model
saved_to=C:\Project\CAP_2000_Vocab_Project\workspaces\vocab\Ep13_0221_0230\03_storyboards\storyboard.csv
A beautiful 3D nature documentary-style animation showing a colony of ants working together to construct an intricate anthill, connecting the concept of bugs with building. The camera performs a slow, smooth push-in, gently revealing the detailed structure as individual ants move tiny particles with steady, purposeful steps. Soft, diffused natural light subtly brightens and dims across the scene, emphasizing the continuous, cooperative building process and the gentle movement of the colony. The atmosphere is calm and educational, highlighting the marvel of natural architecture.
PROMPT RESULT scene_id=11 status=ok
STEP B generate animation video scene_id=11
STEP 1/4 validate inputs
scene_id=11
image_path=C:\Project\CAP_2000_Vocab_Project\workspaces\vocab\Ep13_0221_0230\04_images\ai_generated\img_306.32.png
output_path=C:\Project\CAP_2000_Vocab_Project\workspaces\vocab\Ep13_0221_0230\04_images\animations\scene_11__v01.mp4
duration_seconds=8
video_model=veo-2.0-generate-001
poll_seconds=10
person_generation=allow_adult
image_mime_type=image/png
image_size_bytes=3335179
prompt_length=584
prompt_preview=A beautiful 3D nature documentary-style animation showing a colony of ants working together to construct an intricate anthill, connecting the concept of bugs with building. The camera performs a slow, smooth push-in, gently revealing the detailed structure as individual ants move tiny particles with steady, purposeful steps. Soft, diffused natural light subtly brightens and dims across the scene, emphasizing the continuous, cooperative building process and the gentle movement of the colony. The 
video_config={
  "http_options": null,
  "number_of_videos": 1,
  "output_gcs_uri": null,
  "fps": null,
  "duration_seconds": 8,
  "seed": null,
  "aspect_ratio": "16:9",
  "resolution": null,
  "person_generation": "allow_adult",
  "pubsub_topic": null,
  "negative_prompt": null,
  "enhance_prompt": null,
  "generate_audio": null,
  "last_frame": null,
  "reference_images": null,
  "mask": null,
  "compression_quality": null,
  "labels": null
}
STEP 2/4 submit image-to-video request
operation_submitted_done=None

===== DEBUG OPERATION [after_submit] =====
operation_type=<class 'google.genai.types.GenerateVideosOperation'>
operation_done=None
operation_name=models/veo-2.0-generate-001/operations/l0rfw50s41le
operation_id=None
operation_error=None
operation_metadata=null
operation_result_type=<class 'NoneType'>
operation_response_type=<class 'NoneType'>
operation_repr=GenerateVideosOperation(
  name='models/veo-2.0-generate-001/operations/l0rfw50s41le'
)
STEP 3/4 polling operation poll_count=1 wait_seconds=10
operation_status_done=None
operation_status_error=None
STEP 3/4 polling operation poll_count=2 wait_seconds=10
operation_status_done=None
operation_status_error=None
STEP 3/4 polling operation poll_count=3 wait_seconds=10
operation_status_done=True
operation_status_error=None

===== DEBUG OPERATION [after_polling_done] =====
operation_type=<class 'google.genai.types.GenerateVideosOperation'>
operation_done=True
operation_name=models/veo-2.0-generate-001/operations/l0rfw50s41le
operation_id=None
operation_error=None
operation_metadata=null
operation_result_type=<class 'google.genai.types.GenerateVideosResponse'>
operation_response_type=<class 'google.genai.types.GenerateVideosResponse'>
operation_repr=GenerateVideosOperation(
  done=True,
  name='models/veo-2.0-generate-001/operations/l0rfw50s41le',
  response=GenerateVideosResponse(
    generated_videos=[
      GeneratedVideo(
        video=Video(
          uri='https://generativelanguage.googleapis.com/v1beta/files/v82srhedohhd:download?alt=media'
        )
      ),
    ]
  ),
  result=GenerateVideosResponse(
    generated_videos=[
      GeneratedVideo(
        video=Video(
          uri='https://generativelanguage.googleapis.com/v1beta/files/v82srhedohhd:download?alt=media'
        )
      ),
    ]
  )
)

===== DEBUG RESULT [after_polling_done] =====
result_is_none=False
result_type=<class 'google.genai.types.GenerateVideosResponse'>
result_repr=GenerateVideosResponse(
  generated_videos=[
    GeneratedVideo(
      video=Video(
        uri='https://generativelanguage.googleapis.com/v1beta/files/v82srhedohhd:download?alt=media'
      )
    ),
  ]
)
result_json={
  "generated_videos": [
    {
      "video": {
        "uri": "https://generativelanguage.googleapis.com/v1beta/files/v82srhedohhd:download?alt=media",
        "video_bytes": null,
        "mime_type": null
      }
    }
  ],
  "rai_media_filtered_count": null,
  "rai_media_filtered_reasons": null
}
result_attrs=['construct', 'copy', 'dict', 'from_orm', 'generated_videos', 'json', 'model_computed_fields', 'model_config', 'model_construct', 'model_copy', 'model_dump', 'model_dump_json', 'model_extra', 'model_fields', 'model_fields_set', 'model_json_schema', 'model_parametrized_name', 'model_post_init', 'model_rebuild', 'model_validate', 'model_validate_json', 'model_validate_strings', 'parse_file', 'parse_obj', 'parse_raw', 'rai_media_filtered_count', 'rai_media_filtered_reasons', 'schema', 'schema_json', 'to_json_dict', 'update_forward_refs', 'validate']
generated_videos_exists=True
generated_videos_len=1
generated_video_0_type=<class 'google.genai.types.GeneratedVideo'>
generated_video_0_repr=GeneratedVideo(
  video=Video(
    uri='https://generativelanguage.googleapis.com/v1beta/files/v82srhedohhd:download?alt=media'
  )
)
generated_video_0_json={
  "video": {
    "uri": "https://generativelanguage.googleapis.com/v1beta/files/v82srhedohhd:download?alt=media",
    "video_bytes": null,
    "mime_type": null
  }
}
generated_video_0_video=Video(uri=https://generativelanguage.googleapis.com/v1beta/files/v82srhedohhd:download?alt=media, video_bytes=None, mime_type=None)
generated_video_0_uri=None
generated_video_0_name=None
STEP 4/4 download generated video

===== DEBUG DOWNLOAD TARGET =====
generated_video_type=<class 'google.genai.types.GeneratedVideo'>
generated_video_repr=GeneratedVideo(
  video=Video(
    uri='https://generativelanguage.googleapis.com/v1beta/files/v82srhedohhd:download?alt=media'
  )
)
generated_video_json={
  "video": {
    "uri": "https://generativelanguage.googleapis.com/v1beta/files/v82srhedohhd:download?alt=media",
    "video_bytes": null,
    "mime_type": null
  }
}
download_target_type=<class 'google.genai.types.Video'>
download_target_repr=Video(uri=https://generativelanguage.googleapis.com/v1beta/files/v82srhedohhd:download?alt=media, video_bytes=None, mime_type=None)
download_target_json={
  "uri": "https://generativelanguage.googleapis.com/v1beta/files/v82srhedohhd:download?alt=media",
  "video_bytes": null,
  "mime_type": null
}
raw_output_path=C:\Project\CAP_2000_Vocab_Project\workspaces\vocab\Ep13_0221_0230\04_images\animations\scene_11__v01__raw.mp4
raw_video_size_bytes=6156463
STEP 4.5/4 strip audio track from generated video
DONE animation generated
saved_to=C:\Project\CAP_2000_Vocab_Project\workspaces\vocab\Ep13_0221_0230\04_images\animations\scene_11__v01.mp4
DEFAULT RESULT scene_id=11 status=updated path=C:\Project\CAP_2000_Vocab_Project\workspaces\vocab\Ep13_0221_0230\04_images\animations\scene_11__v01.mp4
SCENE RESULT scene_id=11 status=ok path=C:\Project\CAP_2000_Vocab_Project\workspaces\vocab\Ep13_0221_0230\04_images\animations\scene_11__v01.mp4

===== BATCH SCENE 7/13 | scene_id=14 =====
STEP A generate animation prompt scene_id=14
Generating safe animation prompt for Scene 14...
prompt_source=model
saved_to=C:\Project\CAP_2000_Vocab_Project\workspaces\vocab\Ep13_0221_0230\03_storyboards\storyboard.csv
A friendly 3D cartoon character ambles serenely along a city street, passing a stately building. The character gently pauses, a subtle head turn and a soft, curious sniff as the delicate aroma of fresh bread wafts from a nearby bakery. A smooth, gentle camera drift slowly approaches, maintaining focus on the character's pleasant discovery. The atmosphere remains calm, ensuring a seamless, educational transition.
PROMPT RESULT scene_id=14 status=ok
STEP B generate animation video scene_id=14
STEP 1/4 validate inputs
scene_id=14
image_path=C:\Project\CAP_2000_Vocab_Project\workspaces\vocab\Ep13_0221_0230\04_images\ai_generated\img_393.9.png
output_path=C:\Project\CAP_2000_Vocab_Project\workspaces\vocab\Ep13_0221_0230\04_images\animations\scene_14__v01.mp4
duration_seconds=8
video_model=veo-2.0-generate-001
poll_seconds=10
person_generation=allow_adult
image_mime_type=image/png
image_size_bytes=2639090
prompt_length=415
prompt_preview=A friendly 3D cartoon character ambles serenely along a city street, passing a stately building. The character gently pauses, a subtle head turn and a soft, curious sniff as the delicate aroma of fresh bread wafts from a nearby bakery. A smooth, gentle camera drift slowly approaches, maintaining focus on the character's pleasant discovery. The atmosphere remains calm, ensuring a seamless, educational transition.
video_config={
  "http_options": null,
  "number_of_videos": 1,
  "output_gcs_uri": null,
  "fps": null,
  "duration_seconds": 8,
  "seed": null,
  "aspect_ratio": "16:9",
  "resolution": null,
  "person_generation": "allow_adult",
  "pubsub_topic": null,
  "negative_prompt": null,
  "enhance_prompt": null,
  "generate_audio": null,
  "last_frame": null,
  "reference_images": null,
  "mask": null,
  "compression_quality": null,
  "labels": null
}
STEP 2/4 submit image-to-video request
operation_submitted_done=None

===== DEBUG OPERATION [after_submit] =====
operation_type=<class 'google.genai.types.GenerateVideosOperation'>
operation_done=None
operation_name=models/veo-2.0-generate-001/operations/px87pk7nfaqf
operation_id=None
operation_error=None
operation_metadata=null
operation_result_type=<class 'NoneType'>
operation_response_type=<class 'NoneType'>
operation_repr=GenerateVideosOperation(
  name='models/veo-2.0-generate-001/operations/px87pk7nfaqf'
)
STEP 3/4 polling operation poll_count=1 wait_seconds=10
operation_status_done=True
operation_status_error={'code': 3, 'message': 'The prompt could not be submitted due to the interests of third-party content providers. Please modify your prompt and try again.'}

===== DEBUG OPERATION [after_polling_done] =====
operation_type=<class 'google.genai.types.GenerateVideosOperation'>
operation_done=True
operation_name=models/veo-2.0-generate-001/operations/px87pk7nfaqf
operation_id=None
operation_error={'code': 3, 'message': 'The prompt could not be submitted due to the interests of third-party content providers. Please modify your prompt and try again.'}
operation_metadata=null
operation_result_type=<class 'NoneType'>
operation_response_type=<class 'NoneType'>
operation_repr=GenerateVideosOperation(
  done=True,
  error={
    'code': 3,
    'message': 'The prompt could not be submitted due to the interests of third-party content providers. Please modify your prompt and try again.'
  },
  name='models/veo-2.0-generate-001/operations/px87pk7nfaqf'
)

===== DEBUG RESULT [after_polling_done] =====
result_is_none=True
result_type=<class 'NoneType'>
SCENE RESULT scene_id=14 status=error error=ʵeͦ@~wAAȺݦ^~C
operation_error={'code': 3, 'message': 'The prompt could not be submitted due to the interests of third-party content providers. Please modify your prompt and try again.'}
metadata=null
Traceback (most recent call last):
  File "C:\Project\CAP_2000_Vocab_Project\scripts\generate_all_scene_animations.py", line 164, in run_batch_animation_for_episode
    output_path = generate_scene_animation(ep_num, scene_id)
                  ^^^^^^^^^^^^^^^^^^^^^^^^^^^^^^^^^^^^^^^^^^
  File "C:\Project\CAP_2000_Vocab_Project\scripts\generate_scene_animation.py", line 389, in generate_scene_animation
    raise SceneAnimationError(format_operation_failure(operation, operation_error))
generate_scene_animation.SceneAnimationError: ʵeͦ@~wAAȺݦ^~C
operation_error={'code': 3, 'message': 'The prompt could not be submitted due to the interests of third-party content providers. Please modify your prompt and try again.'}
metadata=null

===== BATCH SCENE 8/13 | scene_id=17 =====
STEP A generate animation prompt scene_id=17
Generating safe animation prompt for Scene 17...
prompt_source=model
saved_to=C:\Project\CAP_2000_Vocab_Project\workspaces\vocab\Ep13_0221_0230\03_storyboards\storyboard.csv
A mild character gently approaches the cozy fireplace, holding a bundle of old newspapers. With a calm, deliberate motion, the character carefully positions a single newspaper near the hearth, demonstrating the initial setup for kindling. A subtle camera float enhances the gentle movement. The soft, warm ambient light slowly pulsates, creating a tranquil educational atmosphere that prepares the viewer for the concept of transformation.
PROMPT RESULT scene_id=17 status=ok
STEP B generate animation video scene_id=17
STEP 1/4 validate inputs
scene_id=17
image_path=C:\Project\CAP_2000_Vocab_Project\workspaces\vocab\Ep13_0221_0230\04_images\ai_generated\img_497.24.png
output_path=C:\Project\CAP_2000_Vocab_Project\workspaces\vocab\Ep13_0221_0230\04_images\animations\scene_17__v01.mp4
duration_seconds=5
video_model=veo-2.0-generate-001
poll_seconds=10
person_generation=allow_adult
image_mime_type=image/png
image_size_bytes=2185711
prompt_length=439
prompt_preview=A mild character gently approaches the cozy fireplace, holding a bundle of old newspapers. With a calm, deliberate motion, the character carefully positions a single newspaper near the hearth, demonstrating the initial setup for kindling. A subtle camera float enhances the gentle movement. The soft, warm ambient light slowly pulsates, creating a tranquil educational atmosphere that prepares the viewer for the concept of transformation.
video_config={
  "http_options": null,
  "number_of_videos": 1,
  "output_gcs_uri": null,
  "fps": null,
  "duration_seconds": 5,
  "seed": null,
  "aspect_ratio": "16:9",
  "resolution": null,
  "person_generation": "allow_adult",
  "pubsub_topic": null,
  "negative_prompt": null,
  "enhance_prompt": null,
  "generate_audio": null,
  "last_frame": null,
  "reference_images": null,
  "mask": null,
  "compression_quality": null,
  "labels": null
}
STEP 2/4 submit image-to-video request
operation_submitted_done=None

===== DEBUG OPERATION [after_submit] =====
operation_type=<class 'google.genai.types.GenerateVideosOperation'>
operation_done=None
operation_name=models/veo-2.0-generate-001/operations/avx4lcj57f2i
operation_id=None
operation_error=None
operation_metadata=null
operation_result_type=<class 'NoneType'>
operation_response_type=<class 'NoneType'>
operation_repr=GenerateVideosOperation(
  name='models/veo-2.0-generate-001/operations/avx4lcj57f2i'
)
STEP 3/4 polling operation poll_count=1 wait_seconds=10
operation_status_done=None
operation_status_error=None
STEP 3/4 polling operation poll_count=2 wait_seconds=10
operation_status_done=None
operation_status_error=None
STEP 3/4 polling operation poll_count=3 wait_seconds=10
operation_status_done=True
operation_status_error=None

===== DEBUG OPERATION [after_polling_done] =====
operation_type=<class 'google.genai.types.GenerateVideosOperation'>
operation_done=True
operation_name=models/veo-2.0-generate-001/operations/avx4lcj57f2i
operation_id=None
operation_error=None
operation_metadata=null
operation_result_type=<class 'google.genai.types.GenerateVideosResponse'>
operation_response_type=<class 'google.genai.types.GenerateVideosResponse'>
operation_repr=GenerateVideosOperation(
  done=True,
  name='models/veo-2.0-generate-001/operations/avx4lcj57f2i',
  response=GenerateVideosResponse(
    generated_videos=[
      GeneratedVideo(
        video=Video(
          uri='https://generativelanguage.googleapis.com/v1beta/files/uorwx9tr8xyq:download?alt=media'
        )
      ),
    ]
  ),
  result=GenerateVideosResponse(
    generated_videos=[
      GeneratedVideo(
        video=Video(
          uri='https://generativelanguage.googleapis.com/v1beta/files/uorwx9tr8xyq:download?alt=media'
        )
      ),
    ]
  )
)

===== DEBUG RESULT [after_polling_done] =====
result_is_none=False
result_type=<class 'google.genai.types.GenerateVideosResponse'>
result_repr=GenerateVideosResponse(
  generated_videos=[
    GeneratedVideo(
      video=Video(
        uri='https://generativelanguage.googleapis.com/v1beta/files/uorwx9tr8xyq:download?alt=media'
      )
    ),
  ]
)
result_json={
  "generated_videos": [
    {
      "video": {
        "uri": "https://generativelanguage.googleapis.com/v1beta/files/uorwx9tr8xyq:download?alt=media",
        "video_bytes": null,
        "mime_type": null
      }
    }
  ],
  "rai_media_filtered_count": null,
  "rai_media_filtered_reasons": null
}
result_attrs=['construct', 'copy', 'dict', 'from_orm', 'generated_videos', 'json', 'model_computed_fields', 'model_config', 'model_construct', 'model_copy', 'model_dump', 'model_dump_json', 'model_extra', 'model_fields', 'model_fields_set', 'model_json_schema', 'model_parametrized_name', 'model_post_init', 'model_rebuild', 'model_validate', 'model_validate_json', 'model_validate_strings', 'parse_file', 'parse_obj', 'parse_raw', 'rai_media_filtered_count', 'rai_media_filtered_reasons', 'schema', 'schema_json', 'to_json_dict', 'update_forward_refs', 'validate']
generated_videos_exists=True
generated_videos_len=1
generated_video_0_type=<class 'google.genai.types.GeneratedVideo'>
generated_video_0_repr=GeneratedVideo(
  video=Video(
    uri='https://generativelanguage.googleapis.com/v1beta/files/uorwx9tr8xyq:download?alt=media'
  )
)
generated_video_0_json={
  "video": {
    "uri": "https://generativelanguage.googleapis.com/v1beta/files/uorwx9tr8xyq:download?alt=media",
    "video_bytes": null,
    "mime_type": null
  }
}
generated_video_0_video=Video(uri=https://generativelanguage.googleapis.com/v1beta/files/uorwx9tr8xyq:download?alt=media, video_bytes=None, mime_type=None)
generated_video_0_uri=None
generated_video_0_name=None
STEP 4/4 download generated video

===== DEBUG DOWNLOAD TARGET =====
generated_video_type=<class 'google.genai.types.GeneratedVideo'>
generated_video_repr=GeneratedVideo(
  video=Video(
    uri='https://generativelanguage.googleapis.com/v1beta/files/uorwx9tr8xyq:download?alt=media'
  )
)
generated_video_json={
  "video": {
    "uri": "https://generativelanguage.googleapis.com/v1beta/files/uorwx9tr8xyq:download?alt=media",
    "video_bytes": null,
    "mime_type": null
  }
}
download_target_type=<class 'google.genai.types.Video'>
download_target_repr=Video(uri=https://generativelanguage.googleapis.com/v1beta/files/uorwx9tr8xyq:download?alt=media, video_bytes=None, mime_type=None)
download_target_json={
  "uri": "https://generativelanguage.googleapis.com/v1beta/files/uorwx9tr8xyq:download?alt=media",
  "video_bytes": null,
  "mime_type": null
}
raw_output_path=C:\Project\CAP_2000_Vocab_Project\workspaces\vocab\Ep13_0221_0230\04_images\animations\scene_17__v01__raw.mp4
raw_video_size_bytes=1438629
STEP 4.5/4 strip audio track from generated video
DONE animation generated
saved_to=C:\Project\CAP_2000_Vocab_Project\workspaces\vocab\Ep13_0221_0230\04_images\animations\scene_17__v01.mp4
DEFAULT RESULT scene_id=17 status=updated path=C:\Project\CAP_2000_Vocab_Project\workspaces\vocab\Ep13_0221_0230\04_images\animations\scene_17__v01.mp4
SCENE RESULT scene_id=17 status=ok path=C:\Project\CAP_2000_Vocab_Project\workspaces\vocab\Ep13_0221_0230\04_images\animations\scene_17__v01.mp4

===== BATCH SCENE 9/13 | scene_id=19 =====
STEP A generate animation prompt scene_id=19
Generating safe animation prompt for Scene 19...
prompt_source=model
saved_to=C:\Project\CAP_2000_Vocab_Project\workspaces\vocab\Ep13_0221_0230\03_storyboards\storyboard.csv
A calm animation shows a balloon already near a gentle heat source. Subtle warmth emanates, causing the balloon's surface to gradually stretch and steadily expand. A slow, gentle camera push-in observes this controlled thermal expansion process. The atmosphere remains serene and educational, illustrating a peaceful material change. As the balloon reaches its peak expansion, it very softly releases a visible, infographic-style wisp of air, calmly dissipating from its surface, ensuring smooth continuity to the next educational concept.
PROMPT RESULT scene_id=19 status=ok
STEP B generate animation video scene_id=19
STEP 1/4 validate inputs
scene_id=19
image_path=C:\Project\CAP_2000_Vocab_Project\workspaces\vocab\Ep13_0221_0230\04_images\ai_generated\img_538.62.png
output_path=C:\Project\CAP_2000_Vocab_Project\workspaces\vocab\Ep13_0221_0230\04_images\animations\scene_19__v01.mp4
duration_seconds=6
video_model=veo-2.0-generate-001
poll_seconds=10
person_generation=allow_adult
image_mime_type=image/png
image_size_bytes=2060358
prompt_length=539
prompt_preview=A calm animation shows a balloon already near a gentle heat source. Subtle warmth emanates, causing the balloon's surface to gradually stretch and steadily expand. A slow, gentle camera push-in observes this controlled thermal expansion process. The atmosphere remains serene and educational, illustrating a peaceful material change. As the balloon reaches its peak expansion, it very softly releases a visible, infographic-style wisp of air, calmly dissipating from its surface, ensuring smooth cont
video_config={
  "http_options": null,
  "number_of_videos": 1,
  "output_gcs_uri": null,
  "fps": null,
  "duration_seconds": 6,
  "seed": null,
  "aspect_ratio": "16:9",
  "resolution": null,
  "person_generation": "allow_adult",
  "pubsub_topic": null,
  "negative_prompt": null,
  "enhance_prompt": null,
  "generate_audio": null,
  "last_frame": null,
  "reference_images": null,
  "mask": null,
  "compression_quality": null,
  "labels": null
}
STEP 2/4 submit image-to-video request
operation_submitted_done=None

===== DEBUG OPERATION [after_submit] =====
operation_type=<class 'google.genai.types.GenerateVideosOperation'>
operation_done=None
operation_name=models/veo-2.0-generate-001/operations/dyuhseo6fvmm
operation_id=None
operation_error=None
operation_metadata=null
operation_result_type=<class 'NoneType'>
operation_response_type=<class 'NoneType'>
operation_repr=GenerateVideosOperation(
  name='models/veo-2.0-generate-001/operations/dyuhseo6fvmm'
)
STEP 3/4 polling operation poll_count=1 wait_seconds=10
operation_status_done=None
operation_status_error=None
STEP 3/4 polling operation poll_count=2 wait_seconds=10
operation_status_done=None
operation_status_error=None
STEP 3/4 polling operation poll_count=3 wait_seconds=10
operation_status_done=None
operation_status_error=None
STEP 3/4 polling operation poll_count=4 wait_seconds=10
operation_status_done=True
operation_status_error=None

===== DEBUG OPERATION [after_polling_done] =====
operation_type=<class 'google.genai.types.GenerateVideosOperation'>
operation_done=True
operation_name=models/veo-2.0-generate-001/operations/dyuhseo6fvmm
operation_id=None
operation_error=None
operation_metadata=null
operation_result_type=<class 'google.genai.types.GenerateVideosResponse'>
operation_response_type=<class 'google.genai.types.GenerateVideosResponse'>
operation_repr=GenerateVideosOperation(
  done=True,
  name='models/veo-2.0-generate-001/operations/dyuhseo6fvmm',
  response=GenerateVideosResponse(
    generated_videos=[
      GeneratedVideo(
        video=Video(
          uri='https://generativelanguage.googleapis.com/v1beta/files/74jud7hvut1d:download?alt=media'
        )
      ),
    ]
  ),
  result=GenerateVideosResponse(
    generated_videos=[
      GeneratedVideo(
        video=Video(
          uri='https://generativelanguage.googleapis.com/v1beta/files/74jud7hvut1d:download?alt=media'
        )
      ),
    ]
  )
)

===== DEBUG RESULT [after_polling_done] =====
result_is_none=False
result_type=<class 'google.genai.types.GenerateVideosResponse'>
result_repr=GenerateVideosResponse(
  generated_videos=[
    GeneratedVideo(
      video=Video(
        uri='https://generativelanguage.googleapis.com/v1beta/files/74jud7hvut1d:download?alt=media'
      )
    ),
  ]
)
result_json={
  "generated_videos": [
    {
      "video": {
        "uri": "https://generativelanguage.googleapis.com/v1beta/files/74jud7hvut1d:download?alt=media",
        "video_bytes": null,
        "mime_type": null
      }
    }
  ],
  "rai_media_filtered_count": null,
  "rai_media_filtered_reasons": null
}
result_attrs=['construct', 'copy', 'dict', 'from_orm', 'generated_videos', 'json', 'model_computed_fields', 'model_config', 'model_construct', 'model_copy', 'model_dump', 'model_dump_json', 'model_extra', 'model_fields', 'model_fields_set', 'model_json_schema', 'model_parametrized_name', 'model_post_init', 'model_rebuild', 'model_validate', 'model_validate_json', 'model_validate_strings', 'parse_file', 'parse_obj', 'parse_raw', 'rai_media_filtered_count', 'rai_media_filtered_reasons', 'schema', 'schema_json', 'to_json_dict', 'update_forward_refs', 'validate']
generated_videos_exists=True
generated_videos_len=1
generated_video_0_type=<class 'google.genai.types.GeneratedVideo'>
generated_video_0_repr=GeneratedVideo(
  video=Video(
    uri='https://generativelanguage.googleapis.com/v1beta/files/74jud7hvut1d:download?alt=media'
  )
)
generated_video_0_json={
  "video": {
    "uri": "https://generativelanguage.googleapis.com/v1beta/files/74jud7hvut1d:download?alt=media",
    "video_bytes": null,
    "mime_type": null
  }
}
generated_video_0_video=Video(uri=https://generativelanguage.googleapis.com/v1beta/files/74jud7hvut1d:download?alt=media, video_bytes=None, mime_type=None)
generated_video_0_uri=None
generated_video_0_name=None
STEP 4/4 download generated video

===== DEBUG DOWNLOAD TARGET =====
generated_video_type=<class 'google.genai.types.GeneratedVideo'>
generated_video_repr=GeneratedVideo(
  video=Video(
    uri='https://generativelanguage.googleapis.com/v1beta/files/74jud7hvut1d:download?alt=media'
  )
)
generated_video_json={
  "video": {
    "uri": "https://generativelanguage.googleapis.com/v1beta/files/74jud7hvut1d:download?alt=media",
    "video_bytes": null,
    "mime_type": null
  }
}
download_target_type=<class 'google.genai.types.Video'>
download_target_repr=Video(uri=https://generativelanguage.googleapis.com/v1beta/files/74jud7hvut1d:download?alt=media, video_bytes=None, mime_type=None)
download_target_json={
  "uri": "https://generativelanguage.googleapis.com/v1beta/files/74jud7hvut1d:download?alt=media",
  "video_bytes": null,
  "mime_type": null
}
raw_output_path=C:\Project\CAP_2000_Vocab_Project\workspaces\vocab\Ep13_0221_0230\04_images\animations\scene_19__v01__raw.mp4
raw_video_size_bytes=1176450
STEP 4.5/4 strip audio track from generated video
DONE animation generated
saved_to=C:\Project\CAP_2000_Vocab_Project\workspaces\vocab\Ep13_0221_0230\04_images\animations\scene_19__v01.mp4
DEFAULT RESULT scene_id=19 status=updated path=C:\Project\CAP_2000_Vocab_Project\workspaces\vocab\Ep13_0221_0230\04_images\animations\scene_19__v01.mp4
SCENE RESULT scene_id=19 status=ok path=C:\Project\CAP_2000_Vocab_Project\workspaces\vocab\Ep13_0221_0230\04_images\animations\scene_19__v01.mp4

===== BATCH SCENE 10/13 | scene_id=21 =====
STEP A generate animation prompt scene_id=21
Generating safe animation prompt for Scene 21...
prompt_source=model
saved_to=C:\Project\CAP_2000_Vocab_Project\workspaces\vocab\Ep13_0221_0230\03_storyboards\storyboard.csv
A gentle wide shot with John and Mary calmly observing the large, animated infographic. Soft light subtly shifts as the infographic's visual elements flow and connect gracefully, illustrating the vocabulary words with smooth, educational transitions. Mary points a finger gently towards a section of the infographic, while John nods in calm understanding. A very slow, almost imperceptible camera pan tracks the infographic's smooth progression, maintaining a tranquil, inviting atmosphere for the upcoming recap.
PROMPT RESULT scene_id=21 status=ok
STEP B generate animation video scene_id=21
STEP 1/4 validate inputs
scene_id=21
image_path=C:\Project\CAP_2000_Vocab_Project\workspaces\vocab\Ep13_0221_0230\04_images\ai_generated\img_591.92.png
output_path=C:\Project\CAP_2000_Vocab_Project\workspaces\vocab\Ep13_0221_0230\04_images\animations\scene_21__v01.mp4
duration_seconds=4
video_model=veo-2.0-generate-001
poll_seconds=10
person_generation=allow_adult
image_mime_type=image/png
image_size_bytes=1985694
prompt_length=513
prompt_preview=A gentle wide shot with John and Mary calmly observing the large, animated infographic. Soft light subtly shifts as the infographic's visual elements flow and connect gracefully, illustrating the vocabulary words with smooth, educational transitions. Mary points a finger gently towards a section of the infographic, while John nods in calm understanding. A very slow, almost imperceptible camera pan tracks the infographic's smooth progression, maintaining a tranquil, inviting atmosphere for the up
video_config={
  "http_options": null,
  "number_of_videos": 1,
  "output_gcs_uri": null,
  "fps": null,
  "duration_seconds": 4,
  "seed": null,
  "aspect_ratio": "16:9",
  "resolution": null,
  "person_generation": "allow_adult",
  "pubsub_topic": null,
  "negative_prompt": null,
  "enhance_prompt": null,
  "generate_audio": null,
  "last_frame": null,
  "reference_images": null,
  "mask": null,
  "compression_quality": null,
  "labels": null
}
STEP 2/4 submit image-to-video request
SCENE RESULT scene_id=21 status=error error=ʵeͦШDѡG400 INVALID_ARGUMENT. {'error': {'code': 400, 'message': 'The number value for `durationSeconds` is out of bound. Please provide a value between 5 and 8, inclusive.', 'status': 'INVALID_ARGUMENT'}}
Traceback (most recent call last):
  File "C:\Project\CAP_2000_Vocab_Project\scripts\generate_scene_animation.py", line 351, in generate_scene_animation
    operation = client.models.generate_videos(
                ^^^^^^^^^^^^^^^^^^^^^^^^^^^^^^
  File "C:\Users\User\AppData\Local\Programs\Python\Python311\Lib\site-packages\google\genai\models.py", line 6531, in generate_videos
    return self._generate_videos(
           ^^^^^^^^^^^^^^^^^^^^^^
  File "C:\Users\User\AppData\Local\Programs\Python\Python311\Lib\site-packages\google\genai\models.py", line 5815, in _generate_videos
    response = self._api_client.request(
               ^^^^^^^^^^^^^^^^^^^^^^^^^
  File "C:\Users\User\AppData\Local\Programs\Python\Python311\Lib\site-packages\google\genai\_api_client.py", line 1532, in request
    response = self._request(http_request, http_options, stream=False)
               ^^^^^^^^^^^^^^^^^^^^^^^^^^^^^^^^^^^^^^^^^^^^^^^^^^^^^^^
  File "C:\Users\User\AppData\Local\Programs\Python\Python311\Lib\site-packages\google\genai\_api_client.py", line 1327, in _request
    return self._retry(self._request_once, http_request, stream)  # type: ignore[no-any-return]
           ^^^^^^^^^^^^^^^^^^^^^^^^^^^^^^^^^^^^^^^^^^^^^^^^^^^^^
  File "C:\Users\User\AppData\Local\Programs\Python\Python311\Lib\site-packages\tenacity\__init__.py", line 470, in __call__
    do = self.iter(retry_state=retry_state)
         ^^^^^^^^^^^^^^^^^^^^^^^^^^^^^^^^^^
  File "C:\Users\User\AppData\Local\Programs\Python\Python311\Lib\site-packages\tenacity\__init__.py", line 371, in iter
    result = action(retry_state)
             ^^^^^^^^^^^^^^^^^^^
  File "C:\Users\User\AppData\Local\Programs\Python\Python311\Lib\site-packages\tenacity\__init__.py", line 413, in exc_check
    raise retry_exc.reraise()
          ^^^^^^^^^^^^^^^^^^^
  File "C:\Users\User\AppData\Local\Programs\Python\Python311\Lib\site-packages\tenacity\__init__.py", line 184, in reraise
    raise self.last_attempt.result()
          ^^^^^^^^^^^^^^^^^^^^^^^^^^
  File "C:\Users\User\AppData\Local\Programs\Python\Python311\Lib\concurrent\futures\_base.py", line 449, in result
    return self.__get_result()
           ^^^^^^^^^^^^^^^^^^^
  File "C:\Users\User\AppData\Local\Programs\Python\Python311\Lib\concurrent\futures\_base.py", line 401, in __get_result
    raise self._exception
  File "C:\Users\User\AppData\Local\Programs\Python\Python311\Lib\site-packages\tenacity\__init__.py", line 473, in __call__
    result = fn(*args, **kwargs)
             ^^^^^^^^^^^^^^^^^^^
  File "C:\Users\User\AppData\Local\Programs\Python\Python311\Lib\site-packages\google\genai\_api_client.py", line 1304, in _request_once
    errors.APIError.raise_for_response(response)
  File "C:\Users\User\AppData\Local\Programs\Python\Python311\Lib\site-packages\google\genai\errors.py", line 155, in raise_for_response
    cls.raise_error(response.status_code, response_json, response)
  File "C:\Users\User\AppData\Local\Programs\Python\Python311\Lib\site-packages\google\genai\errors.py", line 184, in raise_error
    raise ClientError(status_code, response_json, response)
google.genai.errors.ClientError: 400 INVALID_ARGUMENT. {'error': {'code': 400, 'message': 'The number value for `durationSeconds` is out of bound. Please provide a value between 5 and 8, inclusive.', 'status': 'INVALID_ARGUMENT'}}

The above exception was the direct cause of the following exception:

Traceback (most recent call last):
  File "C:\Project\CAP_2000_Vocab_Project\scripts\generate_all_scene_animations.py", line 164, in run_batch_animation_for_episode
    output_path = generate_scene_animation(ep_num, scene_id)
                  ^^^^^^^^^^^^^^^^^^^^^^^^^^^^^^^^^^^^^^^^^^
  File "C:\Project\CAP_2000_Vocab_Project\scripts\generate_scene_animation.py", line 363, in generate_scene_animation
    raise SceneAnimationError(f"ʵeͦШDѡG{e}") from e
generate_scene_animation.SceneAnimationError: ʵeͦШDѡG400 INVALID_ARGUMENT. {'error': {'code': 400, 'message': 'The number value for `durationSeconds` is out of bound. Please provide a value between 5 and 8, inclusive.', 'status': 'INVALID_ARGUMENT'}}

===== BATCH SCENE 11/13 | scene_id=31 =====
STEP A generate animation prompt scene_id=31
Generating safe animation prompt for Scene 31...
prompt_source=model
saved_to=C:\Project\CAP_2000_Vocab_Project\workspaces\vocab\Ep13_0221_0230\03_storyboards\storyboard.csv
John and Mary gently sway with friendly smiles as they prepare to announce. The colorful question mark icon between them appears with a soft, inviting glow. The studio background subtly shifts, smoothly transitioning to a vibrant quiz-show-inspired design with calm, ambient light. A very gentle, slow zoom out subtly broadens the educational wide shot, creating a serene and engaging atmosphere for the upcoming quiz.
PROMPT RESULT scene_id=31 status=ok
STEP B generate animation video scene_id=31
STEP 1/4 validate inputs
scene_id=31
image_path=C:\Project\CAP_2000_Vocab_Project\workspaces\vocab\Ep13_0221_0230\04_images\ai_generated\img_610.6.png
output_path=C:\Project\CAP_2000_Vocab_Project\workspaces\vocab\Ep13_0221_0230\04_images\animations\scene_31__v01.mp4
duration_seconds=8
video_model=veo-2.0-generate-001
poll_seconds=10
person_generation=allow_adult
image_mime_type=image/png
image_size_bytes=1890847
prompt_length=418
prompt_preview=John and Mary gently sway with friendly smiles as they prepare to announce. The colorful question mark icon between them appears with a soft, inviting glow. The studio background subtly shifts, smoothly transitioning to a vibrant quiz-show-inspired design with calm, ambient light. A very gentle, slow zoom out subtly broadens the educational wide shot, creating a serene and engaging atmosphere for the upcoming quiz.
video_config={
  "http_options": null,
  "number_of_videos": 1,
  "output_gcs_uri": null,
  "fps": null,
  "duration_seconds": 8,
  "seed": null,
  "aspect_ratio": "16:9",
  "resolution": null,
  "person_generation": "allow_adult",
  "pubsub_topic": null,
  "negative_prompt": null,
  "enhance_prompt": null,
  "generate_audio": null,
  "last_frame": null,
  "reference_images": null,
  "mask": null,
  "compression_quality": null,
  "labels": null
}
STEP 2/4 submit image-to-video request
operation_submitted_done=None

===== DEBUG OPERATION [after_submit] =====
operation_type=<class 'google.genai.types.GenerateVideosOperation'>
operation_done=None
operation_name=models/veo-2.0-generate-001/operations/9qxggf81gged
operation_id=None
operation_error=None
operation_metadata=null
operation_result_type=<class 'NoneType'>
operation_response_type=<class 'NoneType'>
operation_repr=GenerateVideosOperation(
  name='models/veo-2.0-generate-001/operations/9qxggf81gged'
)
STEP 3/4 polling operation poll_count=1 wait_seconds=10
operation_status_done=True
operation_status_error={'code': 3, 'message': 'The input image contains content that has been blocked by your current safety settings for person/face generation. If you think this was an error, send feedback.'}

===== DEBUG OPERATION [after_polling_done] =====
operation_type=<class 'google.genai.types.GenerateVideosOperation'>
operation_done=True
operation_name=models/veo-2.0-generate-001/operations/9qxggf81gged
operation_id=None
operation_error={'code': 3, 'message': 'The input image contains content that has been blocked by your current safety settings for person/face generation. If you think this was an error, send feedback.'}
operation_metadata=null
operation_result_type=<class 'NoneType'>
operation_response_type=<class 'NoneType'>
operation_repr=GenerateVideosOperation(
  done=True,
  error={
    'code': 3,
    'message': 'The input image contains content that has been blocked by your current safety settings for person/face generation. If you think this was an error, send feedback.'
  },
  name='models/veo-2.0-generate-001/operations/9qxggf81gged'
)

===== DEBUG RESULT [after_polling_done] =====
result_is_none=True
result_type=<class 'NoneType'>
SCENE RESULT scene_id=31 status=error error=ʵeͦQAȺݦw]wפUGJϤ]tHyeAثeo image-to-video ]w\͡C
ĳBz覡G
1. ΤtMHyϤ
2. Χ󴫳oi scene 
3. o scene OdRAϤAϥΰʵe
error_code=3
error_message=The input image contains content that has been blocked by your current safety settings for person/face generation. If you think this was an error, send feedback.
Traceback (most recent call last):
  File "C:\Project\CAP_2000_Vocab_Project\scripts\generate_all_scene_animations.py", line 164, in run_batch_animation_for_episode
    output_path = generate_scene_animation(ep_num, scene_id)
                  ^^^^^^^^^^^^^^^^^^^^^^^^^^^^^^^^^^^^^^^^^^
  File "C:\Project\CAP_2000_Vocab_Project\scripts\generate_scene_animation.py", line 389, in generate_scene_animation
    raise SceneAnimationError(format_operation_failure(operation, operation_error))
generate_scene_animation.SceneAnimationError: ʵeͦQAȺݦw]wפUGJϤ]tHyeAثeo image-to-video ]w\͡C
ĳBz覡G
1. ΤtMHyϤ
2. Χ󴫳oi scene 
3. o scene OdRAϤAϥΰʵe
error_code=3
error_message=The input image contains content that has been blocked by your current safety settings for person/face generation. If you think this was an error, send feedback.

===== BATCH SCENE 12/13 | scene_id=33 =====
STEP A generate animation prompt scene_id=33
Generating safe animation prompt for Scene 33...
prompt_source=model
saved_to=C:\Project\CAP_2000_Vocab_Project\workspaces\vocab\Ep13_0221_0230\03_storyboards\storyboard.csv
John and Mary offer a gentle, friendly wave from their bright podcast studio. Animated Like, Subscribe, and bell icons subtly and calmly drift onto the screen, accompanied by a soft, welcoming glow. The camera smoothly pans slightly, maintaining the wide educational composition. The scene conveys a pleasant, continuous atmosphere, inviting future interaction with a mild and cheerful demeanor, suitable for a silent background.
PROMPT RESULT scene_id=33 status=ok
STEP B generate animation video scene_id=33
STEP 1/4 validate inputs
scene_id=33
image_path=C:\Project\CAP_2000_Vocab_Project\workspaces\vocab\Ep13_0221_0230\04_images\ai_generated\img_640.04.png
output_path=C:\Project\CAP_2000_Vocab_Project\workspaces\vocab\Ep13_0221_0230\04_images\animations\scene_33__v01.mp4
duration_seconds=8
video_model=veo-2.0-generate-001
poll_seconds=10
person_generation=allow_adult
image_mime_type=image/png
image_size_bytes=1865892
prompt_length=429
prompt_preview=John and Mary offer a gentle, friendly wave from their bright podcast studio. Animated Like, Subscribe, and bell icons subtly and calmly drift onto the screen, accompanied by a soft, welcoming glow. The camera smoothly pans slightly, maintaining the wide educational composition. The scene conveys a pleasant, continuous atmosphere, inviting future interaction with a mild and cheerful demeanor, suitable for a silent background.
video_config={
  "http_options": null,
  "number_of_videos": 1,
  "output_gcs_uri": null,
  "fps": null,
  "duration_seconds": 8,
  "seed": null,
  "aspect_ratio": "16:9",
  "resolution": null,
  "person_generation": "allow_adult",
  "pubsub_topic": null,
  "negative_prompt": null,
  "enhance_prompt": null,
  "generate_audio": null,
  "last_frame": null,
  "reference_images": null,
  "mask": null,
  "compression_quality": null,
  "labels": null
}
STEP 2/4 submit image-to-video request
operation_submitted_done=None

===== DEBUG OPERATION [after_submit] =====
operation_type=<class 'google.genai.types.GenerateVideosOperation'>
operation_done=None
operation_name=models/veo-2.0-generate-001/operations/1wkyvy0jyp9j
operation_id=None
operation_error=None
operation_metadata=null
operation_result_type=<class 'NoneType'>
operation_response_type=<class 'NoneType'>
operation_repr=GenerateVideosOperation(
  name='models/veo-2.0-generate-001/operations/1wkyvy0jyp9j'
)
STEP 3/4 polling operation poll_count=1 wait_seconds=10
operation_status_done=None
operation_status_error=None
STEP 3/4 polling operation poll_count=2 wait_seconds=10
operation_status_done=None
operation_status_error=None
STEP 3/4 polling operation poll_count=3 wait_seconds=10
operation_status_done=True
operation_status_error=None

===== DEBUG OPERATION [after_polling_done] =====
operation_type=<class 'google.genai.types.GenerateVideosOperation'>
operation_done=True
operation_name=models/veo-2.0-generate-001/operations/1wkyvy0jyp9j
operation_id=None
operation_error=None
operation_metadata=null
operation_result_type=<class 'google.genai.types.GenerateVideosResponse'>
operation_response_type=<class 'google.genai.types.GenerateVideosResponse'>
operation_repr=GenerateVideosOperation(
  done=True,
  name='models/veo-2.0-generate-001/operations/1wkyvy0jyp9j',
  response=GenerateVideosResponse(
    generated_videos=[
      GeneratedVideo(
        video=Video(
          uri='https://generativelanguage.googleapis.com/v1beta/files/kmg94t7a7s60:download?alt=media'
        )
      ),
    ]
  ),
  result=GenerateVideosResponse(
    generated_videos=[
      GeneratedVideo(
        video=Video(
          uri='https://generativelanguage.googleapis.com/v1beta/files/kmg94t7a7s60:download?alt=media'
        )
      ),
    ]
  )
)

===== DEBUG RESULT [after_polling_done] =====
result_is_none=False
result_type=<class 'google.genai.types.GenerateVideosResponse'>
result_repr=GenerateVideosResponse(
  generated_videos=[
    GeneratedVideo(
      video=Video(
        uri='https://generativelanguage.googleapis.com/v1beta/files/kmg94t7a7s60:download?alt=media'
      )
    ),
  ]
)
result_json={
  "generated_videos": [
    {
      "video": {
        "uri": "https://generativelanguage.googleapis.com/v1beta/files/kmg94t7a7s60:download?alt=media",
        "video_bytes": null,
        "mime_type": null
      }
    }
  ],
  "rai_media_filtered_count": null,
  "rai_media_filtered_reasons": null
}
result_attrs=['construct', 'copy', 'dict', 'from_orm', 'generated_videos', 'json', 'model_computed_fields', 'model_config', 'model_construct', 'model_copy', 'model_dump', 'model_dump_json', 'model_extra', 'model_fields', 'model_fields_set', 'model_json_schema', 'model_parametrized_name', 'model_post_init', 'model_rebuild', 'model_validate', 'model_validate_json', 'model_validate_strings', 'parse_file', 'parse_obj', 'parse_raw', 'rai_media_filtered_count', 'rai_media_filtered_reasons', 'schema', 'schema_json', 'to_json_dict', 'update_forward_refs', 'validate']
generated_videos_exists=True
generated_videos_len=1
generated_video_0_type=<class 'google.genai.types.GeneratedVideo'>
generated_video_0_repr=GeneratedVideo(
  video=Video(
    uri='https://generativelanguage.googleapis.com/v1beta/files/kmg94t7a7s60:download?alt=media'
  )
)
generated_video_0_json={
  "video": {
    "uri": "https://generativelanguage.googleapis.com/v1beta/files/kmg94t7a7s60:download?alt=media",
    "video_bytes": null,
    "mime_type": null
  }
}
generated_video_0_video=Video(uri=https://generativelanguage.googleapis.com/v1beta/files/kmg94t7a7s60:download?alt=media, video_bytes=None, mime_type=None)
generated_video_0_uri=None
generated_video_0_name=None
STEP 4/4 download generated video

===== DEBUG DOWNLOAD TARGET =====
generated_video_type=<class 'google.genai.types.GeneratedVideo'>
generated_video_repr=GeneratedVideo(
  video=Video(
    uri='https://generativelanguage.googleapis.com/v1beta/files/kmg94t7a7s60:download?alt=media'
  )
)
generated_video_json={
  "video": {
    "uri": "https://generativelanguage.googleapis.com/v1beta/files/kmg94t7a7s60:download?alt=media",
    "video_bytes": null,
    "mime_type": null
  }
}
download_target_type=<class 'google.genai.types.Video'>
download_target_repr=Video(uri=https://generativelanguage.googleapis.com/v1beta/files/kmg94t7a7s60:download?alt=media, video_bytes=None, mime_type=None)
download_target_json={
  "uri": "https://generativelanguage.googleapis.com/v1beta/files/kmg94t7a7s60:download?alt=media",
  "video_bytes": null,
  "mime_type": null
}
raw_output_path=C:\Project\CAP_2000_Vocab_Project\workspaces\vocab\Ep13_0221_0230\04_images\animations\scene_33__v01__raw.mp4
raw_video_size_bytes=1814533
STEP 4.5/4 strip audio track from generated video
DONE animation generated
saved_to=C:\Project\CAP_2000_Vocab_Project\workspaces\vocab\Ep13_0221_0230\04_images\animations\scene_33__v01.mp4
DEFAULT RESULT scene_id=33 status=updated path=C:\Project\CAP_2000_Vocab_Project\workspaces\vocab\Ep13_0221_0230\04_images\animations\scene_33__v01.mp4
SCENE RESULT scene_id=33 status=ok path=C:\Project\CAP_2000_Vocab_Project\workspaces\vocab\Ep13_0221_0230\04_images\animations\scene_33__v01.mp4

===== BATCH SCENE 13/13 | scene_id=34 =====
STEP A generate animation prompt scene_id=34
Generating safe animation prompt for Scene 34...
prompt_source=model
saved_to=C:\Project\CAP_2000_Vocab_Project\workspaces\vocab\Ep13_0221_0230\03_storyboards\storyboard.csv
A final thoughtful wide shot. Mary and John stand calmly at the frame's edges, gently gesturing towards a softly pulsating brain with a glowing question mark. The abstract, dreamy background subtly shifts colors, enhancing the contemplative atmosphere. The camera performs a very slow, smooth push-in as the hosts offer a final cultural thought, then subtly pulls back as they calmly turn to exit the frame, preserving a serene, continuous educational moment. The question mark gently twinkles.
PROMPT RESULT scene_id=34 status=ok
STEP B generate animation video scene_id=34
STEP 1/4 validate inputs
scene_id=34
image_path=C:\Project\CAP_2000_Vocab_Project\workspaces\vocab\Ep13_0221_0230\04_images\ai_generated\img_660.44.png
output_path=C:\Project\CAP_2000_Vocab_Project\workspaces\vocab\Ep13_0221_0230\04_images\animations\scene_34__v01.mp4
duration_seconds=8
video_model=veo-2.0-generate-001
poll_seconds=10
person_generation=allow_adult
image_mime_type=image/png
image_size_bytes=2326395
prompt_length=494
prompt_preview=A final thoughtful wide shot. Mary and John stand calmly at the frame's edges, gently gesturing towards a softly pulsating brain with a glowing question mark. The abstract, dreamy background subtly shifts colors, enhancing the contemplative atmosphere. The camera performs a very slow, smooth push-in as the hosts offer a final cultural thought, then subtly pulls back as they calmly turn to exit the frame, preserving a serene, continuous educational moment. The question mark gently twinkles.
video_config={
  "http_options": null,
  "number_of_videos": 1,
  "output_gcs_uri": null,
  "fps": null,
  "duration_seconds": 8,
  "seed": null,
  "aspect_ratio": "16:9",
  "resolution": null,
  "person_generation": "allow_adult",
  "pubsub_topic": null,
  "negative_prompt": null,
  "enhance_prompt": null,
  "generate_audio": null,
  "last_frame": null,
  "reference_images": null,
  "mask": null,
  "compression_quality": null,
  "labels": null
}
STEP 2/4 submit image-to-video request
operation_submitted_done=None

===== DEBUG OPERATION [after_submit] =====
operation_type=<class 'google.genai.types.GenerateVideosOperation'>
operation_done=None
operation_name=models/veo-2.0-generate-001/operations/3697hm40dxqf
operation_id=None
operation_error=None
operation_metadata=null
operation_result_type=<class 'NoneType'>
operation_response_type=<class 'NoneType'>
operation_repr=GenerateVideosOperation(
  name='models/veo-2.0-generate-001/operations/3697hm40dxqf'
)
STEP 3/4 polling operation poll_count=1 wait_seconds=10
operation_status_done=True
operation_status_error={'code': 3, 'message': 'The input image contains content that has been blocked by your current safety settings for person/face generation. If you think this was an error, send feedback.'}

===== DEBUG OPERATION [after_polling_done] =====
operation_type=<class 'google.genai.types.GenerateVideosOperation'>
operation_done=True
operation_name=models/veo-2.0-generate-001/operations/3697hm40dxqf
operation_id=None
operation_error={'code': 3, 'message': 'The input image contains content that has been blocked by your current safety settings for person/face generation. If you think this was an error, send feedback.'}
operation_metadata=null
operation_result_type=<class 'NoneType'>
operation_response_type=<class 'NoneType'>
operation_repr=GenerateVideosOperation(
  done=True,
  error={
    'code': 3,
    'message': 'The input image contains content that has been blocked by your current safety settings for person/face generation. If you think this was an error, send feedback.'
  },
  name='models/veo-2.0-generate-001/operations/3697hm40dxqf'
)

===== DEBUG RESULT [after_polling_done] =====
result_is_none=True
result_type=<class 'NoneType'>
SCENE RESULT scene_id=34 status=error error=ʵeͦQAȺݦw]wפUGJϤ]tHyeAثeo image-to-video ]w\͡C
ĳBz覡G
1. ΤtMHyϤ
2. Χ󴫳oi scene 
3. o scene OdRAϤAϥΰʵe
error_code=3
error_message=The input image contains content that has been blocked by your current safety settings for person/face generation. If you think this was an error, send feedback.
Traceback (most recent call last):
  File "C:\Project\CAP_2000_Vocab_Project\scripts\generate_all_scene_animations.py", line 164, in run_batch_animation_for_episode
    output_path = generate_scene_animation(ep_num, scene_id)
                  ^^^^^^^^^^^^^^^^^^^^^^^^^^^^^^^^^^^^^^^^^^
  File "C:\Project\CAP_2000_Vocab_Project\scripts\generate_scene_animation.py", line 389, in generate_scene_animation
    raise SceneAnimationError(format_operation_failure(operation, operation_error))
generate_scene_animation.SceneAnimationError: ʵeͦQAȺݦw]wפUGJϤ]tHyeAثeo image-to-video ]w\͡C
ĳBz覡G
1. ΤtMHyϤ
2. Χ󴫳oi scene 
3. o scene OdRAϤAϥΰʵe
error_code=3
error_message=The input image contains content that has been blocked by your current safety settings for person/face generation. If you think this was an error, send feedback.

===== BATCH SUMMARY =====
total=13
prompt_success=13
animation_success=8
default_updated=8
skipped=0
failed=5
prompt_success_scene_ids=1,3,5,7,9,11,14,17,19,21,31,33,34
animation_success_scene_ids=1,5,7,9,11,17,19,33
default_updated_scene_ids=1,5,7,9,11,17,19,33
failed_scene scene_id=3 message=ʵeͦ@~wAXvQAȺݤef/ϥάFLoA]S^iUvC
ĳBz覡G
1. sg animation promptAקKMIBˡBĬΨLiĲoFyz
2. CHjסA令󤤩ʡBоǦBũMʧ@
3. Yo scene @QסAOdRAϤAϥΰʵe
filtered_count=1
filtered_reasons=
1 videos were filtered out because they violated Gemini API's usage guidelines. You will not be charged for blocked videos. Try rephrasing the prompt. If you think this was an error, send feedback.
failed_scene scene_id=14 message=ʵeͦ@~wAAȺݦ^~C
operation_error={'code': 3, 'message': 'The prompt could not be submitted due to the interests of third-party content providers. Please modify your prompt and try again.'}
metadata=null
failed_scene scene_id=21 message=ʵeͦШDѡG400 INVALID_ARGUMENT. {'error': {'code': 400, 'message': 'The number value for `durationSeconds` is out of bound. Please provide a value between 5 and 8, inclusive.', 'status': 'INVALID_ARGUMENT'}}
failed_scene scene_id=31 message=ʵeͦQAȺݦw]wפUGJϤ]tHyeAثeo image-to-video ]w\͡C
ĳBz覡G
1. ΤtMHyϤ
2. Χ󴫳oi scene 
3. o scene OdRAϤAϥΰʵe
error_code=3
error_message=The input image contains content that has been blocked by your current safety settings for person/face generation. If you think this was an error, send feedback.
failed_scene scene_id=34 message=ʵeͦQAȺݦw]wפUGJϤ]tHyeAثeo image-to-video ]w\͡C
ĳBz覡G
1. ΤtMHyϤ
2. Χ󴫳oi scene 
3. o scene OdRAϤAϥΰʵe
error_code=3
error_message=The input image contains content that has been blocked by your current safety settings for person/face generation. If you think this was an error, send feedback.
Batch completed with failures. Prompt generation and animation generation continued for later scenes.
===== BATCH ANIMATION END =====
[schedule] batch animation exit_code=1
[schedule] episode 13 failed stage 4.1 (error)
[schedule] start episode 14 (2/2) stage 4.1
[schedule] launch batch animation command=['C:\\Users\\User\\AppData\\Local\\Programs\\Python\\Python311\\python.exe', '-u', 'C:\\Project\\CAP_2000_Vocab_Project\\scripts\\generate_all_scene_animations.py', '--ep', '14']
===== BATCH ANIMATION START =====
episode=14
episode_folder=C:\Project\CAP_2000_Vocab_Project\workspaces\vocab\Ep14_0231_0240
storyboard_csv=C:\Project\CAP_2000_Vocab_Project\workspaces\vocab\Ep14_0231_0240\03_storyboards\storyboard.csv
ai_scene_count=14

===== BATCH SCENE 1/14 | scene_id=1 =====
STEP A generate animation prompt scene_id=1
Generating safe animation prompt for Scene 1...
prompt_source=model
saved_to=C:\Project\CAP_2000_Vocab_Project\workspaces\vocab\Ep14_0231_0240\03_storyboards\storyboard.csv
A gentle, slow camera zoom subtly frames John and Mary as they shift their weight slightly, maintaining their cheerful greetings. John offers a small head nod, and Mary makes a calm, open hand gesture, welcoming the audience. The vibrant studio lighting softly glimmers, enhancing the warm, educational atmosphere. Subtle, unobtrusive infographic elements gently appear and fade around them, supporting their friendly introduction.
PROMPT RESULT scene_id=1 status=ok
STEP B generate animation video scene_id=1
STEP 1/4 validate inputs
scene_id=1
image_path=C:\Project\CAP_2000_Vocab_Project\workspaces\vocab\Ep14_0231_0240\04_images\ai_generated\img_0.0.png
output_path=C:\Project\CAP_2000_Vocab_Project\workspaces\vocab\Ep14_0231_0240\04_images\animations\scene_1__v01.mp4
duration_seconds=8
video_model=veo-2.0-generate-001
poll_seconds=10
person_generation=allow_adult
image_mime_type=image/png
image_size_bytes=2252452
prompt_length=431
prompt_preview=A gentle, slow camera zoom subtly frames John and Mary as they shift their weight slightly, maintaining their cheerful greetings. John offers a small head nod, and Mary makes a calm, open hand gesture, welcoming the audience. The vibrant studio lighting softly glimmers, enhancing the warm, educational atmosphere. Subtle, unobtrusive infographic elements gently appear and fade around them, supporting their friendly introduction.
video_config={
  "http_options": null,
  "number_of_videos": 1,
  "output_gcs_uri": null,
  "fps": null,
  "duration_seconds": 8,
  "seed": null,
  "aspect_ratio": "16:9",
  "resolution": null,
  "person_generation": "allow_adult",
  "pubsub_topic": null,
  "negative_prompt": null,
  "enhance_prompt": null,
  "generate_audio": null,
  "last_frame": null,
  "reference_images": null,
  "mask": null,
  "compression_quality": null,
  "labels": null
}
STEP 2/4 submit image-to-video request
operation_submitted_done=None

===== DEBUG OPERATION [after_submit] =====
operation_type=<class 'google.genai.types.GenerateVideosOperation'>
operation_done=None
operation_name=models/veo-2.0-generate-001/operations/xkvb1rxggvar
operation_id=None
operation_error=None
operation_metadata=null
operation_result_type=<class 'NoneType'>
operation_response_type=<class 'NoneType'>
operation_repr=GenerateVideosOperation(
  name='models/veo-2.0-generate-001/operations/xkvb1rxggvar'
)
STEP 3/4 polling operation poll_count=1 wait_seconds=10
operation_status_done=True
operation_status_error={'code': 3, 'message': 'The input image contains content that has been blocked by your current safety settings for person/face generation. If you think this was an error, send feedback.'}

===== DEBUG OPERATION [after_polling_done] =====
operation_type=<class 'google.genai.types.GenerateVideosOperation'>
operation_done=True
operation_name=models/veo-2.0-generate-001/operations/xkvb1rxggvar
operation_id=None
operation_error={'code': 3, 'message': 'The input image contains content that has been blocked by your current safety settings for person/face generation. If you think this was an error, send feedback.'}
operation_metadata=null
operation_result_type=<class 'NoneType'>
operation_response_type=<class 'NoneType'>
operation_repr=GenerateVideosOperation(
  done=True,
  error={
    'code': 3,
    'message': 'The input image contains content that has been blocked by your current safety settings for person/face generation. If you think this was an error, send feedback.'
  },
  name='models/veo-2.0-generate-001/operations/xkvb1rxggvar'
)

===== DEBUG RESULT [after_polling_done] =====
result_is_none=True
result_type=<class 'NoneType'>
SCENE RESULT scene_id=1 status=error error=ʵeͦQAȺݦw]wפUGJϤ]tHyeAثeo image-to-video ]w\͡C
ĳBz覡G
1. ΤtMHyϤ
2. Χ󴫳oi scene 
3. o scene OdRAϤAϥΰʵe
error_code=3
error_message=The input image contains content that has been blocked by your current safety settings for person/face generation. If you think this was an error, send feedback.
Traceback (most recent call last):
  File "C:\Project\CAP_2000_Vocab_Project\scripts\generate_all_scene_animations.py", line 164, in run_batch_animation_for_episode
    output_path = generate_scene_animation(ep_num, scene_id)
                  ^^^^^^^^^^^^^^^^^^^^^^^^^^^^^^^^^^^^^^^^^^
  File "C:\Project\CAP_2000_Vocab_Project\scripts\generate_scene_animation.py", line 389, in generate_scene_animation
    raise SceneAnimationError(format_operation_failure(operation, operation_error))
generate_scene_animation.SceneAnimationError: ʵeͦQAȺݦw]wפUGJϤ]tHyeAثeo image-to-video ]w\͡C
ĳBz覡G
1. ΤtMHyϤ
2. Χ󴫳oi scene 
3. o scene OdRAϤAϥΰʵe
error_code=3
error_message=The input image contains content that has been blocked by your current safety settings for person/face generation. If you think this was an error, send feedback.

===== BATCH SCENE 2/14 | scene_id=2 =====
STEP A generate animation prompt scene_id=2
Generating safe animation prompt for Scene 2...
prompt_source=model
saved_to=C:\Project\CAP_2000_Vocab_Project\workspaces\vocab\Ep14_0231_0240\03_storyboards\storyboard.csv
A subtle camera push-in gently guides the focus while Mary offers a soft, friendly gaze towards the viewer, making a calm, inviting gesture towards the screen behind her. John provides a gentle, reassuring nod from his position. The large question mark icon on the screen subtly pulses with a soft glow. The warm studio lighting remains consistent, creating a serene and continuous educational scene.
PROMPT RESULT scene_id=2 status=ok
STEP B generate animation video scene_id=2
STEP 1/4 validate inputs
scene_id=2
image_path=C:\Project\CAP_2000_Vocab_Project\workspaces\vocab\Ep14_0231_0240\04_images\ai_generated\img_9.3.png
output_path=C:\Project\CAP_2000_Vocab_Project\workspaces\vocab\Ep14_0231_0240\04_images\animations\scene_2__v01.mp4
duration_seconds=8
video_model=veo-2.0-generate-001
poll_seconds=10
person_generation=allow_adult
image_mime_type=image/png
image_size_bytes=2104232
prompt_length=400
prompt_preview=A subtle camera push-in gently guides the focus while Mary offers a soft, friendly gaze towards the viewer, making a calm, inviting gesture towards the screen behind her. John provides a gentle, reassuring nod from his position. The large question mark icon on the screen subtly pulses with a soft glow. The warm studio lighting remains consistent, creating a serene and continuous educational scene.
video_config={
  "http_options": null,
  "number_of_videos": 1,
  "output_gcs_uri": null,
  "fps": null,
  "duration_seconds": 8,
  "seed": null,
  "aspect_ratio": "16:9",
  "resolution": null,
  "person_generation": "allow_adult",
  "pubsub_topic": null,
  "negative_prompt": null,
  "enhance_prompt": null,
  "generate_audio": null,
  "last_frame": null,
  "reference_images": null,
  "mask": null,
  "compression_quality": null,
  "labels": null
}
STEP 2/4 submit image-to-video request
operation_submitted_done=None

===== DEBUG OPERATION [after_submit] =====
operation_type=<class 'google.genai.types.GenerateVideosOperation'>
operation_done=None
operation_name=models/veo-2.0-generate-001/operations/yil84xpoea60
operation_id=None
operation_error=None
operation_metadata=null
operation_result_type=<class 'NoneType'>
operation_response_type=<class 'NoneType'>
operation_repr=GenerateVideosOperation(
  name='models/veo-2.0-generate-001/operations/yil84xpoea60'
)
STEP 3/4 polling operation poll_count=1 wait_seconds=10
operation_status_done=None
operation_status_error=None
STEP 3/4 polling operation poll_count=2 wait_seconds=10
operation_status_done=None
operation_status_error=None
STEP 3/4 polling operation poll_count=3 wait_seconds=10
operation_status_done=True
operation_status_error=None

===== DEBUG OPERATION [after_polling_done] =====
operation_type=<class 'google.genai.types.GenerateVideosOperation'>
operation_done=True
operation_name=models/veo-2.0-generate-001/operations/yil84xpoea60
operation_id=None
operation_error=None
operation_metadata=null
operation_result_type=<class 'google.genai.types.GenerateVideosResponse'>
operation_response_type=<class 'google.genai.types.GenerateVideosResponse'>
operation_repr=GenerateVideosOperation(
  done=True,
  name='models/veo-2.0-generate-001/operations/yil84xpoea60',
  response=GenerateVideosResponse(
    generated_videos=[
      GeneratedVideo(
        video=Video(
          uri='https://generativelanguage.googleapis.com/v1beta/files/rhs54ptjlrw7:download?alt=media'
        )
      ),
    ]
  ),
  result=GenerateVideosResponse(
    generated_videos=[
      GeneratedVideo(
        video=Video(
          uri='https://generativelanguage.googleapis.com/v1beta/files/rhs54ptjlrw7:download?alt=media'
        )
      ),
    ]
  )
)

===== DEBUG RESULT [after_polling_done] =====
result_is_none=False
result_type=<class 'google.genai.types.GenerateVideosResponse'>
result_repr=GenerateVideosResponse(
  generated_videos=[
    GeneratedVideo(
      video=Video(
        uri='https://generativelanguage.googleapis.com/v1beta/files/rhs54ptjlrw7:download?alt=media'
      )
    ),
  ]
)
result_json={
  "generated_videos": [
    {
      "video": {
        "uri": "https://generativelanguage.googleapis.com/v1beta/files/rhs54ptjlrw7:download?alt=media",
        "video_bytes": null,
        "mime_type": null
      }
    }
  ],
  "rai_media_filtered_count": null,
  "rai_media_filtered_reasons": null
}
result_attrs=['construct', 'copy', 'dict', 'from_orm', 'generated_videos', 'json', 'model_computed_fields', 'model_config', 'model_construct', 'model_copy', 'model_dump', 'model_dump_json', 'model_extra', 'model_fields', 'model_fields_set', 'model_json_schema', 'model_parametrized_name', 'model_post_init', 'model_rebuild', 'model_validate', 'model_validate_json', 'model_validate_strings', 'parse_file', 'parse_obj', 'parse_raw', 'rai_media_filtered_count', 'rai_media_filtered_reasons', 'schema', 'schema_json', 'to_json_dict', 'update_forward_refs', 'validate']
generated_videos_exists=True
generated_videos_len=1
generated_video_0_type=<class 'google.genai.types.GeneratedVideo'>
generated_video_0_repr=GeneratedVideo(
  video=Video(
    uri='https://generativelanguage.googleapis.com/v1beta/files/rhs54ptjlrw7:download?alt=media'
  )
)
generated_video_0_json={
  "video": {
    "uri": "https://generativelanguage.googleapis.com/v1beta/files/rhs54ptjlrw7:download?alt=media",
    "video_bytes": null,
    "mime_type": null
  }
}
generated_video_0_video=Video(uri=https://generativelanguage.googleapis.com/v1beta/files/rhs54ptjlrw7:download?alt=media, video_bytes=None, mime_type=None)
generated_video_0_uri=None
generated_video_0_name=None
STEP 4/4 download generated video

===== DEBUG DOWNLOAD TARGET =====
generated_video_type=<class 'google.genai.types.GeneratedVideo'>
generated_video_repr=GeneratedVideo(
  video=Video(
    uri='https://generativelanguage.googleapis.com/v1beta/files/rhs54ptjlrw7:download?alt=media'
  )
)
generated_video_json={
  "video": {
    "uri": "https://generativelanguage.googleapis.com/v1beta/files/rhs54ptjlrw7:download?alt=media",
    "video_bytes": null,
    "mime_type": null
  }
}
download_target_type=<class 'google.genai.types.Video'>
download_target_repr=Video(uri=https://generativelanguage.googleapis.com/v1beta/files/rhs54ptjlrw7:download?alt=media, video_bytes=None, mime_type=None)
download_target_json={
  "uri": "https://generativelanguage.googleapis.com/v1beta/files/rhs54ptjlrw7:download?alt=media",
  "video_bytes": null,
  "mime_type": null
}
raw_output_path=C:\Project\CAP_2000_Vocab_Project\workspaces\vocab\Ep14_0231_0240\04_images\animations\scene_2__v01__raw.mp4
raw_video_size_bytes=1647935
STEP 4.5/4 strip audio track from generated video
DONE animation generated
saved_to=C:\Project\CAP_2000_Vocab_Project\workspaces\vocab\Ep14_0231_0240\04_images\animations\scene_2__v01.mp4
DEFAULT RESULT scene_id=2 status=updated path=C:\Project\CAP_2000_Vocab_Project\workspaces\vocab\Ep14_0231_0240\04_images\animations\scene_2__v01.mp4
SCENE RESULT scene_id=2 status=ok path=C:\Project\CAP_2000_Vocab_Project\workspaces\vocab\Ep14_0231_0240\04_images\animations\scene_2__v01.mp4

===== BATCH SCENE 3/14 | scene_id=4 =====
STEP A generate animation prompt scene_id=4
Generating safe animation prompt for Scene 4...
prompt_source=model
saved_to=C:\Project\CAP_2000_Vocab_Project\workspaces\vocab\Ep14_0231_0240\03_storyboards\storyboard.csv
John and Mary subtly shift their posture slightly forward with gentle smiles, signaling readiness. The stylized commuter train icon on the screen behind them gently moves across the display, while the "Vocabulary Commute" text below it subtly brightens. A very slow, smooth camera glides gently forward, maintaining the wide educational shot and the peaceful studio atmosphere, preparing for a continuous learning journey.
PROMPT RESULT scene_id=4 status=ok
STEP B generate animation video scene_id=4
STEP 1/4 validate inputs
scene_id=4
image_path=C:\Project\CAP_2000_Vocab_Project\workspaces\vocab\Ep14_0231_0240\04_images\ai_generated\img_60.44.png
output_path=C:\Project\CAP_2000_Vocab_Project\workspaces\vocab\Ep14_0231_0240\04_images\animations\scene_4__v01.mp4
duration_seconds=6
video_model=veo-2.0-generate-001
poll_seconds=10
person_generation=allow_adult
image_mime_type=image/png
image_size_bytes=1878646
prompt_length=422
prompt_preview=John and Mary subtly shift their posture slightly forward with gentle smiles, signaling readiness. The stylized commuter train icon on the screen behind them gently moves across the display, while the "Vocabulary Commute" text below it subtly brightens. A very slow, smooth camera glides gently forward, maintaining the wide educational shot and the peaceful studio atmosphere, preparing for a continuous learning journey.
video_config={
  "http_options": null,
  "number_of_videos": 1,
  "output_gcs_uri": null,
  "fps": null,
  "duration_seconds": 6,
  "seed": null,
  "aspect_ratio": "16:9",
  "resolution": null,
  "person_generation": "allow_adult",
  "pubsub_topic": null,
  "negative_prompt": null,
  "enhance_prompt": null,
  "generate_audio": null,
  "last_frame": null,
  "reference_images": null,
  "mask": null,
  "compression_quality": null,
  "labels": null
}
STEP 2/4 submit image-to-video request
operation_submitted_done=None

===== DEBUG OPERATION [after_submit] =====
operation_type=<class 'google.genai.types.GenerateVideosOperation'>
operation_done=None
operation_name=models/veo-2.0-generate-001/operations/vpzj2706cuq3
operation_id=None
operation_error=None
operation_metadata=null
operation_result_type=<class 'NoneType'>
operation_response_type=<class 'NoneType'>
operation_repr=GenerateVideosOperation(
  name='models/veo-2.0-generate-001/operations/vpzj2706cuq3'
)
STEP 3/4 polling operation poll_count=1 wait_seconds=10
operation_status_done=None
operation_status_error=None
STEP 3/4 polling operation poll_count=2 wait_seconds=10
operation_status_done=None
operation_status_error=None
STEP 3/4 polling operation poll_count=3 wait_seconds=10
operation_status_done=True
operation_status_error=None

===== DEBUG OPERATION [after_polling_done] =====
operation_type=<class 'google.genai.types.GenerateVideosOperation'>
operation_done=True
operation_name=models/veo-2.0-generate-001/operations/vpzj2706cuq3
operation_id=None
operation_error=None
operation_metadata=null
operation_result_type=<class 'google.genai.types.GenerateVideosResponse'>
operation_response_type=<class 'google.genai.types.GenerateVideosResponse'>
operation_repr=GenerateVideosOperation(
  done=True,
  name='models/veo-2.0-generate-001/operations/vpzj2706cuq3',
  response=GenerateVideosResponse(
    generated_videos=[
      GeneratedVideo(
        video=Video(
          uri='https://generativelanguage.googleapis.com/v1beta/files/cqdbpjz7319d:download?alt=media'
        )
      ),
    ]
  ),
  result=GenerateVideosResponse(
    generated_videos=[
      GeneratedVideo(
        video=Video(
          uri='https://generativelanguage.googleapis.com/v1beta/files/cqdbpjz7319d:download?alt=media'
        )
      ),
    ]
  )
)

===== DEBUG RESULT [after_polling_done] =====
result_is_none=False
result_type=<class 'google.genai.types.GenerateVideosResponse'>
result_repr=GenerateVideosResponse(
  generated_videos=[
    GeneratedVideo(
      video=Video(
        uri='https://generativelanguage.googleapis.com/v1beta/files/cqdbpjz7319d:download?alt=media'
      )
    ),
  ]
)
result_json={
  "generated_videos": [
    {
      "video": {
        "uri": "https://generativelanguage.googleapis.com/v1beta/files/cqdbpjz7319d:download?alt=media",
        "video_bytes": null,
        "mime_type": null
      }
    }
  ],
  "rai_media_filtered_count": null,
  "rai_media_filtered_reasons": null
}
result_attrs=['construct', 'copy', 'dict', 'from_orm', 'generated_videos', 'json', 'model_computed_fields', 'model_config', 'model_construct', 'model_copy', 'model_dump', 'model_dump_json', 'model_extra', 'model_fields', 'model_fields_set', 'model_json_schema', 'model_parametrized_name', 'model_post_init', 'model_rebuild', 'model_validate', 'model_validate_json', 'model_validate_strings', 'parse_file', 'parse_obj', 'parse_raw', 'rai_media_filtered_count', 'rai_media_filtered_reasons', 'schema', 'schema_json', 'to_json_dict', 'update_forward_refs', 'validate']
generated_videos_exists=True
generated_videos_len=1
generated_video_0_type=<class 'google.genai.types.GeneratedVideo'>
generated_video_0_repr=GeneratedVideo(
  video=Video(
    uri='https://generativelanguage.googleapis.com/v1beta/files/cqdbpjz7319d:download?alt=media'
  )
)
generated_video_0_json={
  "video": {
    "uri": "https://generativelanguage.googleapis.com/v1beta/files/cqdbpjz7319d:download?alt=media",
    "video_bytes": null,
    "mime_type": null
  }
}
generated_video_0_video=Video(uri=https://generativelanguage.googleapis.com/v1beta/files/cqdbpjz7319d:download?alt=media, video_bytes=None, mime_type=None)
generated_video_0_uri=None
generated_video_0_name=None
STEP 4/4 download generated video

===== DEBUG DOWNLOAD TARGET =====
generated_video_type=<class 'google.genai.types.GeneratedVideo'>
generated_video_repr=GeneratedVideo(
  video=Video(
    uri='https://generativelanguage.googleapis.com/v1beta/files/cqdbpjz7319d:download?alt=media'
  )
)
generated_video_json={
  "video": {
    "uri": "https://generativelanguage.googleapis.com/v1beta/files/cqdbpjz7319d:download?alt=media",
    "video_bytes": null,
    "mime_type": null
  }
}
download_target_type=<class 'google.genai.types.Video'>
download_target_repr=Video(uri=https://generativelanguage.googleapis.com/v1beta/files/cqdbpjz7319d:download?alt=media, video_bytes=None, mime_type=None)
download_target_json={
  "uri": "https://generativelanguage.googleapis.com/v1beta/files/cqdbpjz7319d:download?alt=media",
  "video_bytes": null,
  "mime_type": null
}
raw_output_path=C:\Project\CAP_2000_Vocab_Project\workspaces\vocab\Ep14_0231_0240\04_images\animations\scene_4__v01__raw.mp4
raw_video_size_bytes=1186930
STEP 4.5/4 strip audio track from generated video
DONE animation generated
saved_to=C:\Project\CAP_2000_Vocab_Project\workspaces\vocab\Ep14_0231_0240\04_images\animations\scene_4__v01.mp4
DEFAULT RESULT scene_id=4 status=updated path=C:\Project\CAP_2000_Vocab_Project\workspaces\vocab\Ep14_0231_0240\04_images\animations\scene_4__v01.mp4
SCENE RESULT scene_id=4 status=ok path=C:\Project\CAP_2000_Vocab_Project\workspaces\vocab\Ep14_0231_0240\04_images\animations\scene_4__v01.mp4

===== BATCH SCENE 4/14 | scene_id=6 =====
STEP A generate animation prompt scene_id=6
Generating safe animation prompt for Scene 6...
prompt_source=model
saved_to=C:\Project\CAP_2000_Vocab_Project\workspaces\vocab\Ep14_0231_0240\03_storyboards\storyboard.csv
A subtle camera glide gently reveals the bustling city street corner, where a yellow school bus softly moves in the background. John and Mary, with calm and friendly expressions, subtly turn their heads and make gentle gestures toward different areas of the sidewalk, exploring potential waiting spots. The atmosphere is continuously light and peaceful, preparing for the next educational point as their mild curiosity leads them to discover the correct location.
PROMPT RESULT scene_id=6 status=ok
STEP B generate animation video scene_id=6
STEP 1/4 validate inputs
scene_id=6
image_path=C:\Project\CAP_2000_Vocab_Project\workspaces\vocab\Ep14_0231_0240\04_images\ai_generated\img_96.44.png
output_path=C:\Project\CAP_2000_Vocab_Project\workspaces\vocab\Ep14_0231_0240\04_images\animations\scene_6__v01.mp4
duration_seconds=8
video_model=veo-2.0-generate-001
poll_seconds=10
person_generation=allow_adult
image_mime_type=image/png
image_size_bytes=2347881
prompt_length=463
prompt_preview=A subtle camera glide gently reveals the bustling city street corner, where a yellow school bus softly moves in the background. John and Mary, with calm and friendly expressions, subtly turn their heads and make gentle gestures toward different areas of the sidewalk, exploring potential waiting spots. The atmosphere is continuously light and peaceful, preparing for the next educational point as their mild curiosity leads them to discover the correct location.
video_config={
  "http_options": null,
  "number_of_videos": 1,
  "output_gcs_uri": null,
  "fps": null,
  "duration_seconds": 8,
  "seed": null,
  "aspect_ratio": "16:9",
  "resolution": null,
  "person_generation": "allow_adult",
  "pubsub_topic": null,
  "negative_prompt": null,
  "enhance_prompt": null,
  "generate_audio": null,
  "last_frame": null,
  "reference_images": null,
  "mask": null,
  "compression_quality": null,
  "labels": null
}
STEP 2/4 submit image-to-video request
operation_submitted_done=None

===== DEBUG OPERATION [after_submit] =====
operation_type=<class 'google.genai.types.GenerateVideosOperation'>
operation_done=None
operation_name=models/veo-2.0-generate-001/operations/crzdtugv4ywk
operation_id=None
operation_error=None
operation_metadata=null
operation_result_type=<class 'NoneType'>
operation_response_type=<class 'NoneType'>
operation_repr=GenerateVideosOperation(
  name='models/veo-2.0-generate-001/operations/crzdtugv4ywk'
)
STEP 3/4 polling operation poll_count=1 wait_seconds=10
operation_status_done=True
operation_status_error={'code': 3, 'message': "The prompt could not be submitted. This prompt contains sensitive words that violate Google's Responsible AI practices. Try rephrasing your prompt, or contact your Google representative to request allowlisting."}

===== DEBUG OPERATION [after_polling_done] =====
operation_type=<class 'google.genai.types.GenerateVideosOperation'>
operation_done=True
operation_name=models/veo-2.0-generate-001/operations/crzdtugv4ywk
operation_id=None
operation_error={'code': 3, 'message': "The prompt could not be submitted. This prompt contains sensitive words that violate Google's Responsible AI practices. Try rephrasing your prompt, or contact your Google representative to request allowlisting."}
operation_metadata=null
operation_result_type=<class 'NoneType'>
operation_response_type=<class 'NoneType'>
operation_repr=GenerateVideosOperation(
  done=True,
  error={
    'code': 3,
    'message': "The prompt could not be submitted. This prompt contains sensitive words that violate Google's Responsible AI practices. Try rephrasing your prompt, or contact your Google representative to request allowlisting."
  },
  name='models/veo-2.0-generate-001/operations/crzdtugv4ywk'
)

===== DEBUG RESULT [after_polling_done] =====
result_is_none=True
result_type=<class 'NoneType'>
SCENE RESULT scene_id=6 status=error error=ʵeͦ@~wAAȺݦ^~C
operation_error={'code': 3, 'message': "The prompt could not be submitted. This prompt contains sensitive words that violate Google's Responsible AI practices. Try rephrasing your prompt, or contact your Google representative to request allowlisting."}
metadata=null
Traceback (most recent call last):
  File "C:\Project\CAP_2000_Vocab_Project\scripts\generate_all_scene_animations.py", line 164, in run_batch_animation_for_episode
    output_path = generate_scene_animation(ep_num, scene_id)
                  ^^^^^^^^^^^^^^^^^^^^^^^^^^^^^^^^^^^^^^^^^^
  File "C:\Project\CAP_2000_Vocab_Project\scripts\generate_scene_animation.py", line 389, in generate_scene_animation
    raise SceneAnimationError(format_operation_failure(operation, operation_error))
generate_scene_animation.SceneAnimationError: ʵeͦ@~wAAȺݦ^~C
operation_error={'code': 3, 'message': "The prompt could not be submitted. This prompt contains sensitive words that violate Google's Responsible AI practices. Try rephrasing your prompt, or contact your Google representative to request allowlisting."}
metadata=null

===== BATCH SCENE 5/14 | scene_id=8 =====
STEP A generate animation prompt scene_id=8
Generating safe animation prompt for Scene 8...
prompt_source=model
saved_to=C:\Project\CAP_2000_Vocab_Project\workspaces\vocab\Ep14_0231_0240\03_storyboards\storyboard.csv
A gentle camera drift across the busy bus interior, subtly emphasizing the passing city scenery outside the window. Characters inside gently sway with the bus's smooth forward motion. John and Mary have a calm, thoughtful conversation, exchanging soft, inquisitive gestures. Other diverse passengers sit or stand with relaxed postures, some glancing casually out the window, others engaging in quiet, pleasant exchanges. The atmosphere is continuously calm and observant, perfect for a silent background animation leading to an educational discussion about daily journeys and destinations.
PROMPT RESULT scene_id=8 status=ok
STEP B generate animation video scene_id=8
STEP 1/4 validate inputs
scene_id=8
image_path=C:\Project\CAP_2000_Vocab_Project\workspaces\vocab\Ep14_0231_0240\04_images\ai_generated\img_133.86.png
output_path=C:\Project\CAP_2000_Vocab_Project\workspaces\vocab\Ep14_0231_0240\04_images\animations\scene_8__v01.mp4
duration_seconds=8
video_model=veo-2.0-generate-001
poll_seconds=10
person_generation=allow_adult
image_mime_type=image/png
image_size_bytes=2465854
prompt_length=589
prompt_preview=A gentle camera drift across the busy bus interior, subtly emphasizing the passing city scenery outside the window. Characters inside gently sway with the bus's smooth forward motion. John and Mary have a calm, thoughtful conversation, exchanging soft, inquisitive gestures. Other diverse passengers sit or stand with relaxed postures, some glancing casually out the window, others engaging in quiet, pleasant exchanges. The atmosphere is continuously calm and observant, perfect for a silent backgro
video_config={
  "http_options": null,
  "number_of_videos": 1,
  "output_gcs_uri": null,
  "fps": null,
  "duration_seconds": 8,
  "seed": null,
  "aspect_ratio": "16:9",
  "resolution": null,
  "person_generation": "allow_adult",
  "pubsub_topic": null,
  "negative_prompt": null,
  "enhance_prompt": null,
  "generate_audio": null,
  "last_frame": null,
  "reference_images": null,
  "mask": null,
  "compression_quality": null,
  "labels": null
}
STEP 2/4 submit image-to-video request
operation_submitted_done=None

===== DEBUG OPERATION [after_submit] =====
operation_type=<class 'google.genai.types.GenerateVideosOperation'>
operation_done=None
operation_name=models/veo-2.0-generate-001/operations/6kq0rlws9s6k
operation_id=None
operation_error=None
operation_metadata=null
operation_result_type=<class 'NoneType'>
operation_response_type=<class 'NoneType'>
operation_repr=GenerateVideosOperation(
  name='models/veo-2.0-generate-001/operations/6kq0rlws9s6k'
)
STEP 3/4 polling operation poll_count=1 wait_seconds=10
operation_status_done=None
operation_status_error=None
STEP 3/4 polling operation poll_count=2 wait_seconds=10
operation_status_done=None
operation_status_error=None
STEP 3/4 polling operation poll_count=3 wait_seconds=10
operation_status_done=True
operation_status_error=None

===== DEBUG OPERATION [after_polling_done] =====
operation_type=<class 'google.genai.types.GenerateVideosOperation'>
operation_done=True
operation_name=models/veo-2.0-generate-001/operations/6kq0rlws9s6k
operation_id=None
operation_error=None
operation_metadata=null
operation_result_type=<class 'google.genai.types.GenerateVideosResponse'>
operation_response_type=<class 'google.genai.types.GenerateVideosResponse'>
operation_repr=GenerateVideosOperation(
  done=True,
  name='models/veo-2.0-generate-001/operations/6kq0rlws9s6k',
  response=GenerateVideosResponse(
    generated_videos=[
      GeneratedVideo(
        video=Video(
          uri='https://generativelanguage.googleapis.com/v1beta/files/7y1ynio9hahd:download?alt=media'
        )
      ),
    ]
  ),
  result=GenerateVideosResponse(
    generated_videos=[
      GeneratedVideo(
        video=Video(
          uri='https://generativelanguage.googleapis.com/v1beta/files/7y1ynio9hahd:download?alt=media'
        )
      ),
    ]
  )
)

===== DEBUG RESULT [after_polling_done] =====
result_is_none=False
result_type=<class 'google.genai.types.GenerateVideosResponse'>
result_repr=GenerateVideosResponse(
  generated_videos=[
    GeneratedVideo(
      video=Video(
        uri='https://generativelanguage.googleapis.com/v1beta/files/7y1ynio9hahd:download?alt=media'
      )
    ),
  ]
)
result_json={
  "generated_videos": [
    {
      "video": {
        "uri": "https://generativelanguage.googleapis.com/v1beta/files/7y1ynio9hahd:download?alt=media",
        "video_bytes": null,
        "mime_type": null
      }
    }
  ],
  "rai_media_filtered_count": null,
  "rai_media_filtered_reasons": null
}
result_attrs=['construct', 'copy', 'dict', 'from_orm', 'generated_videos', 'json', 'model_computed_fields', 'model_config', 'model_construct', 'model_copy', 'model_dump', 'model_dump_json', 'model_extra', 'model_fields', 'model_fields_set', 'model_json_schema', 'model_parametrized_name', 'model_post_init', 'model_rebuild', 'model_validate', 'model_validate_json', 'model_validate_strings', 'parse_file', 'parse_obj', 'parse_raw', 'rai_media_filtered_count', 'rai_media_filtered_reasons', 'schema', 'schema_json', 'to_json_dict', 'update_forward_refs', 'validate']
generated_videos_exists=True
generated_videos_len=1
generated_video_0_type=<class 'google.genai.types.GeneratedVideo'>
generated_video_0_repr=GeneratedVideo(
  video=Video(
    uri='https://generativelanguage.googleapis.com/v1beta/files/7y1ynio9hahd:download?alt=media'
  )
)
generated_video_0_json={
  "video": {
    "uri": "https://generativelanguage.googleapis.com/v1beta/files/7y1ynio9hahd:download?alt=media",
    "video_bytes": null,
    "mime_type": null
  }
}
generated_video_0_video=Video(uri=https://generativelanguage.googleapis.com/v1beta/files/7y1ynio9hahd:download?alt=media, video_bytes=None, mime_type=None)
generated_video_0_uri=None
generated_video_0_name=None
STEP 4/4 download generated video

===== DEBUG DOWNLOAD TARGET =====
generated_video_type=<class 'google.genai.types.GeneratedVideo'>
generated_video_repr=GeneratedVideo(
  video=Video(
    uri='https://generativelanguage.googleapis.com/v1beta/files/7y1ynio9hahd:download?alt=media'
  )
)
generated_video_json={
  "video": {
    "uri": "https://generativelanguage.googleapis.com/v1beta/files/7y1ynio9hahd:download?alt=media",
    "video_bytes": null,
    "mime_type": null
  }
}
download_target_type=<class 'google.genai.types.Video'>
download_target_repr=Video(uri=https://generativelanguage.googleapis.com/v1beta/files/7y1ynio9hahd:download?alt=media, video_bytes=None, mime_type=None)
download_target_json={
  "uri": "https://generativelanguage.googleapis.com/v1beta/files/7y1ynio9hahd:download?alt=media",
  "video_bytes": null,
  "mime_type": null
}
raw_output_path=C:\Project\CAP_2000_Vocab_Project\workspaces\vocab\Ep14_0231_0240\04_images\animations\scene_8__v01__raw.mp4
raw_video_size_bytes=2791910
STEP 4.5/4 strip audio track from generated video
DONE animation generated
saved_to=C:\Project\CAP_2000_Vocab_Project\workspaces\vocab\Ep14_0231_0240\04_images\animations\scene_8__v01.mp4
DEFAULT RESULT scene_id=8 status=updated path=C:\Project\CAP_2000_Vocab_Project\workspaces\vocab\Ep14_0231_0240\04_images\animations\scene_8__v01.mp4
SCENE RESULT scene_id=8 status=ok path=C:\Project\CAP_2000_Vocab_Project\workspaces\vocab\Ep14_0231_0240\04_images\animations\scene_8__v01.mp4

===== BATCH SCENE 6/14 | scene_id=10 =====
STEP A generate animation prompt scene_id=10
Generating safe animation prompt for Scene 10...
prompt_source=model
saved_to=C:\Project\CAP_2000_Vocab_Project\workspaces\vocab\Ep14_0231_0240\03_storyboards\storyboard.csv
A serene wide shot maintains John and Mary gently present as John's expression shifts to thoughtful understanding with a soft glow emanating from the lightbulb above his head. He calmly gestures towards the virtual screen where the word 'business' smoothly glides towards 'man', merging them into 'businessman'. Mary offers a quiet, encouraging smile and a gentle thumbs-up. The studio environment remains calm, with a very subtle camera drift adding to the continuous, smooth educational flow.
PROMPT RESULT scene_id=10 status=ok
STEP B generate animation video scene_id=10
STEP 1/4 validate inputs
scene_id=10
image_path=C:\Project\CAP_2000_Vocab_Project\workspaces\vocab\Ep14_0231_0240\04_images\ai_generated\img_172.44.png
output_path=C:\Project\CAP_2000_Vocab_Project\workspaces\vocab\Ep14_0231_0240\04_images\animations\scene_10__v01.mp4
duration_seconds=8
video_model=veo-2.0-generate-001
poll_seconds=10
person_generation=allow_adult
image_mime_type=image/png
image_size_bytes=2181713
prompt_length=494
prompt_preview=A serene wide shot maintains John and Mary gently present as John's expression shifts to thoughtful understanding with a soft glow emanating from the lightbulb above his head. He calmly gestures towards the virtual screen where the word 'business' smoothly glides towards 'man', merging them into 'businessman'. Mary offers a quiet, encouraging smile and a gentle thumbs-up. The studio environment remains calm, with a very subtle camera drift adding to the continuous, smooth educational flow.
video_config={
  "http_options": null,
  "number_of_videos": 1,
  "output_gcs_uri": null,
  "fps": null,
  "duration_seconds": 8,
  "seed": null,
  "aspect_ratio": "16:9",
  "resolution": null,
  "person_generation": "allow_adult",
  "pubsub_topic": null,
  "negative_prompt": null,
  "enhance_prompt": null,
  "generate_audio": null,
  "last_frame": null,
  "reference_images": null,
  "mask": null,
  "compression_quality": null,
  "labels": null
}
STEP 2/4 submit image-to-video request
operation_submitted_done=None

===== DEBUG OPERATION [after_submit] =====
operation_type=<class 'google.genai.types.GenerateVideosOperation'>
operation_done=None
operation_name=models/veo-2.0-generate-001/operations/uqhxsvemhw19
operation_id=None
operation_error=None
operation_metadata=null
operation_result_type=<class 'NoneType'>
operation_response_type=<class 'NoneType'>
operation_repr=GenerateVideosOperation(
  name='models/veo-2.0-generate-001/operations/uqhxsvemhw19'
)
STEP 3/4 polling operation poll_count=1 wait_seconds=10
operation_status_done=None
operation_status_error=None
STEP 3/4 polling operation poll_count=2 wait_seconds=10
operation_status_done=None
operation_status_error=None
STEP 3/4 polling operation poll_count=3 wait_seconds=10
operation_status_done=True
operation_status_error=None

===== DEBUG OPERATION [after_polling_done] =====
operation_type=<class 'google.genai.types.GenerateVideosOperation'>
operation_done=True
operation_name=models/veo-2.0-generate-001/operations/uqhxsvemhw19
operation_id=None
operation_error=None
operation_metadata=null
operation_result_type=<class 'google.genai.types.GenerateVideosResponse'>
operation_response_type=<class 'google.genai.types.GenerateVideosResponse'>
operation_repr=GenerateVideosOperation(
  done=True,
  name='models/veo-2.0-generate-001/operations/uqhxsvemhw19',
  response=GenerateVideosResponse(
    rai_media_filtered_count=1,
    rai_media_filtered_reasons=[
      "1 videos were filtered out because they violated Gemini API's usage guidelines. You will not be charged for blocked videos. Try rephrasing the prompt. If you think this was an error, send feedback.",
    ]
  ),
  result=GenerateVideosResponse(
    rai_media_filtered_count=1,
    rai_media_filtered_reasons=[
      "1 videos were filtered out because they violated Gemini API's usage guidelines. You will not be charged for blocked videos. Try rephrasing the prompt. If you think this was an error, send feedback.",
    ]
  )
)

===== DEBUG RESULT [after_polling_done] =====
result_is_none=False
result_type=<class 'google.genai.types.GenerateVideosResponse'>
result_repr=GenerateVideosResponse(
  rai_media_filtered_count=1,
  rai_media_filtered_reasons=[
    "1 videos were filtered out because they violated Gemini API's usage guidelines. You will not be charged for blocked videos. Try rephrasing the prompt. If you think this was an error, send feedback.",
  ]
)
result_json={
  "generated_videos": null,
  "rai_media_filtered_count": 1,
  "rai_media_filtered_reasons": [
    "1 videos were filtered out because they violated Gemini API's usage guidelines. You will not be charged for blocked videos. Try rephrasing the prompt. If you think this was an error, send feedback."
  ]
}
result_attrs=['construct', 'copy', 'dict', 'from_orm', 'generated_videos', 'json', 'model_computed_fields', 'model_config', 'model_construct', 'model_copy', 'model_dump', 'model_dump_json', 'model_extra', 'model_fields', 'model_fields_set', 'model_json_schema', 'model_parametrized_name', 'model_post_init', 'model_rebuild', 'model_validate', 'model_validate_json', 'model_validate_strings', 'parse_file', 'parse_obj', 'parse_raw', 'rai_media_filtered_count', 'rai_media_filtered_reasons', 'schema', 'schema_json', 'to_json_dict', 'update_forward_refs', 'validate']
generated_videos_exists=False
SCENE RESULT scene_id=10 status=error error=ʵeͦ@~wAXvQAȺݤef/ϥάFLoA]S^iUvC
ĳBz覡G
1. sg animation promptAקKMIBˡBĬΨLiĲoFyz
2. CHjסA令󤤩ʡBоǦBũMʧ@
3. Yo scene @QסAOdRAϤAϥΰʵe
filtered_count=1
filtered_reasons=
1 videos were filtered out because they violated Gemini API's usage guidelines. You will not be charged for blocked videos. Try rephrasing the prompt. If you think this was an error, send feedback.
Traceback (most recent call last):
  File "C:\Project\CAP_2000_Vocab_Project\scripts\generate_all_scene_animations.py", line 164, in run_batch_animation_for_episode
    output_path = generate_scene_animation(ep_num, scene_id)
                  ^^^^^^^^^^^^^^^^^^^^^^^^^^^^^^^^^^^^^^^^^^
  File "C:\Project\CAP_2000_Vocab_Project\scripts\generate_scene_animation.py", line 400, in generate_scene_animation
    raise SceneAnimationError(format_result_policy_filtered(result))
generate_scene_animation.SceneAnimationError: ʵeͦ@~wAXvQAȺݤef/ϥάFLoA]S^iUvC
ĳBz覡G
1. sg animation promptAקKMIBˡBĬΨLiĲoFyz
2. CHjסA令󤤩ʡBоǦBũMʧ@
3. Yo scene @QסAOdRAϤAϥΰʵe
filtered_count=1
filtered_reasons=
1 videos were filtered out because they violated Gemini API's usage guidelines. You will not be charged for blocked videos. Try rephrasing the prompt. If you think this was an error, send feedback.

===== BATCH SCENE 7/14 | scene_id=12 =====
STEP A generate animation prompt scene_id=12
Generating safe animation prompt for Scene 12...
prompt_source=model
saved_to=C:\Project\CAP_2000_Vocab_Project\workspaces\vocab\Ep14_0231_0240\03_storyboards\storyboard.csv
A gentle camera drift subtly emphasizes the educational scene. John calmly leans forward with a mild curious expression, offering a subtle pointer hand gesture towards the screen. The highlighted words 'businessman' and 'busy' softly connect with a gentle visual pulse. Mary explains the connection with a calm, inviting gesture and a slight head turn, maintaining a friendly, continuous learning atmosphere. The overall motion is smooth and serene.
PROMPT RESULT scene_id=12 status=ok
STEP B generate animation video scene_id=12
STEP 1/4 validate inputs
scene_id=12
image_path=C:\Project\CAP_2000_Vocab_Project\workspaces\vocab\Ep14_0231_0240\04_images\ai_generated\img_200.26.png
output_path=C:\Project\CAP_2000_Vocab_Project\workspaces\vocab\Ep14_0231_0240\04_images\animations\scene_12__v01.mp4
duration_seconds=8
video_model=veo-2.0-generate-001
poll_seconds=10
person_generation=allow_adult
image_mime_type=image/png
image_size_bytes=2170569
prompt_length=449
prompt_preview=A gentle camera drift subtly emphasizes the educational scene. John calmly leans forward with a mild curious expression, offering a subtle pointer hand gesture towards the screen. The highlighted words 'businessman' and 'busy' softly connect with a gentle visual pulse. Mary explains the connection with a calm, inviting gesture and a slight head turn, maintaining a friendly, continuous learning atmosphere. The overall motion is smooth and serene.
video_config={
  "http_options": null,
  "number_of_videos": 1,
  "output_gcs_uri": null,
  "fps": null,
  "duration_seconds": 8,
  "seed": null,
  "aspect_ratio": "16:9",
  "resolution": null,
  "person_generation": "allow_adult",
  "pubsub_topic": null,
  "negative_prompt": null,
  "enhance_prompt": null,
  "generate_audio": null,
  "last_frame": null,
  "reference_images": null,
  "mask": null,
  "compression_quality": null,
  "labels": null
}
STEP 2/4 submit image-to-video request
operation_submitted_done=None

===== DEBUG OPERATION [after_submit] =====
operation_type=<class 'google.genai.types.GenerateVideosOperation'>
operation_done=None
operation_name=models/veo-2.0-generate-001/operations/m8ozv35w7s7s
operation_id=None
operation_error=None
operation_metadata=null
operation_result_type=<class 'NoneType'>
operation_response_type=<class 'NoneType'>
operation_repr=GenerateVideosOperation(
  name='models/veo-2.0-generate-001/operations/m8ozv35w7s7s'
)
STEP 3/4 polling operation poll_count=1 wait_seconds=10
operation_status_done=None
operation_status_error=None
STEP 3/4 polling operation poll_count=2 wait_seconds=10
operation_status_done=None
operation_status_error=None
STEP 3/4 polling operation poll_count=3 wait_seconds=10
operation_status_done=True
operation_status_error=None

===== DEBUG OPERATION [after_polling_done] =====
operation_type=<class 'google.genai.types.GenerateVideosOperation'>
operation_done=True
operation_name=models/veo-2.0-generate-001/operations/m8ozv35w7s7s
operation_id=None
operation_error=None
operation_metadata=null
operation_result_type=<class 'google.genai.types.GenerateVideosResponse'>
operation_response_type=<class 'google.genai.types.GenerateVideosResponse'>
operation_repr=GenerateVideosOperation(
  done=True,
  name='models/veo-2.0-generate-001/operations/m8ozv35w7s7s',
  response=GenerateVideosResponse(
    rai_media_filtered_count=1,
    rai_media_filtered_reasons=[
      "1 videos were filtered out because they violated Gemini API's usage guidelines. You will not be charged for blocked videos. Try rephrasing the prompt. If you think this was an error, send feedback.",
    ]
  ),
  result=GenerateVideosResponse(
    rai_media_filtered_count=1,
    rai_media_filtered_reasons=[
      "1 videos were filtered out because they violated Gemini API's usage guidelines. You will not be charged for blocked videos. Try rephrasing the prompt. If you think this was an error, send feedback.",
    ]
  )
)

===== DEBUG RESULT [after_polling_done] =====
result_is_none=False
result_type=<class 'google.genai.types.GenerateVideosResponse'>
result_repr=GenerateVideosResponse(
  rai_media_filtered_count=1,
  rai_media_filtered_reasons=[
    "1 videos were filtered out because they violated Gemini API's usage guidelines. You will not be charged for blocked videos. Try rephrasing the prompt. If you think this was an error, send feedback.",
  ]
)
result_json={
  "generated_videos": null,
  "rai_media_filtered_count": 1,
  "rai_media_filtered_reasons": [
    "1 videos were filtered out because they violated Gemini API's usage guidelines. You will not be charged for blocked videos. Try rephrasing the prompt. If you think this was an error, send feedback."
  ]
}
result_attrs=['construct', 'copy', 'dict', 'from_orm', 'generated_videos', 'json', 'model_computed_fields', 'model_config', 'model_construct', 'model_copy', 'model_dump', 'model_dump_json', 'model_extra', 'model_fields', 'model_fields_set', 'model_json_schema', 'model_parametrized_name', 'model_post_init', 'model_rebuild', 'model_validate', 'model_validate_json', 'model_validate_strings', 'parse_file', 'parse_obj', 'parse_raw', 'rai_media_filtered_count', 'rai_media_filtered_reasons', 'schema', 'schema_json', 'to_json_dict', 'update_forward_refs', 'validate']
generated_videos_exists=False
SCENE RESULT scene_id=12 status=error error=ʵeͦ@~wAXvQAȺݤef/ϥάFLoA]S^iUvC
ĳBz覡G
1. sg animation promptAקKMIBˡBĬΨLiĲoFyz
2. CHjסA令󤤩ʡBоǦBũMʧ@
3. Yo scene @QסAOdRAϤAϥΰʵe
filtered_count=1
filtered_reasons=
1 videos were filtered out because they violated Gemini API's usage guidelines. You will not be charged for blocked videos. Try rephrasing the prompt. If you think this was an error, send feedback.
Traceback (most recent call last):
  File "C:\Project\CAP_2000_Vocab_Project\scripts\generate_all_scene_animations.py", line 164, in run_batch_animation_for_episode
    output_path = generate_scene_animation(ep_num, scene_id)
                  ^^^^^^^^^^^^^^^^^^^^^^^^^^^^^^^^^^^^^^^^^^
  File "C:\Project\CAP_2000_Vocab_Project\scripts\generate_scene_animation.py", line 400, in generate_scene_animation
    raise SceneAnimationError(format_result_policy_filtered(result))
generate_scene_animation.SceneAnimationError: ʵeͦ@~wAXvQAȺݤef/ϥάFLoA]S^iUvC
ĳBz覡G
1. sg animation promptAקKMIBˡBĬΨLiĲoFyz
2. CHjסA令󤤩ʡBоǦBũMʧ@
3. Yo scene @QסAOdRAϤAϥΰʵe
filtered_count=1
filtered_reasons=
1 videos were filtered out because they violated Gemini API's usage guidelines. You will not be charged for blocked videos. Try rephrasing the prompt. If you think this was an error, send feedback.

===== BATCH SCENE 8/14 | scene_id=14 =====
STEP A generate animation prompt scene_id=14
Generating safe animation prompt for Scene 14...
prompt_source=model
saved_to=C:\Project\CAP_2000_Vocab_Project\workspaces\vocab\Ep14_0231_0240\03_storyboards\storyboard.csv
John subtly shifts his posture, a gentle movement accompanying the soft appearance of a sandwich thought bubble. Mary offers a kind smile, her hand gracefully gesturing towards the word 'BUT' as it smoothly animates onto the screen behind them. The atmosphere remains consistently bright and inviting. A very slow, continuous camera drift maintains focus across the educational scene, ensuring a calm and steady visual flow for the entire sequence, highlighting the interactive, friendly learning moment.
PROMPT RESULT scene_id=14 status=ok
STEP B generate animation video scene_id=14
STEP 1/4 validate inputs
scene_id=14
image_path=C:\Project\CAP_2000_Vocab_Project\workspaces\vocab\Ep14_0231_0240\04_images\ai_generated\img_239.9.png
output_path=C:\Project\CAP_2000_Vocab_Project\workspaces\vocab\Ep14_0231_0240\04_images\animations\scene_14__v01.mp4
duration_seconds=8
video_model=veo-2.0-generate-001
poll_seconds=10
person_generation=allow_adult
image_mime_type=image/png
image_size_bytes=1768897
prompt_length=504
prompt_preview=John subtly shifts his posture, a gentle movement accompanying the soft appearance of a sandwich thought bubble. Mary offers a kind smile, her hand gracefully gesturing towards the word 'BUT' as it smoothly animates onto the screen behind them. The atmosphere remains consistently bright and inviting. A very slow, continuous camera drift maintains focus across the educational scene, ensuring a calm and steady visual flow for the entire sequence, highlighting the interactive, friendly learning mom
video_config={
  "http_options": null,
  "number_of_videos": 1,
  "output_gcs_uri": null,
  "fps": null,
  "duration_seconds": 8,
  "seed": null,
  "aspect_ratio": "16:9",
  "resolution": null,
  "person_generation": "allow_adult",
  "pubsub_topic": null,
  "negative_prompt": null,
  "enhance_prompt": null,
  "generate_audio": null,
  "last_frame": null,
  "reference_images": null,
  "mask": null,
  "compression_quality": null,
  "labels": null
}
STEP 2/4 submit image-to-video request
operation_submitted_done=None

===== DEBUG OPERATION [after_submit] =====
operation_type=<class 'google.genai.types.GenerateVideosOperation'>
operation_done=None
operation_name=models/veo-2.0-generate-001/operations/8bwdkyrae1m1
operation_id=None
operation_error=None
operation_metadata=null
operation_result_type=<class 'NoneType'>
operation_response_type=<class 'NoneType'>
operation_repr=GenerateVideosOperation(
  name='models/veo-2.0-generate-001/operations/8bwdkyrae1m1'
)
STEP 3/4 polling operation poll_count=1 wait_seconds=10
operation_status_done=None
operation_status_error=None
STEP 3/4 polling operation poll_count=2 wait_seconds=10
operation_status_done=None
operation_status_error=None
STEP 3/4 polling operation poll_count=3 wait_seconds=10
operation_status_done=True
operation_status_error=None

===== DEBUG OPERATION [after_polling_done] =====
operation_type=<class 'google.genai.types.GenerateVideosOperation'>
operation_done=True
operation_name=models/veo-2.0-generate-001/operations/8bwdkyrae1m1
operation_id=None
operation_error=None
operation_metadata=null
operation_result_type=<class 'google.genai.types.GenerateVideosResponse'>
operation_response_type=<class 'google.genai.types.GenerateVideosResponse'>
operation_repr=GenerateVideosOperation(
  done=True,
  name='models/veo-2.0-generate-001/operations/8bwdkyrae1m1',
  response=GenerateVideosResponse(
    generated_videos=[
      GeneratedVideo(
        video=Video(
          uri='https://generativelanguage.googleapis.com/v1beta/files/i8ypt8x39zxs:download?alt=media'
        )
      ),
    ]
  ),
  result=GenerateVideosResponse(
    generated_videos=[
      GeneratedVideo(
        video=Video(
          uri='https://generativelanguage.googleapis.com/v1beta/files/i8ypt8x39zxs:download?alt=media'
        )
      ),
    ]
  )
)

===== DEBUG RESULT [after_polling_done] =====
result_is_none=False
result_type=<class 'google.genai.types.GenerateVideosResponse'>
result_repr=GenerateVideosResponse(
  generated_videos=[
    GeneratedVideo(
      video=Video(
        uri='https://generativelanguage.googleapis.com/v1beta/files/i8ypt8x39zxs:download?alt=media'
      )
    ),
  ]
)
result_json={
  "generated_videos": [
    {
      "video": {
        "uri": "https://generativelanguage.googleapis.com/v1beta/files/i8ypt8x39zxs:download?alt=media",
        "video_bytes": null,
        "mime_type": null
      }
    }
  ],
  "rai_media_filtered_count": null,
  "rai_media_filtered_reasons": null
}
result_attrs=['construct', 'copy', 'dict', 'from_orm', 'generated_videos', 'json', 'model_computed_fields', 'model_config', 'model_construct', 'model_copy', 'model_dump', 'model_dump_json', 'model_extra', 'model_fields', 'model_fields_set', 'model_json_schema', 'model_parametrized_name', 'model_post_init', 'model_rebuild', 'model_validate', 'model_validate_json', 'model_validate_strings', 'parse_file', 'parse_obj', 'parse_raw', 'rai_media_filtered_count', 'rai_media_filtered_reasons', 'schema', 'schema_json', 'to_json_dict', 'update_forward_refs', 'validate']
generated_videos_exists=True
generated_videos_len=1
generated_video_0_type=<class 'google.genai.types.GeneratedVideo'>
generated_video_0_repr=GeneratedVideo(
  video=Video(
    uri='https://generativelanguage.googleapis.com/v1beta/files/i8ypt8x39zxs:download?alt=media'
  )
)
generated_video_0_json={
  "video": {
    "uri": "https://generativelanguage.googleapis.com/v1beta/files/i8ypt8x39zxs:download?alt=media",
    "video_bytes": null,
    "mime_type": null
  }
}
generated_video_0_video=Video(uri=https://generativelanguage.googleapis.com/v1beta/files/i8ypt8x39zxs:download?alt=media, video_bytes=None, mime_type=None)
generated_video_0_uri=None
generated_video_0_name=None
STEP 4/4 download generated video

===== DEBUG DOWNLOAD TARGET =====
generated_video_type=<class 'google.genai.types.GeneratedVideo'>
generated_video_repr=GeneratedVideo(
  video=Video(
    uri='https://generativelanguage.googleapis.com/v1beta/files/i8ypt8x39zxs:download?alt=media'
  )
)
generated_video_json={
  "video": {
    "uri": "https://generativelanguage.googleapis.com/v1beta/files/i8ypt8x39zxs:download?alt=media",
    "video_bytes": null,
    "mime_type": null
  }
}
download_target_type=<class 'google.genai.types.Video'>
download_target_repr=Video(uri=https://generativelanguage.googleapis.com/v1beta/files/i8ypt8x39zxs:download?alt=media, video_bytes=None, mime_type=None)
download_target_json={
  "uri": "https://generativelanguage.googleapis.com/v1beta/files/i8ypt8x39zxs:download?alt=media",
  "video_bytes": null,
  "mime_type": null
}
raw_output_path=C:\Project\CAP_2000_Vocab_Project\workspaces\vocab\Ep14_0231_0240\04_images\animations\scene_14__v01__raw.mp4
raw_video_size_bytes=1726973
STEP 4.5/4 strip audio track from generated video
DONE animation generated
saved_to=C:\Project\CAP_2000_Vocab_Project\workspaces\vocab\Ep14_0231_0240\04_images\animations\scene_14__v01.mp4
DEFAULT RESULT scene_id=14 status=updated path=C:\Project\CAP_2000_Vocab_Project\workspaces\vocab\Ep14_0231_0240\04_images\animations\scene_14__v01.mp4
SCENE RESULT scene_id=14 status=ok path=C:\Project\CAP_2000_Vocab_Project\workspaces\vocab\Ep14_0231_0240\04_images\animations\scene_14__v01.mp4

===== BATCH SCENE 9/14 | scene_id=16 =====
STEP A generate animation prompt scene_id=16
Generating safe animation prompt for Scene 16...
prompt_source=model
saved_to=C:\Project\CAP_2000_Vocab_Project\workspaces\vocab\Ep14_0231_0240\03_storyboards\storyboard.csv
A gentle, educational scene unfolds at a cozy kitchen table. Sunlight subtly shimmers through the nearby window, casting a warm glow. John calmly holds a slice of toast, his expression thoughtful. Mary, with a friendly smile, points gently towards the golden block of butter on the plate, her hand making a soft, inviting gesture. A very slow, almost imperceptible camera drift subtly draws focus towards the butter, maintaining a serene and continuous atmosphere. The overall motion is calm and inviting, perfect for a silent background animation.
PROMPT RESULT scene_id=16 status=ok
STEP B generate animation video scene_id=16
STEP 1/4 validate inputs
scene_id=16
image_path=C:\Project\CAP_2000_Vocab_Project\workspaces\vocab\Ep14_0231_0240\04_images\ai_generated\img_269.58.png
output_path=C:\Project\CAP_2000_Vocab_Project\workspaces\vocab\Ep14_0231_0240\04_images\animations\scene_16__v01.mp4
duration_seconds=8
video_model=veo-2.0-generate-001
poll_seconds=10
person_generation=allow_adult
image_mime_type=image/png
image_size_bytes=2288655
prompt_length=548
prompt_preview=A gentle, educational scene unfolds at a cozy kitchen table. Sunlight subtly shimmers through the nearby window, casting a warm glow. John calmly holds a slice of toast, his expression thoughtful. Mary, with a friendly smile, points gently towards the golden block of butter on the plate, her hand making a soft, inviting gesture. A very slow, almost imperceptible camera drift subtly draws focus towards the butter, maintaining a serene and continuous atmosphere. The overall motion is calm and invi
video_config={
  "http_options": null,
  "number_of_videos": 1,
  "output_gcs_uri": null,
  "fps": null,
  "duration_seconds": 8,
  "seed": null,
  "aspect_ratio": "16:9",
  "resolution": null,
  "person_generation": "allow_adult",
  "pubsub_topic": null,
  "negative_prompt": null,
  "enhance_prompt": null,
  "generate_audio": null,
  "last_frame": null,
  "reference_images": null,
  "mask": null,
  "compression_quality": null,
  "labels": null
}
STEP 2/4 submit image-to-video request
operation_submitted_done=None

===== DEBUG OPERATION [after_submit] =====
operation_type=<class 'google.genai.types.GenerateVideosOperation'>
operation_done=None
operation_name=models/veo-2.0-generate-001/operations/4x8pcfq1t4o1
operation_id=None
operation_error=None
operation_metadata=null
operation_result_type=<class 'NoneType'>
operation_response_type=<class 'NoneType'>
operation_repr=GenerateVideosOperation(
  name='models/veo-2.0-generate-001/operations/4x8pcfq1t4o1'
)
STEP 3/4 polling operation poll_count=1 wait_seconds=10
operation_status_done=None
operation_status_error=None
STEP 3/4 polling operation poll_count=2 wait_seconds=10
operation_status_done=None
operation_status_error=None
STEP 3/4 polling operation poll_count=3 wait_seconds=10
operation_status_done=True
operation_status_error=None

===== DEBUG OPERATION [after_polling_done] =====
operation_type=<class 'google.genai.types.GenerateVideosOperation'>
operation_done=True
operation_name=models/veo-2.0-generate-001/operations/4x8pcfq1t4o1
operation_id=None
operation_error=None
operation_metadata=null
operation_result_type=<class 'google.genai.types.GenerateVideosResponse'>
operation_response_type=<class 'google.genai.types.GenerateVideosResponse'>
operation_repr=GenerateVideosOperation(
  done=True,
  name='models/veo-2.0-generate-001/operations/4x8pcfq1t4o1',
  response=GenerateVideosResponse(
    rai_media_filtered_count=1,
    rai_media_filtered_reasons=[
      "1 videos were filtered out because they violated Gemini API's usage guidelines. You will not be charged for blocked videos. Try rephrasing the prompt. If you think this was an error, send feedback.",
    ]
  ),
  result=GenerateVideosResponse(
    rai_media_filtered_count=1,
    rai_media_filtered_reasons=[
      "1 videos were filtered out because they violated Gemini API's usage guidelines. You will not be charged for blocked videos. Try rephrasing the prompt. If you think this was an error, send feedback.",
    ]
  )
)

===== DEBUG RESULT [after_polling_done] =====
result_is_none=False
result_type=<class 'google.genai.types.GenerateVideosResponse'>
result_repr=GenerateVideosResponse(
  rai_media_filtered_count=1,
  rai_media_filtered_reasons=[
    "1 videos were filtered out because they violated Gemini API's usage guidelines. You will not be charged for blocked videos. Try rephrasing the prompt. If you think this was an error, send feedback.",
  ]
)
result_json={
  "generated_videos": null,
  "rai_media_filtered_count": 1,
  "rai_media_filtered_reasons": [
    "1 videos were filtered out because they violated Gemini API's usage guidelines. You will not be charged for blocked videos. Try rephrasing the prompt. If you think this was an error, send feedback."
  ]
}
result_attrs=['construct', 'copy', 'dict', 'from_orm', 'generated_videos', 'json', 'model_computed_fields', 'model_config', 'model_construct', 'model_copy', 'model_dump', 'model_dump_json', 'model_extra', 'model_fields', 'model_fields_set', 'model_json_schema', 'model_parametrized_name', 'model_post_init', 'model_rebuild', 'model_validate', 'model_validate_json', 'model_validate_strings', 'parse_file', 'parse_obj', 'parse_raw', 'rai_media_filtered_count', 'rai_media_filtered_reasons', 'schema', 'schema_json', 'to_json_dict', 'update_forward_refs', 'validate']
generated_videos_exists=False
SCENE RESULT scene_id=16 status=error error=ʵeͦ@~wAXvQAȺݤef/ϥάFLoA]S^iUvC
ĳBz覡G
1. sg animation promptAקKMIBˡBĬΨLiĲoFyz
2. CHjסA令󤤩ʡBоǦBũMʧ@
3. Yo scene @QסAOdRAϤAϥΰʵe
filtered_count=1
filtered_reasons=
1 videos were filtered out because they violated Gemini API's usage guidelines. You will not be charged for blocked videos. Try rephrasing the prompt. If you think this was an error, send feedback.
Traceback (most recent call last):
  File "C:\Project\CAP_2000_Vocab_Project\scripts\generate_all_scene_animations.py", line 164, in run_batch_animation_for_episode
    output_path = generate_scene_animation(ep_num, scene_id)
                  ^^^^^^^^^^^^^^^^^^^^^^^^^^^^^^^^^^^^^^^^^^
  File "C:\Project\CAP_2000_Vocab_Project\scripts\generate_scene_animation.py", line 400, in generate_scene_animation
    raise SceneAnimationError(format_result_policy_filtered(result))
generate_scene_animation.SceneAnimationError: ʵeͦ@~wAXvQAȺݤef/ϥάFLoA]S^iUvC
ĳBz覡G
1. sg animation promptAקKMIBˡBĬΨLiĲoFyz
2. CHjסA令󤤩ʡBоǦBũMʧ@
3. Yo scene @QסAOdRAϤAϥΰʵe
filtered_count=1
filtered_reasons=
1 videos were filtered out because they violated Gemini API's usage guidelines. You will not be charged for blocked videos. Try rephrasing the prompt. If you think this was an error, send feedback.

===== BATCH SCENE 10/14 | scene_id=18 =====
STEP A generate animation prompt scene_id=18
Generating safe animation prompt for Scene 18...
prompt_source=model
saved_to=C:\Project\CAP_2000_Vocab_Project\workspaces\vocab\Ep14_0231_0240\03_storyboards\storyboard.csv
A gentle wide shot captures John making a subtle, upward hand gesture, his expression friendly and imaginative. Above him, a whimsical thought bubble softly materializes, revealing a small stick of butter with tiny, slowly fluttering wings. Mary observes with a calm, amused smile, her head tilting slightly in appreciation of his creative thought. The bright studio atmosphere remains cheerful and continuous, smoothly leading into the next educational segment.
PROMPT RESULT scene_id=18 status=ok
STEP B generate animation video scene_id=18
STEP 1/4 validate inputs
scene_id=18
image_path=C:\Project\CAP_2000_Vocab_Project\workspaces\vocab\Ep14_0231_0240\04_images\ai_generated\img_294.64.png
output_path=C:\Project\CAP_2000_Vocab_Project\workspaces\vocab\Ep14_0231_0240\04_images\animations\scene_18__v01.mp4
duration_seconds=8
video_model=veo-2.0-generate-001
poll_seconds=10
person_generation=allow_adult
image_mime_type=image/png
image_size_bytes=2047934
prompt_length=462
prompt_preview=A gentle wide shot captures John making a subtle, upward hand gesture, his expression friendly and imaginative. Above him, a whimsical thought bubble softly materializes, revealing a small stick of butter with tiny, slowly fluttering wings. Mary observes with a calm, amused smile, her head tilting slightly in appreciation of his creative thought. The bright studio atmosphere remains cheerful and continuous, smoothly leading into the next educational segment.
video_config={
  "http_options": null,
  "number_of_videos": 1,
  "output_gcs_uri": null,
  "fps": null,
  "duration_seconds": 8,
  "seed": null,
  "aspect_ratio": "16:9",
  "resolution": null,
  "person_generation": "allow_adult",
  "pubsub_topic": null,
  "negative_prompt": null,
  "enhance_prompt": null,
  "generate_audio": null,
  "last_frame": null,
  "reference_images": null,
  "mask": null,
  "compression_quality": null,
  "labels": null
}
STEP 2/4 submit image-to-video request
operation_submitted_done=None

===== DEBUG OPERATION [after_submit] =====
operation_type=<class 'google.genai.types.GenerateVideosOperation'>
operation_done=None
operation_name=models/veo-2.0-generate-001/operations/i4ml7hjjxpum
operation_id=None
operation_error=None
operation_metadata=null
operation_result_type=<class 'NoneType'>
operation_response_type=<class 'NoneType'>
operation_repr=GenerateVideosOperation(
  name='models/veo-2.0-generate-001/operations/i4ml7hjjxpum'
)
STEP 3/4 polling operation poll_count=1 wait_seconds=10
operation_status_done=None
operation_status_error=None
STEP 3/4 polling operation poll_count=2 wait_seconds=10
operation_status_done=None
operation_status_error=None
STEP 3/4 polling operation poll_count=3 wait_seconds=10
operation_status_done=True
operation_status_error=None

===== DEBUG OPERATION [after_polling_done] =====
operation_type=<class 'google.genai.types.GenerateVideosOperation'>
operation_done=True
operation_name=models/veo-2.0-generate-001/operations/i4ml7hjjxpum
operation_id=None
operation_error=None
operation_metadata=null
operation_result_type=<class 'google.genai.types.GenerateVideosResponse'>
operation_response_type=<class 'google.genai.types.GenerateVideosResponse'>
operation_repr=GenerateVideosOperation(
  done=True,
  name='models/veo-2.0-generate-001/operations/i4ml7hjjxpum',
  response=GenerateVideosResponse(
    rai_media_filtered_count=1,
    rai_media_filtered_reasons=[
      "1 videos were filtered out because they violated Gemini API's usage guidelines. You will not be charged for blocked videos. Try rephrasing the prompt. If you think this was an error, send feedback.",
    ]
  ),
  result=GenerateVideosResponse(
    rai_media_filtered_count=1,
    rai_media_filtered_reasons=[
      "1 videos were filtered out because they violated Gemini API's usage guidelines. You will not be charged for blocked videos. Try rephrasing the prompt. If you think this was an error, send feedback.",
    ]
  )
)

===== DEBUG RESULT [after_polling_done] =====
result_is_none=False
result_type=<class 'google.genai.types.GenerateVideosResponse'>
result_repr=GenerateVideosResponse(
  rai_media_filtered_count=1,
  rai_media_filtered_reasons=[
    "1 videos were filtered out because they violated Gemini API's usage guidelines. You will not be charged for blocked videos. Try rephrasing the prompt. If you think this was an error, send feedback.",
  ]
)
result_json={
  "generated_videos": null,
  "rai_media_filtered_count": 1,
  "rai_media_filtered_reasons": [
    "1 videos were filtered out because they violated Gemini API's usage guidelines. You will not be charged for blocked videos. Try rephrasing the prompt. If you think this was an error, send feedback."
  ]
}
result_attrs=['construct', 'copy', 'dict', 'from_orm', 'generated_videos', 'json', 'model_computed_fields', 'model_config', 'model_construct', 'model_copy', 'model_dump', 'model_dump_json', 'model_extra', 'model_fields', 'model_fields_set', 'model_json_schema', 'model_parametrized_name', 'model_post_init', 'model_rebuild', 'model_validate', 'model_validate_json', 'model_validate_strings', 'parse_file', 'parse_obj', 'parse_raw', 'rai_media_filtered_count', 'rai_media_filtered_reasons', 'schema', 'schema_json', 'to_json_dict', 'update_forward_refs', 'validate']
generated_videos_exists=False
SCENE RESULT scene_id=18 status=error error=ʵeͦ@~wAXvQAȺݤef/ϥάFLoA]S^iUvC
ĳBz覡G
1. sg animation promptAקKMIBˡBĬΨLiĲoFyz
2. CHjסA令󤤩ʡBоǦBũMʧ@
3. Yo scene @QסAOdRAϤAϥΰʵe
filtered_count=1
filtered_reasons=
1 videos were filtered out because they violated Gemini API's usage guidelines. You will not be charged for blocked videos. Try rephrasing the prompt. If you think this was an error, send feedback.
Traceback (most recent call last):
  File "C:\Project\CAP_2000_Vocab_Project\scripts\generate_all_scene_animations.py", line 164, in run_batch_animation_for_episode
    output_path = generate_scene_animation(ep_num, scene_id)
                  ^^^^^^^^^^^^^^^^^^^^^^^^^^^^^^^^^^^^^^^^^^
  File "C:\Project\CAP_2000_Vocab_Project\scripts\generate_scene_animation.py", line 400, in generate_scene_animation
    raise SceneAnimationError(format_result_policy_filtered(result))
generate_scene_animation.SceneAnimationError: ʵeͦ@~wAXvQAȺݤef/ϥάFLoA]S^iUvC
ĳBz覡G
1. sg animation promptAקKMIBˡBĬΨLiĲoFyz
2. CHjסA令󤤩ʡBоǦBũMʧ@
3. Yo scene @QסAOdRAϤAϥΰʵe
filtered_count=1
filtered_reasons=
1 videos were filtered out because they violated Gemini API's usage guidelines. You will not be charged for blocked videos. Try rephrasing the prompt. If you think this was an error, send feedback.

===== BATCH SCENE 11/14 | scene_id=20 =====
STEP A generate animation prompt scene_id=20
Generating safe animation prompt for Scene 20...
prompt_source=model
saved_to=C:\Project\CAP_2000_Vocab_Project\workspaces\vocab\Ep14_0231_0240\03_storyboards\storyboard.csv
A beautiful cartoon butterfly gently flutters and then softly lands on the colorful button displayed on the mannequin's shirt, its wings subtly adjusting. John and Mary observe with calm, friendly interest, their gentle gazes following the butterfly's graceful movement. A very subtle camera push-in carefully highlights the butterfly and the button, maintaining the educational focus, before a gentle pull back returns to the established wide shot, ensuring a continuous and serene learning atmosphere.
PROMPT RESULT scene_id=20 status=ok
STEP B generate animation video scene_id=20
STEP 1/4 validate inputs
scene_id=20
image_path=C:\Project\CAP_2000_Vocab_Project\workspaces\vocab\Ep14_0231_0240\04_images\ai_generated\img_335.22.png
output_path=C:\Project\CAP_2000_Vocab_Project\workspaces\vocab\Ep14_0231_0240\04_images\animations\scene_20__v01.mp4
duration_seconds=7
video_model=veo-2.0-generate-001
poll_seconds=10
person_generation=allow_adult
image_mime_type=image/png
image_size_bytes=2250760
prompt_length=503
prompt_preview=A beautiful cartoon butterfly gently flutters and then softly lands on the colorful button displayed on the mannequin's shirt, its wings subtly adjusting. John and Mary observe with calm, friendly interest, their gentle gazes following the butterfly's graceful movement. A very subtle camera push-in carefully highlights the butterfly and the button, maintaining the educational focus, before a gentle pull back returns to the established wide shot, ensuring a continuous and serene learning atmosphe
video_config={
  "http_options": null,
  "number_of_videos": 1,
  "output_gcs_uri": null,
  "fps": null,
  "duration_seconds": 7,
  "seed": null,
  "aspect_ratio": "16:9",
  "resolution": null,
  "person_generation": "allow_adult",
  "pubsub_topic": null,
  "negative_prompt": null,
  "enhance_prompt": null,
  "generate_audio": null,
  "last_frame": null,
  "reference_images": null,
  "mask": null,
  "compression_quality": null,
  "labels": null
}
STEP 2/4 submit image-to-video request
operation_submitted_done=None

===== DEBUG OPERATION [after_submit] =====
operation_type=<class 'google.genai.types.GenerateVideosOperation'>
operation_done=None
operation_name=models/veo-2.0-generate-001/operations/kj86tehgv7id
operation_id=None
operation_error=None
operation_metadata=null
operation_result_type=<class 'NoneType'>
operation_response_type=<class 'NoneType'>
operation_repr=GenerateVideosOperation(
  name='models/veo-2.0-generate-001/operations/kj86tehgv7id'
)
STEP 3/4 polling operation poll_count=1 wait_seconds=10
operation_status_done=None
operation_status_error=None
STEP 3/4 polling operation poll_count=2 wait_seconds=10
operation_status_done=None
operation_status_error=None
STEP 3/4 polling operation poll_count=3 wait_seconds=10
operation_status_done=None
operation_status_error=None
STEP 3/4 polling operation poll_count=4 wait_seconds=10
operation_status_done=None
operation_status_error=None
STEP 3/4 polling operation poll_count=5 wait_seconds=10
operation_status_done=True
operation_status_error=None

===== DEBUG OPERATION [after_polling_done] =====
operation_type=<class 'google.genai.types.GenerateVideosOperation'>
operation_done=True
operation_name=models/veo-2.0-generate-001/operations/kj86tehgv7id
operation_id=None
operation_error=None
operation_metadata=null
operation_result_type=<class 'google.genai.types.GenerateVideosResponse'>
operation_response_type=<class 'google.genai.types.GenerateVideosResponse'>
operation_repr=GenerateVideosOperation(
  done=True,
  name='models/veo-2.0-generate-001/operations/kj86tehgv7id',
  response=GenerateVideosResponse(
    generated_videos=[
      GeneratedVideo(
        video=Video(
          uri='https://generativelanguage.googleapis.com/v1beta/files/u530ounrcjal:download?alt=media'
        )
      ),
    ]
  ),
  result=GenerateVideosResponse(
    generated_videos=[
      GeneratedVideo(
        video=Video(
          uri='https://generativelanguage.googleapis.com/v1beta/files/u530ounrcjal:download?alt=media'
        )
      ),
    ]
  )
)

===== DEBUG RESULT [after_polling_done] =====
result_is_none=False
result_type=<class 'google.genai.types.GenerateVideosResponse'>
result_repr=GenerateVideosResponse(
  generated_videos=[
    GeneratedVideo(
      video=Video(
        uri='https://generativelanguage.googleapis.com/v1beta/files/u530ounrcjal:download?alt=media'
      )
    ),
  ]
)
result_json={
  "generated_videos": [
    {
      "video": {
        "uri": "https://generativelanguage.googleapis.com/v1beta/files/u530ounrcjal:download?alt=media",
        "video_bytes": null,
        "mime_type": null
      }
    }
  ],
  "rai_media_filtered_count": null,
  "rai_media_filtered_reasons": null
}
result_attrs=['construct', 'copy', 'dict', 'from_orm', 'generated_videos', 'json', 'model_computed_fields', 'model_config', 'model_construct', 'model_copy', 'model_dump', 'model_dump_json', 'model_extra', 'model_fields', 'model_fields_set', 'model_json_schema', 'model_parametrized_name', 'model_post_init', 'model_rebuild', 'model_validate', 'model_validate_json', 'model_validate_strings', 'parse_file', 'parse_obj', 'parse_raw', 'rai_media_filtered_count', 'rai_media_filtered_reasons', 'schema', 'schema_json', 'to_json_dict', 'update_forward_refs', 'validate']
generated_videos_exists=True
generated_videos_len=1
generated_video_0_type=<class 'google.genai.types.GeneratedVideo'>
generated_video_0_repr=GeneratedVideo(
  video=Video(
    uri='https://generativelanguage.googleapis.com/v1beta/files/u530ounrcjal:download?alt=media'
  )
)
generated_video_0_json={
  "video": {
    "uri": "https://generativelanguage.googleapis.com/v1beta/files/u530ounrcjal:download?alt=media",
    "video_bytes": null,
    "mime_type": null
  }
}
generated_video_0_video=Video(uri=https://generativelanguage.googleapis.com/v1beta/files/u530ounrcjal:download?alt=media, video_bytes=None, mime_type=None)
generated_video_0_uri=None
generated_video_0_name=None
STEP 4/4 download generated video

===== DEBUG DOWNLOAD TARGET =====
generated_video_type=<class 'google.genai.types.GeneratedVideo'>
generated_video_repr=GeneratedVideo(
  video=Video(
    uri='https://generativelanguage.googleapis.com/v1beta/files/u530ounrcjal:download?alt=media'
  )
)
generated_video_json={
  "video": {
    "uri": "https://generativelanguage.googleapis.com/v1beta/files/u530ounrcjal:download?alt=media",
    "video_bytes": null,
    "mime_type": null
  }
}
download_target_type=<class 'google.genai.types.Video'>
download_target_repr=Video(uri=https://generativelanguage.googleapis.com/v1beta/files/u530ounrcjal:download?alt=media, video_bytes=None, mime_type=None)
download_target_json={
  "uri": "https://generativelanguage.googleapis.com/v1beta/files/u530ounrcjal:download?alt=media",
  "video_bytes": null,
  "mime_type": null
}
raw_output_path=C:\Project\CAP_2000_Vocab_Project\workspaces\vocab\Ep14_0231_0240\04_images\animations\scene_20__v01__raw.mp4
raw_video_size_bytes=1553755
STEP 4.5/4 strip audio track from generated video
DONE animation generated
saved_to=C:\Project\CAP_2000_Vocab_Project\workspaces\vocab\Ep14_0231_0240\04_images\animations\scene_20__v01.mp4
DEFAULT RESULT scene_id=20 status=updated path=C:\Project\CAP_2000_Vocab_Project\workspaces\vocab\Ep14_0231_0240\04_images\animations\scene_20__v01.mp4
SCENE RESULT scene_id=20 status=ok path=C:\Project\CAP_2000_Vocab_Project\workspaces\vocab\Ep14_0231_0240\04_images\animations\scene_20__v01.mp4

===== BATCH SCENE 12/14 | scene_id=22 =====
STEP A generate animation prompt scene_id=22
Generating safe animation prompt for Scene 22...
SCENE RESULT scene_id=22 status=error error=Server disconnected without sending a response.
Traceback (most recent call last):
  File "C:\Users\User\AppData\Local\Programs\Python\Python311\Lib\site-packages\httpx\_transports\default.py", line 101, in map_httpcore_exceptions
    yield
  File "C:\Users\User\AppData\Local\Programs\Python\Python311\Lib\site-packages\httpx\_transports\default.py", line 250, in handle_request
    resp = self._pool.handle_request(req)
           ^^^^^^^^^^^^^^^^^^^^^^^^^^^^^^
  File "C:\Users\User\AppData\Local\Programs\Python\Python311\Lib\site-packages\httpcore\_sync\connection_pool.py", line 256, in handle_request
    raise exc from None
  File "C:\Users\User\AppData\Local\Programs\Python\Python311\Lib\site-packages\httpcore\_sync\connection_pool.py", line 236, in handle_request
    response = connection.handle_request(
               ^^^^^^^^^^^^^^^^^^^^^^^^^^
  File "C:\Users\User\AppData\Local\Programs\Python\Python311\Lib\site-packages\httpcore\_sync\connection.py", line 103, in handle_request
    return self._connection.handle_request(request)
           ^^^^^^^^^^^^^^^^^^^^^^^^^^^^^^^^^^^^^^^^
  File "C:\Users\User\AppData\Local\Programs\Python\Python311\Lib\site-packages\httpcore\_sync\http11.py", line 136, in handle_request
    raise exc
  File "C:\Users\User\AppData\Local\Programs\Python\Python311\Lib\site-packages\httpcore\_sync\http11.py", line 106, in handle_request
    ) = self._receive_response_headers(**kwargs)
        ^^^^^^^^^^^^^^^^^^^^^^^^^^^^^^^^^^^^^^^^
  File "C:\Users\User\AppData\Local\Programs\Python\Python311\Lib\site-packages\httpcore\_sync\http11.py", line 177, in _receive_response_headers
    event = self._receive_event(timeout=timeout)
            ^^^^^^^^^^^^^^^^^^^^^^^^^^^^^^^^^^^^
  File "C:\Users\User\AppData\Local\Programs\Python\Python311\Lib\site-packages\httpcore\_sync\http11.py", line 231, in _receive_event
    raise RemoteProtocolError(msg)
httpcore.RemoteProtocolError: Server disconnected without sending a response.

The above exception was the direct cause of the following exception:

Traceback (most recent call last):
  File "C:\Project\CAP_2000_Vocab_Project\scripts\generate_all_scene_animations.py", line 159, in run_batch_animation_for_episode
    generate_animation_prompt(ep_num, scene_id)
  File "C:\Project\CAP_2000_Vocab_Project\scripts\generate_animation_prompt.py", line 199, in generate_animation_prompt
    response = client.models.generate_content(
               ^^^^^^^^^^^^^^^^^^^^^^^^^^^^^^^
  File "C:\Users\User\AppData\Local\Programs\Python\Python311\Lib\site-packages\google\genai\models.py", line 6021, in generate_content
    response = self._generate_content(
               ^^^^^^^^^^^^^^^^^^^^^^^
  File "C:\Users\User\AppData\Local\Programs\Python\Python311\Lib\site-packages\google\genai\models.py", line 4683, in _generate_content
    response = self._api_client.request(
               ^^^^^^^^^^^^^^^^^^^^^^^^^
  File "C:\Users\User\AppData\Local\Programs\Python\Python311\Lib\site-packages\google\genai\_api_client.py", line 1532, in request
    response = self._request(http_request, http_options, stream=False)
               ^^^^^^^^^^^^^^^^^^^^^^^^^^^^^^^^^^^^^^^^^^^^^^^^^^^^^^^
  File "C:\Users\User\AppData\Local\Programs\Python\Python311\Lib\site-packages\google\genai\_api_client.py", line 1327, in _request
    return self._retry(self._request_once, http_request, stream)  # type: ignore[no-any-return]
           ^^^^^^^^^^^^^^^^^^^^^^^^^^^^^^^^^^^^^^^^^^^^^^^^^^^^^
  File "C:\Users\User\AppData\Local\Programs\Python\Python311\Lib\site-packages\tenacity\__init__.py", line 470, in __call__
    do = self.iter(retry_state=retry_state)
         ^^^^^^^^^^^^^^^^^^^^^^^^^^^^^^^^^^
  File "C:\Users\User\AppData\Local\Programs\Python\Python311\Lib\site-packages\tenacity\__init__.py", line 371, in iter
    result = action(retry_state)
             ^^^^^^^^^^^^^^^^^^^
  File "C:\Users\User\AppData\Local\Programs\Python\Python311\Lib\site-packages\tenacity\__init__.py", line 413, in exc_check
    raise retry_exc.reraise()
          ^^^^^^^^^^^^^^^^^^^
  File "C:\Users\User\AppData\Local\Programs\Python\Python311\Lib\site-packages\tenacity\__init__.py", line 184, in reraise
    raise self.last_attempt.result()
          ^^^^^^^^^^^^^^^^^^^^^^^^^^
  File "C:\Users\User\AppData\Local\Programs\Python\Python311\Lib\concurrent\futures\_base.py", line 449, in result
    return self.__get_result()
           ^^^^^^^^^^^^^^^^^^^
  File "C:\Users\User\AppData\Local\Programs\Python\Python311\Lib\concurrent\futures\_base.py", line 401, in __get_result
    raise self._exception
  File "C:\Users\User\AppData\Local\Programs\Python\Python311\Lib\site-packages\tenacity\__init__.py", line 473, in __call__
    result = fn(*args, **kwargs)
             ^^^^^^^^^^^^^^^^^^^
  File "C:\Users\User\AppData\Local\Programs\Python\Python311\Lib\site-packages\google\genai\_api_client.py", line 1303, in _request_once
    response = self._httpx_client.send(httpx_request, stream=stream)  # type: ignore[union-attr]
               ^^^^^^^^^^^^^^^^^^^^^^^^^^^^^^^^^^^^^^^^^^^^^^^^^^^^^
  File "C:\Users\User\AppData\Local\Programs\Python\Python311\Lib\site-packages\httpx\_client.py", line 914, in send
    response = self._send_handling_auth(
               ^^^^^^^^^^^^^^^^^^^^^^^^^
  File "C:\Users\User\AppData\Local\Programs\Python\Python311\Lib\site-packages\httpx\_client.py", line 942, in _send_handling_auth
    response = self._send_handling_redirects(
               ^^^^^^^^^^^^^^^^^^^^^^^^^^^^^^
  File "C:\Users\User\AppData\Local\Programs\Python\Python311\Lib\site-packages\httpx\_client.py", line 979, in _send_handling_redirects
    response = self._send_single_request(request)
               ^^^^^^^^^^^^^^^^^^^^^^^^^^^^^^^^^^
  File "C:\Users\User\AppData\Local\Programs\Python\Python311\Lib\site-packages\httpx\_client.py", line 1014, in _send_single_request
    response = transport.handle_request(request)
               ^^^^^^^^^^^^^^^^^^^^^^^^^^^^^^^^^
  File "C:\Users\User\AppData\Local\Programs\Python\Python311\Lib\site-packages\httpx\_transports\default.py", line 249, in handle_request
    with map_httpcore_exceptions():
  File "C:\Users\User\AppData\Local\Programs\Python\Python311\Lib\contextlib.py", line 158, in __exit__
    self.gen.throw(typ, value, traceback)
  File "C:\Users\User\AppData\Local\Programs\Python\Python311\Lib\site-packages\httpx\_transports\default.py", line 118, in map_httpcore_exceptions
    raise mapped_exc(message) from exc
httpx.RemoteProtocolError: Server disconnected without sending a response.

===== BATCH SCENE 13/14 | scene_id=24 =====
STEP A generate animation prompt scene_id=24
Generating safe animation prompt for Scene 24...
prompt_source=model
saved_to=C:\Project\CAP_2000_Vocab_Project\workspaces\vocab\Ep14_0231_0240\03_storyboards\storyboard.csv
A subtle camera slowly tracks forward, presenting John and Mary standing calmly beside a large screen. The screen softly highlights the vocabulary words with gentle checkmark animations. John and Mary exhibit mild, encouraging gestures of accomplishment, subtly looking towards the screen with expressions of quiet satisfaction. The scene maintains a peaceful educational atmosphere as the visual elements smoothly transition, preparing for the next segment.
PROMPT RESULT scene_id=24 status=ok
STEP B generate animation video scene_id=24
STEP 1/4 validate inputs
scene_id=24
image_path=C:\Project\CAP_2000_Vocab_Project\workspaces\vocab\Ep14_0231_0240\04_images\ai_generated\img_391.54.png
output_path=C:\Project\CAP_2000_Vocab_Project\workspaces\vocab\Ep14_0231_0240\04_images\animations\scene_24__v01.mp4
duration_seconds=8
video_model=veo-2.0-generate-001
poll_seconds=10
person_generation=allow_adult
image_mime_type=image/png
image_size_bytes=2092272
prompt_length=458
prompt_preview=A subtle camera slowly tracks forward, presenting John and Mary standing calmly beside a large screen. The screen softly highlights the vocabulary words with gentle checkmark animations. John and Mary exhibit mild, encouraging gestures of accomplishment, subtly looking towards the screen with expressions of quiet satisfaction. The scene maintains a peaceful educational atmosphere as the visual elements smoothly transition, preparing for the next segment.
video_config={
  "http_options": null,
  "number_of_videos": 1,
  "output_gcs_uri": null,
  "fps": null,
  "duration_seconds": 8,
  "seed": null,
  "aspect_ratio": "16:9",
  "resolution": null,
  "person_generation": "allow_adult",
  "pubsub_topic": null,
  "negative_prompt": null,
  "enhance_prompt": null,
  "generate_audio": null,
  "last_frame": null,
  "reference_images": null,
  "mask": null,
  "compression_quality": null,
  "labels": null
}
STEP 2/4 submit image-to-video request
operation_submitted_done=None

===== DEBUG OPERATION [after_submit] =====
operation_type=<class 'google.genai.types.GenerateVideosOperation'>
operation_done=None
operation_name=models/veo-2.0-generate-001/operations/w8bcvhr6dplk
operation_id=None
operation_error=None
operation_metadata=null
operation_result_type=<class 'NoneType'>
operation_response_type=<class 'NoneType'>
operation_repr=GenerateVideosOperation(
  name='models/veo-2.0-generate-001/operations/w8bcvhr6dplk'
)
STEP 3/4 polling operation poll_count=1 wait_seconds=10
operation_status_done=None
operation_status_error=None
STEP 3/4 polling operation poll_count=2 wait_seconds=10
operation_status_done=None
operation_status_error=None
STEP 3/4 polling operation poll_count=3 wait_seconds=10
operation_status_done=True
operation_status_error=None

===== DEBUG OPERATION [after_polling_done] =====
operation_type=<class 'google.genai.types.GenerateVideosOperation'>
operation_done=True
operation_name=models/veo-2.0-generate-001/operations/w8bcvhr6dplk
operation_id=None
operation_error=None
operation_metadata=null
operation_result_type=<class 'google.genai.types.GenerateVideosResponse'>
operation_response_type=<class 'google.genai.types.GenerateVideosResponse'>
operation_repr=GenerateVideosOperation(
  done=True,
  name='models/veo-2.0-generate-001/operations/w8bcvhr6dplk',
  response=GenerateVideosResponse(
    generated_videos=[
      GeneratedVideo(
        video=Video(
          uri='https://generativelanguage.googleapis.com/v1beta/files/okq7s8zd1m6k:download?alt=media'
        )
      ),
    ]
  ),
  result=GenerateVideosResponse(
    generated_videos=[
      GeneratedVideo(
        video=Video(
          uri='https://generativelanguage.googleapis.com/v1beta/files/okq7s8zd1m6k:download?alt=media'
        )
      ),
    ]
  )
)

===== DEBUG RESULT [after_polling_done] =====
result_is_none=False
result_type=<class 'google.genai.types.GenerateVideosResponse'>
result_repr=GenerateVideosResponse(
  generated_videos=[
    GeneratedVideo(
      video=Video(
        uri='https://generativelanguage.googleapis.com/v1beta/files/okq7s8zd1m6k:download?alt=media'
      )
    ),
  ]
)
result_json={
  "generated_videos": [
    {
      "video": {
        "uri": "https://generativelanguage.googleapis.com/v1beta/files/okq7s8zd1m6k:download?alt=media",
        "video_bytes": null,
        "mime_type": null
      }
    }
  ],
  "rai_media_filtered_count": null,
  "rai_media_filtered_reasons": null
}
result_attrs=['construct', 'copy', 'dict', 'from_orm', 'generated_videos', 'json', 'model_computed_fields', 'model_config', 'model_construct', 'model_copy', 'model_dump', 'model_dump_json', 'model_extra', 'model_fields', 'model_fields_set', 'model_json_schema', 'model_parametrized_name', 'model_post_init', 'model_rebuild', 'model_validate', 'model_validate_json', 'model_validate_strings', 'parse_file', 'parse_obj', 'parse_raw', 'rai_media_filtered_count', 'rai_media_filtered_reasons', 'schema', 'schema_json', 'to_json_dict', 'update_forward_refs', 'validate']
generated_videos_exists=True
generated_videos_len=1
generated_video_0_type=<class 'google.genai.types.GeneratedVideo'>
generated_video_0_repr=GeneratedVideo(
  video=Video(
    uri='https://generativelanguage.googleapis.com/v1beta/files/okq7s8zd1m6k:download?alt=media'
  )
)
generated_video_0_json={
  "video": {
    "uri": "https://generativelanguage.googleapis.com/v1beta/files/okq7s8zd1m6k:download?alt=media",
    "video_bytes": null,
    "mime_type": null
  }
}
generated_video_0_video=Video(uri=https://generativelanguage.googleapis.com/v1beta/files/okq7s8zd1m6k:download?alt=media, video_bytes=None, mime_type=None)
generated_video_0_uri=None
generated_video_0_name=None
STEP 4/4 download generated video

===== DEBUG DOWNLOAD TARGET =====
generated_video_type=<class 'google.genai.types.GeneratedVideo'>
generated_video_repr=GeneratedVideo(
  video=Video(
    uri='https://generativelanguage.googleapis.com/v1beta/files/okq7s8zd1m6k:download?alt=media'
  )
)
generated_video_json={
  "video": {
    "uri": "https://generativelanguage.googleapis.com/v1beta/files/okq7s8zd1m6k:download?alt=media",
    "video_bytes": null,
    "mime_type": null
  }
}
download_target_type=<class 'google.genai.types.Video'>
download_target_repr=Video(uri=https://generativelanguage.googleapis.com/v1beta/files/okq7s8zd1m6k:download?alt=media, video_bytes=None, mime_type=None)
download_target_json={
  "uri": "https://generativelanguage.googleapis.com/v1beta/files/okq7s8zd1m6k:download?alt=media",
  "video_bytes": null,
  "mime_type": null
}
raw_output_path=C:\Project\CAP_2000_Vocab_Project\workspaces\vocab\Ep14_0231_0240\04_images\animations\scene_24__v01__raw.mp4
raw_video_size_bytes=1833703
STEP 4.5/4 strip audio track from generated video
DONE animation generated
saved_to=C:\Project\CAP_2000_Vocab_Project\workspaces\vocab\Ep14_0231_0240\04_images\animations\scene_24__v01.mp4
DEFAULT RESULT scene_id=24 status=updated path=C:\Project\CAP_2000_Vocab_Project\workspaces\vocab\Ep14_0231_0240\04_images\animations\scene_24__v01.mp4
SCENE RESULT scene_id=24 status=ok path=C:\Project\CAP_2000_Vocab_Project\workspaces\vocab\Ep14_0231_0240\04_images\animations\scene_24__v01.mp4

===== BATCH SCENE 14/14 | scene_id=26 =====
STEP A generate animation prompt scene_id=26
Generating safe animation prompt for Scene 26...
prompt_source=model
saved_to=C:\Project\CAP_2000_Vocab_Project\workspaces\vocab\Ep14_0231_0240\03_storyboards\storyboard.csv
A gentle camera slowly zooms out as John and Mary offer subtle, friendly waves to the audience from their studio. John's messy brown hair sways slightly, and Mary's blonde pigtails move with her calm gestures. Social media icons for Like, Subscribe, and a Comment box smoothly animate onto the screen as graphic overlays, gently pulsing with an inviting glow. The soft studio lighting remains consistent, creating a warm, calm, and educational closing atmosphere.
PROMPT RESULT scene_id=26 status=ok
STEP B generate animation video scene_id=26
STEP 1/4 validate inputs
scene_id=26
image_path=C:\Project\CAP_2000_Vocab_Project\workspaces\vocab\Ep14_0231_0240\04_images\ai_generated\img_458.36.png
output_path=C:\Project\CAP_2000_Vocab_Project\workspaces\vocab\Ep14_0231_0240\04_images\animations\scene_26__v01.mp4
duration_seconds=8
video_model=veo-2.0-generate-001
poll_seconds=10
person_generation=allow_adult
image_mime_type=image/png
image_size_bytes=2370344
prompt_length=463
prompt_preview=A gentle camera slowly zooms out as John and Mary offer subtle, friendly waves to the audience from their studio. John's messy brown hair sways slightly, and Mary's blonde pigtails move with her calm gestures. Social media icons for Like, Subscribe, and a Comment box smoothly animate onto the screen as graphic overlays, gently pulsing with an inviting glow. The soft studio lighting remains consistent, creating a warm, calm, and educational closing atmosphere.
video_config={
  "http_options": null,
  "number_of_videos": 1,
  "output_gcs_uri": null,
  "fps": null,
  "duration_seconds": 8,
  "seed": null,
  "aspect_ratio": "16:9",
  "resolution": null,
  "person_generation": "allow_adult",
  "pubsub_topic": null,
  "negative_prompt": null,
  "enhance_prompt": null,
  "generate_audio": null,
  "last_frame": null,
  "reference_images": null,
  "mask": null,
  "compression_quality": null,
  "labels": null
}
STEP 2/4 submit image-to-video request
operation_submitted_done=None

===== DEBUG OPERATION [after_submit] =====
operation_type=<class 'google.genai.types.GenerateVideosOperation'>
operation_done=None
operation_name=models/veo-2.0-generate-001/operations/kvgdef93rjb1
operation_id=None
operation_error=None
operation_metadata=null
operation_result_type=<class 'NoneType'>
operation_response_type=<class 'NoneType'>
operation_repr=GenerateVideosOperation(
  name='models/veo-2.0-generate-001/operations/kvgdef93rjb1'
)
STEP 3/4 polling operation poll_count=1 wait_seconds=10
operation_status_done=True
operation_status_error={'code': 3, 'message': "The prompt could not be submitted. This prompt contains sensitive words that violate Google's Responsible AI practices. Try rephrasing your prompt, or contact your Google representative to request allowlisting."}

===== DEBUG OPERATION [after_polling_done] =====
operation_type=<class 'google.genai.types.GenerateVideosOperation'>
operation_done=True
operation_name=models/veo-2.0-generate-001/operations/kvgdef93rjb1
operation_id=None
operation_error={'code': 3, 'message': "The prompt could not be submitted. This prompt contains sensitive words that violate Google's Responsible AI practices. Try rephrasing your prompt, or contact your Google representative to request allowlisting."}
operation_metadata=null
operation_result_type=<class 'NoneType'>
operation_response_type=<class 'NoneType'>
operation_repr=GenerateVideosOperation(
  done=True,
  error={
    'code': 3,
    'message': "The prompt could not be submitted. This prompt contains sensitive words that violate Google's Responsible AI practices. Try rephrasing your prompt, or contact your Google representative to request allowlisting."
  },
  name='models/veo-2.0-generate-001/operations/kvgdef93rjb1'
)

===== DEBUG RESULT [after_polling_done] =====
result_is_none=True
result_type=<class 'NoneType'>
SCENE RESULT scene_id=26 status=error error=ʵeͦ@~wAAȺݦ^~C
operation_error={'code': 3, 'message': "The prompt could not be submitted. This prompt contains sensitive words that violate Google's Responsible AI practices. Try rephrasing your prompt, or contact your Google representative to request allowlisting."}
metadata=null
Traceback (most recent call last):
  File "C:\Project\CAP_2000_Vocab_Project\scripts\generate_all_scene_animations.py", line 164, in run_batch_animation_for_episode
    output_path = generate_scene_animation(ep_num, scene_id)
                  ^^^^^^^^^^^^^^^^^^^^^^^^^^^^^^^^^^^^^^^^^^
  File "C:\Project\CAP_2000_Vocab_Project\scripts\generate_scene_animation.py", line 389, in generate_scene_animation
    raise SceneAnimationError(format_operation_failure(operation, operation_error))
generate_scene_animation.SceneAnimationError: ʵeͦ@~wAAȺݦ^~C
operation_error={'code': 3, 'message': "The prompt could not be submitted. This prompt contains sensitive words that violate Google's Responsible AI practices. Try rephrasing your prompt, or contact your Google representative to request allowlisting."}
metadata=null

===== BATCH SUMMARY =====
total=14
prompt_success=13
animation_success=6
default_updated=6
skipped=0
failed=8
prompt_success_scene_ids=1,2,4,6,8,10,12,14,16,18,20,24,26
animation_success_scene_ids=2,4,8,14,20,24
default_updated_scene_ids=2,4,8,14,20,24
failed_scene scene_id=1 message=ʵeͦQAȺݦw]wפUGJϤ]tHyeAثeo image-to-video ]w\͡C
ĳBz覡G
1. ΤtMHyϤ
2. Χ󴫳oi scene 
3. o scene OdRAϤAϥΰʵe
error_code=3
error_message=The input image contains content that has been blocked by your current safety settings for person/face generation. If you think this was an error, send feedback.
failed_scene scene_id=6 message=ʵeͦ@~wAAȺݦ^~C
operation_error={'code': 3, 'message': "The prompt could not be submitted. This prompt contains sensitive words that violate Google's Responsible AI practices. Try rephrasing your prompt, or contact your Google representative to request allowlisting."}
metadata=null
failed_scene scene_id=10 message=ʵeͦ@~wAXvQAȺݤef/ϥάFLoA]S^iUvC
ĳBz覡G
1. sg animation promptAקKMIBˡBĬΨLiĲoFyz
2. CHjסA令󤤩ʡBоǦBũMʧ@
3. Yo scene @QסAOdRAϤAϥΰʵe
filtered_count=1
filtered_reasons=
1 videos were filtered out because they violated Gemini API's usage guidelines. You will not be charged for blocked videos. Try rephrasing the prompt. If you think this was an error, send feedback.
failed_scene scene_id=12 message=ʵeͦ@~wAXvQAȺݤef/ϥάFLoA]S^iUvC
ĳBz覡G
1. sg animation promptAקKMIBˡBĬΨLiĲoFyz
2. CHjסA令󤤩ʡBоǦBũMʧ@
3. Yo scene @QסAOdRAϤAϥΰʵe
filtered_count=1
filtered_reasons=
1 videos were filtered out because they violated Gemini API's usage guidelines. You will not be charged for blocked videos. Try rephrasing the prompt. If you think this was an error, send feedback.
failed_scene scene_id=16 message=ʵeͦ@~wAXvQAȺݤef/ϥάFLoA]S^iUvC
ĳBz覡G
1. sg animation promptAקKMIBˡBĬΨLiĲoFyz
2. CHjסA令󤤩ʡBоǦBũMʧ@
3. Yo scene @QסAOdRAϤAϥΰʵe
filtered_count=1
filtered_reasons=
1 videos were filtered out because they violated Gemini API's usage guidelines. You will not be charged for blocked videos. Try rephrasing the prompt. If you think this was an error, send feedback.
failed_scene scene_id=18 message=ʵeͦ@~wAXvQAȺݤef/ϥάFLoA]S^iUvC
ĳBz覡G
1. sg animation promptAקKMIBˡBĬΨLiĲoFyz
2. CHjסA令󤤩ʡBоǦBũMʧ@
3. Yo scene @QסAOdRAϤAϥΰʵe
filtered_count=1
filtered_reasons=
1 videos were filtered out because they violated Gemini API's usage guidelines. You will not be charged for blocked videos. Try rephrasing the prompt. If you think this was an error, send feedback.
failed_scene scene_id=22 message=unexpected error: Server disconnected without sending a response.
failed_scene scene_id=26 message=ʵeͦ@~wAAȺݦ^~C
operation_error={'code': 3, 'message': "The prompt could not be submitted. This prompt contains sensitive words that violate Google's Responsible AI practices. Try rephrasing your prompt, or contact your Google representative to request allowlisting."}
metadata=null
Batch completed with failures. Prompt generation and animation generation continued for later scenes.
===== BATCH ANIMATION END =====
[schedule] batch animation exit_code=1
[schedule] episode 14 failed stage 4.1 (error)
[power] Restored normal sleep policy: Scheduled stage 4.1 (sched_stage4_1_ep13_14_20260426_094420)
[schedule] finished status=error completed=[] failed=[13, 14]
==== END schedule:sched_stage4_1_ep13_14_20260426_094420 | schedule:sched_stage4_1_ep13_14_20260426_094420 | 2026-04-26 10:10:41 ===
